year,state,age_group,sex,n_alc_att,total_n,pct_alc_attributable
2010,Alabama,0-14,Female,0,21,0
2010,Alabama,0-14,Male,0,18,0
2010,Alabama,15–19,Female,3,44,0.06818181818181818
2010,Alabama,15–19,Male,1,45,0.022222222222222223
2010,Alabama,20–24,Female,3,24,0.125
2010,Alabama,20–24,Male,24,80,0.3
2010,Alabama,25–34,Female,8,45,0.17777777777777778
2010,Alabama,25–34,Male,32,112,0.2857142857142857
2010,Alabama,35–44,Female,8,36,0.2222222222222222
2010,Alabama,35–44,Male,34,93,0.3655913978494624
2010,Alabama,45-54,Female,5,37,0.13513513513513514
2010,Alabama,45-54,Male,19,83,0.2289156626506024
2010,Alabama,55-64,Female,0,25,0
2010,Alabama,55-64,Male,17,79,0.21518987341772153
2010,Alabama,65+,Female,1,53,0.018867924528301886
2010,Alabama,65+,Male,2,65,0.03076923076923077
2010,Alaska,0-14,Female,0,3,0
2010,Alaska,0-14,Male,0,1,0
2010,Alaska,15–19,Female,1,3,0.3333333333333333
2010,Alaska,15–19,Male,0,3,0
2010,Alaska,20–24,Female,0,2,0
2010,Alaska,20–24,Male,1,4,0.25
2010,Alaska,25–34,Female,0,2,0
2010,Alaska,25–34,Male,1,3,0.3333333333333333
2010,Alaska,35–44,Female,1,2,0.5
2010,Alaska,35–44,Male,2,5,0.4
2010,Alaska,45-54,Female,1,2,0.5
2010,Alaska,45-54,Male,2,7,0.2857142857142857
2010,Alaska,55-64,Female,0,2,0
2010,Alaska,55-64,Male,5,9,0.5555555555555556
2010,Alaska,65+,Female,0,0,NA
2010,Alaska,65+,Male,0,8,0
2010,Arizona,0-14,Female,0,12,0
2010,Arizona,0-14,Male,2,20,0.1
2010,Arizona,15–19,Female,1,8,0.125
2010,Arizona,15–19,Male,10,36,0.2777777777777778
2010,Arizona,20–24,Female,3,14,0.21428571428571427
2010,Arizona,20–24,Male,27,61,0.4426229508196721
2010,Arizona,25–34,Female,11,42,0.2619047619047619
2010,Arizona,25–34,Male,21,89,0.23595505617977527
2010,Arizona,35–44,Female,5,30,0.16666666666666666
2010,Arizona,35–44,Male,25,81,0.30864197530864196
2010,Arizona,45-54,Female,7,34,0.20588235294117646
2010,Arizona,45-54,Male,27,76,0.35526315789473684
2010,Arizona,55-64,Female,4,37,0.10810810810810811
2010,Arizona,55-64,Male,16,76,0.21052631578947367
2010,Arizona,65+,Female,0,61,0
2010,Arizona,65+,Male,11,80,0.1375
2010,Arkansas,0-14,Female,0,10,0
2010,Arkansas,0-14,Male,0,4,0
2010,Arkansas,15–19,Female,1,14,0.07142857142857142
2010,Arkansas,15–19,Male,4,30,0.13333333333333333
2010,Arkansas,20–24,Female,5,22,0.22727272727272727
2010,Arkansas,20–24,Male,25,63,0.3968253968253968
2010,Arkansas,25–34,Female,7,24,0.2916666666666667
2010,Arkansas,25–34,Male,38,97,0.3917525773195876
2010,Arkansas,35–44,Female,6,15,0.4
2010,Arkansas,35–44,Male,23,48,0.4791666666666667
2010,Arkansas,45-54,Female,3,24,0.125
2010,Arkansas,45-54,Male,31,74,0.4189189189189189
2010,Arkansas,55-64,Female,0,12,0
2010,Arkansas,55-64,Male,11,52,0.21153846153846154
2010,Arkansas,65+,Female,0,30,0
2010,Arkansas,65+,Male,1,52,0.019230769230769232
2010,California,0-14,Female,0,33,0
2010,California,0-14,Male,1,49,0.02040816326530612
2010,California,15–19,Female,7,62,0.11290322580645161
2010,California,15–19,Male,35,135,0.25925925925925924
2010,California,20–24,Female,22,76,0.2894736842105263
2010,California,20–24,Male,117,279,0.41935483870967744
2010,California,25–34,Female,36,111,0.32432432432432434
2010,California,25–34,Male,159,337,0.47181008902077154
2010,California,35–44,Female,24,103,0.23300970873786409
2010,California,35–44,Male,102,268,0.3805970149253731
2010,California,45-54,Female,25,120,0.20833333333333334
2010,California,45-54,Male,109,314,0.3471337579617834
2010,California,55-64,Female,13,107,0.12149532710280374
2010,California,55-64,Male,64,249,0.2570281124497992
2010,California,65+,Female,3,187,0.016042780748663103
2010,California,65+,Male,17,283,0.06007067137809187
2010,Colorado,0-14,Female,0,8,0
2010,Colorado,0-14,Male,0,9,0
2010,Colorado,15–19,Female,3,15,0.2
2010,Colorado,15–19,Male,2,24,0.08333333333333333
2010,Colorado,20–24,Female,2,16,0.125
2010,Colorado,20–24,Male,18,43,0.4186046511627907
2010,Colorado,25–34,Female,6,21,0.2857142857142857
2010,Colorado,25–34,Male,23,54,0.42592592592592593
2010,Colorado,35–44,Female,3,20,0.15
2010,Colorado,35–44,Male,14,38,0.3684210526315789
2010,Colorado,45-54,Female,5,18,0.2777777777777778
2010,Colorado,45-54,Male,15,52,0.28846153846153844
2010,Colorado,55-64,Female,1,20,0.05
2010,Colorado,55-64,Male,7,47,0.14893617021276595
2010,Colorado,65+,Female,0,26,0
2010,Colorado,65+,Male,2,39,0.05128205128205128
2010,Connecticut,0-14,Female,0,1,0
2010,Connecticut,0-14,Male,0,4,0
2010,Connecticut,15–19,Female,1,7,0.14285714285714285
2010,Connecticut,15–19,Male,4,20,0.2
2010,Connecticut,20–24,Female,4,8,0.5
2010,Connecticut,20–24,Male,20,43,0.46511627906976744
2010,Connecticut,25–34,Female,5,13,0.38461538461538464
2010,Connecticut,25–34,Male,16,43,0.37209302325581395
2010,Connecticut,35–44,Female,2,12,0.16666666666666666
2010,Connecticut,35–44,Male,15,32,0.46875
2010,Connecticut,45-54,Female,2,9,0.2222222222222222
2010,Connecticut,45-54,Male,17,43,0.3953488372093023
2010,Connecticut,55-64,Female,1,11,0.09090909090909091
2010,Connecticut,55-64,Male,4,22,0.18181818181818182
2010,Connecticut,65+,Female,0,22,0
2010,Connecticut,65+,Male,1,30,0.03333333333333333
2010,Delaware,0-14,Female,0,2,0
2010,Delaware,0-14,Male,0,2,0
2010,Delaware,15–19,Female,0,5,0
2010,Delaware,15–19,Male,0,5,0
2010,Delaware,20–24,Female,3,7,0.42857142857142855
2010,Delaware,20–24,Male,5,7,0.7142857142857143
2010,Delaware,25–34,Female,1,6,0.16666666666666666
2010,Delaware,25–34,Male,5,13,0.38461538461538464
2010,Delaware,35–44,Female,2,6,0.3333333333333333
2010,Delaware,35–44,Male,1,9,0.1111111111111111
2010,Delaware,45-54,Female,2,5,0.4
2010,Delaware,45-54,Male,3,13,0.23076923076923078
2010,Delaware,55-64,Female,0,4,0
2010,Delaware,55-64,Male,1,4,0.25
2010,Delaware,65+,Female,0,1,0
2010,Delaware,65+,Male,2,12,0.16666666666666666
2010,District of Columbia,0-14,Female,0,0,NA
2010,District of Columbia,0-14,Male,0,2,0
2010,District of Columbia,15–19,Female,0,0,NA
2010,District of Columbia,15–19,Male,0,0,NA
2010,District of Columbia,20–24,Female,1,1,1
2010,District of Columbia,20–24,Male,2,3,0.6666666666666666
2010,District of Columbia,25–34,Female,0,3,0
2010,District of Columbia,25–34,Male,1,4,0.25
2010,District of Columbia,35–44,Female,0,2,0
2010,District of Columbia,35–44,Male,0,2,0
2010,District of Columbia,45-54,Female,0,1,0
2010,District of Columbia,45-54,Male,0,0,NA
2010,District of Columbia,55-64,Female,0,1,0
2010,District of Columbia,55-64,Male,1,1,1
2010,District of Columbia,65+,Female,0,2,0
2010,District of Columbia,65+,Male,0,2,0
2010,Florida,0-14,Female,0,35,0
2010,Florida,0-14,Male,0,39,0
2010,Florida,15–19,Female,4,49,0.08163265306122448
2010,Florida,15–19,Male,21,129,0.16279069767441862
2010,Florida,20–24,Female,13,76,0.17105263157894737
2010,Florida,20–24,Male,60,203,0.2955665024630542
2010,Florida,25–34,Female,23,85,0.27058823529411763
2010,Florida,25–34,Male,133,338,0.39349112426035504
2010,Florida,35–44,Female,24,96,0.25
2010,Florida,35–44,Male,68,207,0.3285024154589372
2010,Florida,45-54,Female,16,116,0.13793103448275862
2010,Florida,45-54,Male,89,256,0.34765625
2010,Florida,55-64,Female,12,90,0.13333333333333333
2010,Florida,55-64,Male,62,226,0.2743362831858407
2010,Florida,65+,Female,3,196,0.015306122448979591
2010,Florida,65+,Male,21,301,0.06976744186046512
2010,Georgia,0-14,Female,0,26,0
2010,Georgia,0-14,Male,0,42,0
2010,Georgia,15–19,Female,2,33,0.06060606060606061
2010,Georgia,15–19,Male,8,78,0.10256410256410256
2010,Georgia,20–24,Female,9,29,0.3103448275862069
2010,Georgia,20–24,Male,29,99,0.29292929292929293
2010,Georgia,25–34,Female,6,45,0.13333333333333333
2010,Georgia,25–34,Male,41,139,0.2949640287769784
2010,Georgia,35–44,Female,5,46,0.10869565217391304
2010,Georgia,35–44,Male,34,114,0.2982456140350877
2010,Georgia,45-54,Female,10,51,0.19607843137254902
2010,Georgia,45-54,Male,39,146,0.2671232876712329
2010,Georgia,55-64,Female,0,51,0
2010,Georgia,55-64,Male,24,126,0.19047619047619047
2010,Georgia,65+,Female,0,86,0
2010,Georgia,65+,Male,6,131,0.04580152671755725
2010,Hawaii,0-14,Female,0,0,NA
2010,Hawaii,0-14,Male,0,3,0
2010,Hawaii,15–19,Female,1,4,0.25
2010,Hawaii,15–19,Male,1,6,0.16666666666666666
2010,Hawaii,20–24,Female,2,4,0.5
2010,Hawaii,20–24,Male,8,15,0.5333333333333333
2010,Hawaii,25–34,Female,2,4,0.5
2010,Hawaii,25–34,Male,5,15,0.3333333333333333
2010,Hawaii,35–44,Female,0,2,0
2010,Hawaii,35–44,Male,9,13,0.6923076923076923
2010,Hawaii,45-54,Female,0,2,0
2010,Hawaii,45-54,Male,5,15,0.3333333333333333
2010,Hawaii,55-64,Female,0,3,0
2010,Hawaii,55-64,Male,2,5,0.4
2010,Hawaii,65+,Female,0,13,0
2010,Hawaii,65+,Male,1,9,0.1111111111111111
2010,Idaho,0-14,Female,0,7,0
2010,Idaho,0-14,Male,0,7,0
2010,Idaho,15–19,Female,2,9,0.2222222222222222
2010,Idaho,15–19,Male,4,16,0.25
2010,Idaho,20–24,Female,6,15,0.4
2010,Idaho,20–24,Male,4,17,0.23529411764705882
2010,Idaho,25–34,Female,3,12,0.25
2010,Idaho,25–34,Male,9,19,0.47368421052631576
2010,Idaho,35–44,Female,1,4,0.25
2010,Idaho,35–44,Male,6,18,0.3333333333333333
2010,Idaho,45-54,Female,4,9,0.4444444444444444
2010,Idaho,45-54,Male,8,20,0.4
2010,Idaho,55-64,Female,0,8,0
2010,Idaho,55-64,Male,5,19,0.2631578947368421
2010,Idaho,65+,Female,0,9,0
2010,Idaho,65+,Male,3,20,0.15
2010,Illinois,0-14,Female,0,10,0
2010,Illinois,0-14,Male,0,18,0
2010,Illinois,15–19,Female,3,34,0.08823529411764706
2010,Illinois,15–19,Male,4,57,0.07017543859649122
2010,Illinois,20–24,Female,15,35,0.42857142857142855
2010,Illinois,20–24,Male,38,84,0.4523809523809524
2010,Illinois,25–34,Female,17,43,0.3953488372093023
2010,Illinois,25–34,Male,77,144,0.5347222222222222
2010,Illinois,35–44,Female,11,40,0.275
2010,Illinois,35–44,Male,25,71,0.352112676056338
2010,Illinois,45-54,Female,7,35,0.2
2010,Illinois,45-54,Male,32,108,0.2962962962962963
2010,Illinois,55-64,Female,3,36,0.08333333333333333
2010,Illinois,55-64,Male,19,71,0.2676056338028169
2010,Illinois,65+,Female,2,57,0.03508771929824561
2010,Illinois,65+,Male,5,83,0.060240963855421686
2010,Indiana,0-14,Female,0,10,0
2010,Indiana,0-14,Male,0,19,0
2010,Indiana,15–19,Female,1,25,0.04
2010,Indiana,15–19,Male,8,58,0.13793103448275862
2010,Indiana,20–24,Female,4,20,0.2
2010,Indiana,20–24,Male,18,64,0.28125
2010,Indiana,25–34,Female,6,33,0.18181818181818182
2010,Indiana,25–34,Male,18,73,0.2465753424657534
2010,Indiana,35–44,Female,3,20,0.15
2010,Indiana,35–44,Male,28,90,0.3111111111111111
2010,Indiana,45-54,Female,2,30,0.06666666666666667
2010,Indiana,45-54,Male,25,94,0.26595744680851063
2010,Indiana,55-64,Female,0,16,0
2010,Indiana,55-64,Male,10,64,0.15625
2010,Indiana,65+,Female,0,66,0
2010,Indiana,65+,Male,3,72,0.041666666666666664
2010,Iowa,0-14,Female,0,8,0
2010,Iowa,0-14,Male,0,9,0
2010,Iowa,15–19,Female,0,16,0
2010,Iowa,15–19,Male,2,23,0.08695652173913043
2010,Iowa,20–24,Female,2,14,0.14285714285714285
2010,Iowa,20–24,Male,3,32,0.09375
2010,Iowa,25–34,Female,2,10,0.2
2010,Iowa,25–34,Male,7,46,0.15217391304347827
2010,Iowa,35–44,Female,0,12,0
2010,Iowa,35–44,Male,7,36,0.19444444444444445
2010,Iowa,45-54,Female,1,14,0.07142857142857142
2010,Iowa,45-54,Male,5,40,0.125
2010,Iowa,55-64,Female,0,14,0
2010,Iowa,55-64,Male,3,48,0.0625
2010,Iowa,65+,Female,0,25,0
2010,Iowa,65+,Male,1,43,0.023255813953488372
2010,Kansas,0-14,Female,0,12,0
2010,Kansas,0-14,Male,0,11,0
2010,Kansas,15–19,Female,1,18,0.05555555555555555
2010,Kansas,15–19,Male,3,29,0.10344827586206896
2010,Kansas,20–24,Female,2,16,0.125
2010,Kansas,20–24,Male,14,41,0.34146341463414637
2010,Kansas,25–34,Female,1,12,0.08333333333333333
2010,Kansas,25–34,Male,24,55,0.43636363636363634
2010,Kansas,35–44,Female,3,18,0.16666666666666666
2010,Kansas,35–44,Male,12,30,0.4
2010,Kansas,45-54,Female,1,10,0.1
2010,Kansas,45-54,Male,17,49,0.3469387755102041
2010,Kansas,55-64,Female,3,13,0.23076923076923078
2010,Kansas,55-64,Male,7,37,0.1891891891891892
2010,Kansas,65+,Female,0,34,0
2010,Kansas,65+,Male,3,46,0.06521739130434782
2010,Kentucky,0-14,Female,0,18,0
2010,Kentucky,0-14,Male,0,24,0
2010,Kentucky,15–19,Female,2,24,0.08333333333333333
2010,Kentucky,15–19,Male,3,37,0.08108108108108109
2010,Kentucky,20–24,Female,5,28,0.17857142857142858
2010,Kentucky,20–24,Male,12,53,0.22641509433962265
2010,Kentucky,25–34,Female,6,41,0.14634146341463414
2010,Kentucky,25–34,Male,29,92,0.31521739130434784
2010,Kentucky,35–44,Female,9,33,0.2727272727272727
2010,Kentucky,35–44,Male,29,87,0.3333333333333333
2010,Kentucky,45-54,Female,3,38,0.07894736842105263
2010,Kentucky,45-54,Male,17,88,0.19318181818181818
2010,Kentucky,55-64,Female,2,20,0.1
2010,Kentucky,55-64,Male,7,55,0.12727272727272726
2010,Kentucky,65+,Female,2,42,0.047619047619047616
2010,Kentucky,65+,Male,2,80,0.025
2010,Louisiana,0-14,Female,0,13,0
2010,Louisiana,0-14,Male,0,26,0
2010,Louisiana,15–19,Female,2,26,0.07692307692307693
2010,Louisiana,15–19,Male,8,46,0.17391304347826086
2010,Louisiana,20–24,Female,3,16,0.1875
2010,Louisiana,20–24,Male,20,63,0.31746031746031744
2010,Louisiana,25–34,Female,7,33,0.21212121212121213
2010,Louisiana,25–34,Male,31,112,0.2767857142857143
2010,Louisiana,35–44,Female,10,37,0.2702702702702703
2010,Louisiana,35–44,Male,23,86,0.26744186046511625
2010,Louisiana,45-54,Female,5,28,0.17857142857142858
2010,Louisiana,45-54,Male,21,98,0.21428571428571427
2010,Louisiana,55-64,Female,1,21,0.047619047619047616
2010,Louisiana,55-64,Male,8,54,0.14814814814814814
2010,Louisiana,65+,Female,0,21,0
2010,Louisiana,65+,Male,0,38,0
2010,Maine,0-14,Female,0,2,0
2010,Maine,0-14,Male,0,2,0
2010,Maine,15–19,Female,1,6,0.16666666666666666
2010,Maine,15–19,Male,1,15,0.06666666666666667
2010,Maine,20–24,Female,1,7,0.14285714285714285
2010,Maine,20–24,Male,7,17,0.4117647058823529
2010,Maine,25–34,Female,0,7,0
2010,Maine,25–34,Male,10,19,0.5263157894736842
2010,Maine,35–44,Female,0,4,0
2010,Maine,35–44,Male,2,5,0.4
2010,Maine,45-54,Female,2,7,0.2857142857142857
2010,Maine,45-54,Male,4,18,0.2222222222222222
2010,Maine,55-64,Female,1,8,0.125
2010,Maine,55-64,Male,2,11,0.18181818181818182
2010,Maine,65+,Female,0,12,0
2010,Maine,65+,Male,0,21,0
2010,Maryland,0-14,Female,0,3,0
2010,Maryland,0-14,Male,0,9,0
2010,Maryland,15–19,Female,2,7,0.2857142857142857
2010,Maryland,15–19,Male,5,29,0.1724137931034483
2010,Maryland,20–24,Female,3,12,0.25
2010,Maryland,20–24,Male,15,56,0.26785714285714285
2010,Maryland,25–34,Female,5,21,0.23809523809523808
2010,Maryland,25–34,Male,32,77,0.4155844155844156
2010,Maryland,35–44,Female,4,14,0.2857142857142857
2010,Maryland,35–44,Male,18,53,0.33962264150943394
2010,Maryland,45-54,Female,7,18,0.3888888888888889
2010,Maryland,45-54,Male,22,60,0.36666666666666664
2010,Maryland,55-64,Female,2,13,0.15384615384615385
2010,Maryland,55-64,Male,8,40,0.2
2010,Maryland,65+,Female,0,38,0
2010,Maryland,65+,Male,4,42,0.09523809523809523
2010,Massachusetts,0-14,Female,0,4,0
2010,Massachusetts,0-14,Male,0,0,NA
2010,Massachusetts,15–19,Female,1,3,0.3333333333333333
2010,Massachusetts,15–19,Male,7,21,0.3333333333333333
2010,Massachusetts,20–24,Female,5,15,0.3333333333333333
2010,Massachusetts,20–24,Male,11,43,0.2558139534883721
2010,Massachusetts,25–34,Female,2,15,0.13333333333333333
2010,Massachusetts,25–34,Male,15,43,0.3488372093023256
2010,Massachusetts,35–44,Female,1,7,0.14285714285714285
2010,Massachusetts,35–44,Male,9,27,0.3333333333333333
2010,Massachusetts,45-54,Female,4,12,0.3333333333333333
2010,Massachusetts,45-54,Male,7,37,0.1891891891891892
2010,Massachusetts,55-64,Female,0,9,0
2010,Massachusetts,55-64,Male,8,41,0.1951219512195122
2010,Massachusetts,65+,Female,1,30,0.03333333333333333
2010,Massachusetts,65+,Male,1,38,0.02631578947368421
2010,Michigan,0-14,Female,0,18,0
2010,Michigan,0-14,Male,0,12,0
2010,Michigan,15–19,Female,2,41,0.04878048780487805
2010,Michigan,15–19,Male,6,51,0.11764705882352941
2010,Michigan,20–24,Female,4,28,0.14285714285714285
2010,Michigan,20–24,Male,23,73,0.3150684931506849
2010,Michigan,25–34,Female,10,44,0.22727272727272727
2010,Michigan,25–34,Male,37,96,0.3854166666666667
2010,Michigan,35–44,Female,4,29,0.13793103448275862
2010,Michigan,35–44,Male,33,87,0.3793103448275862
2010,Michigan,45-54,Female,5,42,0.11904761904761904
2010,Michigan,45-54,Male,39,127,0.30708661417322836
2010,Michigan,55-64,Female,0,24,0
2010,Michigan,55-64,Male,11,94,0.11702127659574468
2010,Michigan,65+,Female,0,78,0
2010,Michigan,65+,Male,1,98,0.01020408163265306
2010,Minnesota,0-14,Female,0,8,0
2010,Minnesota,0-14,Male,0,12,0
2010,Minnesota,15–19,Female,5,12,0.4166666666666667
2010,Minnesota,15–19,Male,2,29,0.06896551724137931
2010,Minnesota,20–24,Female,5,14,0.35714285714285715
2010,Minnesota,20–24,Male,19,38,0.5
2010,Minnesota,25–34,Female,4,24,0.16666666666666666
2010,Minnesota,25–34,Male,19,41,0.4634146341463415
2010,Minnesota,35–44,Female,7,20,0.35
2010,Minnesota,35–44,Male,12,28,0.42857142857142855
2010,Minnesota,45-54,Female,4,16,0.25
2010,Minnesota,45-54,Male,17,40,0.425
2010,Minnesota,55-64,Female,0,14,0
2010,Minnesota,55-64,Male,9,43,0.20930232558139536
2010,Minnesota,65+,Female,0,36,0
2010,Minnesota,65+,Male,0,36,0
2010,Mississippi,0-14,Female,0,11,0
2010,Mississippi,0-14,Male,0,17,0
2010,Mississippi,15–19,Female,2,20,0.1
2010,Mississippi,15–19,Male,5,33,0.15151515151515152
2010,Mississippi,20–24,Female,2,20,0.1
2010,Mississippi,20–24,Male,12,51,0.23529411764705882
2010,Mississippi,25–34,Female,7,40,0.175
2010,Mississippi,25–34,Male,27,78,0.34615384615384615
2010,Mississippi,35–44,Female,5,22,0.22727272727272727
2010,Mississippi,35–44,Male,21,72,0.2916666666666667
2010,Mississippi,45-54,Female,3,33,0.09090909090909091
2010,Mississippi,45-54,Male,21,78,0.2692307692307692
2010,Mississippi,55-64,Female,2,26,0.07692307692307693
2010,Mississippi,55-64,Male,9,55,0.16363636363636364
2010,Mississippi,65+,Female,3,37,0.08108108108108109
2010,Mississippi,65+,Male,2,48,0.041666666666666664
2010,Missouri,0-14,Female,0,9,0
2010,Missouri,0-14,Male,0,16,0
2010,Missouri,15–19,Female,4,34,0.11764705882352941
2010,Missouri,15–19,Male,4,40,0.1
2010,Missouri,20–24,Female,3,22,0.13636363636363635
2010,Missouri,20–24,Male,25,75,0.3333333333333333
2010,Missouri,25–34,Female,6,30,0.2
2010,Missouri,25–34,Male,38,103,0.36893203883495146
2010,Missouri,35–44,Female,6,35,0.17142857142857143
2010,Missouri,35–44,Male,46,81,0.5679012345679012
2010,Missouri,45-54,Female,10,41,0.24390243902439024
2010,Missouri,45-54,Male,26,100,0.26
2010,Missouri,55-64,Female,3,23,0.13043478260869565
2010,Missouri,55-64,Male,15,66,0.22727272727272727
2010,Missouri,65+,Female,1,58,0.017241379310344827
2010,Missouri,65+,Male,5,88,0.056818181818181816
2010,Montana,0-14,Female,0,4,0
2010,Montana,0-14,Male,0,6,0
2010,Montana,15–19,Female,1,12,0.08333333333333333
2010,Montana,15–19,Male,5,12,0.4166666666666667
2010,Montana,20–24,Female,7,8,0.875
2010,Montana,20–24,Male,10,17,0.5882352941176471
2010,Montana,25–34,Female,5,10,0.5
2010,Montana,25–34,Male,13,20,0.65
2010,Montana,35–44,Female,2,4,0.5
2010,Montana,35–44,Male,12,16,0.75
2010,Montana,45-54,Female,0,5,0
2010,Montana,45-54,Male,6,16,0.375
2010,Montana,55-64,Female,0,12,0
2010,Montana,55-64,Male,2,13,0.15384615384615385
2010,Montana,65+,Female,0,12,0
2010,Montana,65+,Male,4,22,0.18181818181818182
2010,Nebraska,0-14,Female,0,6,0
2010,Nebraska,0-14,Male,0,5,0
2010,Nebraska,15–19,Female,1,5,0.2
2010,Nebraska,15–19,Male,0,14,0
2010,Nebraska,20–24,Female,1,7,0.14285714285714285
2010,Nebraska,20–24,Male,6,17,0.35294117647058826
2010,Nebraska,25–34,Female,2,10,0.2
2010,Nebraska,25–34,Male,5,22,0.22727272727272727
2010,Nebraska,35–44,Female,4,9,0.4444444444444444
2010,Nebraska,35–44,Male,2,10,0.2
2010,Nebraska,45-54,Female,2,10,0.2
2010,Nebraska,45-54,Male,4,18,0.2222222222222222
2010,Nebraska,55-64,Female,0,3,0
2010,Nebraska,55-64,Male,4,18,0.2222222222222222
2010,Nebraska,65+,Female,0,18,0
2010,Nebraska,65+,Male,0,18,0
2010,Nevada,0-14,Female,0,2,0
2010,Nevada,0-14,Male,0,5,0
2010,Nevada,15–19,Female,1,9,0.1111111111111111
2010,Nevada,15–19,Male,1,6,0.16666666666666666
2010,Nevada,20–24,Female,1,5,0.2
2010,Nevada,20–24,Male,9,19,0.47368421052631576
2010,Nevada,25–34,Female,5,16,0.3125
2010,Nevada,25–34,Male,7,17,0.4117647058823529
2010,Nevada,35–44,Female,3,12,0.25
2010,Nevada,35–44,Male,15,36,0.4166666666666667
2010,Nevada,45-54,Female,1,7,0.14285714285714285
2010,Nevada,45-54,Male,10,33,0.30303030303030304
2010,Nevada,55-64,Female,2,8,0.25
2010,Nevada,55-64,Male,4,29,0.13793103448275862
2010,Nevada,65+,Female,0,24,0
2010,Nevada,65+,Male,3,29,0.10344827586206896
2010,New Hampshire,0-14,Female,0,1,0
2010,New Hampshire,0-14,Male,0,0,NA
2010,New Hampshire,15–19,Female,1,4,0.25
2010,New Hampshire,15–19,Male,2,9,0.2222222222222222
2010,New Hampshire,20–24,Female,1,2,0.5
2010,New Hampshire,20–24,Male,5,14,0.35714285714285715
2010,New Hampshire,25–34,Female,1,4,0.25
2010,New Hampshire,25–34,Male,9,17,0.5294117647058824
2010,New Hampshire,35–44,Female,1,3,0.3333333333333333
2010,New Hampshire,35–44,Male,2,14,0.14285714285714285
2010,New Hampshire,45-54,Female,3,9,0.3333333333333333
2010,New Hampshire,45-54,Male,6,7,0.8571428571428571
2010,New Hampshire,55-64,Female,0,8,0
2010,New Hampshire,55-64,Male,2,12,0.16666666666666666
2010,New Hampshire,65+,Female,0,10,0
2010,New Hampshire,65+,Male,3,14,0.21428571428571427
2010,New Jersey,0-14,Female,0,2,0
2010,New Jersey,0-14,Male,0,9,0
2010,New Jersey,15–19,Female,3,10,0.3
2010,New Jersey,15–19,Male,5,27,0.18518518518518517
2010,New Jersey,20–24,Female,4,15,0.26666666666666666
2010,New Jersey,20–24,Male,18,54,0.3333333333333333
2010,New Jersey,25–34,Female,4,22,0.18181818181818182
2010,New Jersey,25–34,Male,40,76,0.5263157894736842
2010,New Jersey,35–44,Female,8,27,0.2962962962962963
2010,New Jersey,35–44,Male,21,52,0.40384615384615385
2010,New Jersey,45-54,Female,1,19,0.05263157894736842
2010,New Jersey,45-54,Male,14,48,0.2916666666666667
2010,New Jersey,55-64,Female,1,16,0.0625
2010,New Jersey,55-64,Male,8,42,0.19047619047619047
2010,New Jersey,65+,Female,1,58,0.017241379310344827
2010,New Jersey,65+,Male,3,78,0.038461538461538464
2010,New Mexico,0-14,Female,0,8,0
2010,New Mexico,0-14,Male,0,8,0
2010,New Mexico,15–19,Female,2,15,0.13333333333333333
2010,New Mexico,15–19,Male,7,30,0.23333333333333334
2010,New Mexico,20–24,Female,3,11,0.2727272727272727
2010,New Mexico,20–24,Male,13,28,0.4642857142857143
2010,New Mexico,25–34,Female,6,19,0.3157894736842105
2010,New Mexico,25–34,Male,19,45,0.4222222222222222
2010,New Mexico,35–44,Female,3,20,0.15
2010,New Mexico,35–44,Male,12,38,0.3157894736842105
2010,New Mexico,45-54,Female,2,12,0.16666666666666666
2010,New Mexico,45-54,Male,8,28,0.2857142857142857
2010,New Mexico,55-64,Female,2,18,0.1111111111111111
2010,New Mexico,55-64,Male,6,24,0.25
2010,New Mexico,65+,Female,0,21,0
2010,New Mexico,65+,Male,1,24,0.041666666666666664
2010,New York,0-14,Female,0,21,0
2010,New York,0-14,Male,1,27,0.037037037037037035
2010,New York,15–19,Female,4,30,0.13333333333333333
2010,New York,15–19,Male,13,71,0.18309859154929578
2010,New York,20–24,Female,14,43,0.32558139534883723
2010,New York,20–24,Male,46,117,0.39316239316239315
2010,New York,25–34,Female,10,31,0.3225806451612903
2010,New York,25–34,Male,51,142,0.3591549295774648
2010,New York,35–44,Female,10,38,0.2631578947368421
2010,New York,35–44,Male,33,107,0.308411214953271
2010,New York,45-54,Female,2,32,0.0625
2010,New York,45-54,Male,33,121,0.2727272727272727
2010,New York,55-64,Female,2,37,0.05405405405405406
2010,New York,55-64,Male,21,108,0.19444444444444445
2010,New York,65+,Female,1,129,0.007751937984496124
2010,New York,65+,Male,4,139,0.02877697841726619
2010,North Carolina,0-14,Female,0,26,0
2010,North Carolina,0-14,Male,0,27,0
2010,North Carolina,15–19,Female,6,31,0.1935483870967742
2010,North Carolina,15–19,Male,15,82,0.18292682926829268
2010,North Carolina,20–24,Female,10,41,0.24390243902439024
2010,North Carolina,20–24,Male,52,121,0.4297520661157025
2010,North Carolina,25–34,Female,16,60,0.26666666666666666
2010,North Carolina,25–34,Male,74,170,0.43529411764705883
2010,North Carolina,35–44,Female,14,53,0.2641509433962264
2010,North Carolina,35–44,Male,73,160,0.45625
2010,North Carolina,45-54,Female,7,40,0.175
2010,North Carolina,45-54,Male,51,156,0.3269230769230769
2010,North Carolina,55-64,Female,5,37,0.13513513513513514
2010,North Carolina,55-64,Male,27,112,0.24107142857142858
2010,North Carolina,65+,Female,1,80,0.0125
2010,North Carolina,65+,Male,6,124,0.04838709677419355
2010,North Dakota,0-14,Female,0,1,0
2010,North Dakota,0-14,Male,0,2,0
2010,North Dakota,15–19,Female,0,2,0
2010,North Dakota,15–19,Male,1,8,0.125
2010,North Dakota,20–24,Female,2,2,1
2010,North Dakota,20–24,Male,7,11,0.6363636363636364
2010,North Dakota,25–34,Female,1,5,0.2
2010,North Dakota,25–34,Male,7,11,0.6363636363636364
2010,North Dakota,35–44,Female,0,5,0
2010,North Dakota,35–44,Male,10,18,0.5555555555555556
2010,North Dakota,45-54,Female,1,1,1
2010,North Dakota,45-54,Male,6,13,0.46153846153846156
2010,North Dakota,55-64,Female,0,2,0
2010,North Dakota,55-64,Male,3,13,0.23076923076923078
2010,North Dakota,65+,Female,0,7,0
2010,North Dakota,65+,Male,0,4,0
2010,Ohio,0-14,Female,0,18,0
2010,Ohio,0-14,Male,0,23,0
2010,Ohio,15–19,Female,2,22,0.09090909090909091
2010,Ohio,15–19,Male,13,71,0.18309859154929578
2010,Ohio,20–24,Female,9,40,0.225
2010,Ohio,20–24,Male,43,102,0.4215686274509804
2010,Ohio,25–34,Female,14,42,0.3333333333333333
2010,Ohio,25–34,Male,71,139,0.5107913669064749
2010,Ohio,35–44,Female,11,46,0.2391304347826087
2010,Ohio,35–44,Male,47,97,0.4845360824742268
2010,Ohio,45-54,Female,15,48,0.3125
2010,Ohio,45-54,Male,49,120,0.4083333333333333
2010,Ohio,55-64,Female,5,44,0.11363636363636363
2010,Ohio,55-64,Male,16,90,0.17777777777777778
2010,Ohio,65+,Female,1,72,0.013888888888888888
2010,Ohio,65+,Male,6,106,0.05660377358490566
2010,Oklahoma,0-14,Female,0,10,0
2010,Oklahoma,0-14,Male,0,19,0
2010,Oklahoma,15–19,Female,6,28,0.21428571428571427
2010,Oklahoma,15–19,Male,4,37,0.10810810810810811
2010,Oklahoma,20–24,Female,4,21,0.19047619047619047
2010,Oklahoma,20–24,Male,18,46,0.391304347826087
2010,Oklahoma,25–34,Female,8,31,0.25806451612903225
2010,Oklahoma,25–34,Male,34,78,0.4358974358974359
2010,Oklahoma,35–44,Female,14,34,0.4117647058823529
2010,Oklahoma,35–44,Male,28,66,0.42424242424242425
2010,Oklahoma,45-54,Female,12,45,0.26666666666666666
2010,Oklahoma,45-54,Male,37,89,0.4157303370786517
2010,Oklahoma,55-64,Female,1,19,0.05263157894736842
2010,Oklahoma,55-64,Male,14,53,0.2641509433962264
2010,Oklahoma,65+,Female,2,33,0.06060606060606061
2010,Oklahoma,65+,Male,4,59,0.06779661016949153
2010,Oregon,0-14,Female,0,4,0
2010,Oregon,0-14,Male,0,6,0
2010,Oregon,15–19,Female,0,11,0
2010,Oregon,15–19,Male,4,16,0.25
2010,Oregon,20–24,Female,1,7,0.14285714285714285
2010,Oregon,20–24,Male,16,31,0.5161290322580645
2010,Oregon,25–34,Female,0,9,0
2010,Oregon,25–34,Male,9,29,0.3103448275862069
2010,Oregon,35–44,Female,1,5,0.2
2010,Oregon,35–44,Male,12,32,0.375
2010,Oregon,45-54,Female,6,15,0.4
2010,Oregon,45-54,Male,12,38,0.3157894736842105
2010,Oregon,55-64,Female,1,16,0.0625
2010,Oregon,55-64,Male,8,35,0.22857142857142856
2010,Oregon,65+,Female,1,19,0.05263157894736842
2010,Oregon,65+,Male,2,44,0.045454545454545456
2010,Pennsylvania,0-14,Female,0,10,0
2010,Pennsylvania,0-14,Male,0,23,0
2010,Pennsylvania,15–19,Female,5,48,0.10416666666666667
2010,Pennsylvania,15–19,Male,13,81,0.16049382716049382
2010,Pennsylvania,20–24,Female,11,54,0.2037037037037037
2010,Pennsylvania,20–24,Male,50,133,0.37593984962406013
2010,Pennsylvania,25–34,Female,18,49,0.3673469387755102
2010,Pennsylvania,25–34,Male,59,148,0.39864864864864863
2010,Pennsylvania,35–44,Female,16,47,0.3404255319148936
2010,Pennsylvania,35–44,Male,50,122,0.4098360655737705
2010,Pennsylvania,45-54,Female,13,54,0.24074074074074073
2010,Pennsylvania,45-54,Male,58,172,0.3372093023255814
2010,Pennsylvania,55-64,Female,3,32,0.09375
2010,Pennsylvania,55-64,Male,23,104,0.22115384615384615
2010,Pennsylvania,65+,Female,1,100,0.01
2010,Pennsylvania,65+,Male,5,146,0.03424657534246575
2010,Puerto Rico,0-14,Female,0,0,NA
2010,Puerto Rico,0-14,Male,0,9,0
2010,Puerto Rico,15–19,Female,0,2,0
2010,Puerto Rico,15–19,Male,5,26,0.19230769230769232
2010,Puerto Rico,20–24,Female,0,6,0
2010,Puerto Rico,20–24,Male,10,36,0.2777777777777778
2010,Puerto Rico,25–34,Female,1,13,0.07692307692307693
2010,Puerto Rico,25–34,Male,16,48,0.3333333333333333
2010,Puerto Rico,35–44,Female,3,7,0.42857142857142855
2010,Puerto Rico,35–44,Male,12,36,0.3333333333333333
2010,Puerto Rico,45-54,Female,1,10,0.1
2010,Puerto Rico,45-54,Male,9,41,0.21951219512195122
2010,Puerto Rico,55-64,Female,1,10,0.1
2010,Puerto Rico,55-64,Male,13,30,0.43333333333333335
2010,Puerto Rico,65+,Female,1,16,0.0625
2010,Puerto Rico,65+,Male,5,39,0.1282051282051282
2010,Rhode Island,0-14,Female,0,1,0
2010,Rhode Island,0-14,Male,0,1,0
2010,Rhode Island,15–19,Female,2,3,0.6666666666666666
2010,Rhode Island,15–19,Male,1,3,0.3333333333333333
2010,Rhode Island,20–24,Female,0,2,0
2010,Rhode Island,20–24,Male,4,8,0.5
2010,Rhode Island,25–34,Female,0,0,NA
2010,Rhode Island,25–34,Male,3,6,0.5
2010,Rhode Island,35–44,Female,0,1,0
2010,Rhode Island,35–44,Male,8,13,0.6153846153846154
2010,Rhode Island,45-54,Female,0,1,0
2010,Rhode Island,45-54,Male,7,9,0.7777777777777778
2010,Rhode Island,55-64,Female,0,0,NA
2010,Rhode Island,55-64,Male,1,2,0.5
2010,Rhode Island,65+,Female,0,6,0
2010,Rhode Island,65+,Male,1,11,0.09090909090909091
2010,South Carolina,0-14,Female,0,11,0
2010,South Carolina,0-14,Male,0,11,0
2010,South Carolina,15–19,Female,1,23,0.043478260869565216
2010,South Carolina,15–19,Male,11,50,0.22
2010,South Carolina,20–24,Female,5,31,0.16129032258064516
2010,South Carolina,20–24,Male,33,74,0.44594594594594594
2010,South Carolina,25–34,Female,12,31,0.3870967741935484
2010,South Carolina,25–34,Male,65,121,0.5371900826446281
2010,South Carolina,35–44,Female,8,33,0.24242424242424243
2010,South Carolina,35–44,Male,54,94,0.574468085106383
2010,South Carolina,45-54,Female,7,32,0.21875
2010,South Carolina,45-54,Male,50,96,0.5208333333333334
2010,South Carolina,55-64,Female,2,20,0.1
2010,South Carolina,55-64,Male,27,64,0.421875
2010,South Carolina,65+,Female,0,52,0
2010,South Carolina,65+,Male,9,63,0.14285714285714285
2010,South Dakota,0-14,Female,0,4,0
2010,South Dakota,0-14,Male,0,3,0
2010,South Dakota,15–19,Female,0,3,0
2010,South Dakota,15–19,Male,3,14,0.21428571428571427
2010,South Dakota,20–24,Female,0,3,0
2010,South Dakota,20–24,Male,0,4,0
2010,South Dakota,25–34,Female,0,8,0
2010,South Dakota,25–34,Male,5,16,0.3125
2010,South Dakota,35–44,Female,2,5,0.4
2010,South Dakota,35–44,Male,3,10,0.3
2010,South Dakota,45-54,Female,0,7,0
2010,South Dakota,45-54,Male,4,18,0.2222222222222222
2010,South Dakota,55-64,Female,1,8,0.125
2010,South Dakota,55-64,Male,1,8,0.125
2010,South Dakota,65+,Female,0,12,0
2010,South Dakota,65+,Male,1,17,0.058823529411764705
2010,Tennessee,0-14,Female,0,13,0
2010,Tennessee,0-14,Male,0,16,0
2010,Tennessee,15–19,Female,4,24,0.16666666666666666
2010,Tennessee,15–19,Male,6,52,0.11538461538461539
2010,Tennessee,20–24,Female,6,36,0.16666666666666666
2010,Tennessee,20–24,Male,28,87,0.3218390804597701
2010,Tennessee,25–34,Female,10,48,0.20833333333333334
2010,Tennessee,25–34,Male,34,115,0.2956521739130435
2010,Tennessee,35–44,Female,9,50,0.18
2010,Tennessee,35–44,Male,38,122,0.3114754098360656
2010,Tennessee,45-54,Female,8,44,0.18181818181818182
2010,Tennessee,45-54,Male,31,120,0.25833333333333336
2010,Tennessee,55-64,Female,2,50,0.04
2010,Tennessee,55-64,Male,9,88,0.10227272727272728
2010,Tennessee,65+,Female,1,68,0.014705882352941176
2010,Tennessee,65+,Male,6,98,0.061224489795918366
2010,Texas,0-14,Female,0,61,0
2010,Texas,0-14,Male,0,73,0
2010,Texas,15–19,Female,5,89,0.056179775280898875
2010,Texas,15–19,Male,36,179,0.2011173184357542
2010,Texas,20–24,Female,37,140,0.2642857142857143
2010,Texas,20–24,Male,122,314,0.3885350318471338
2010,Texas,25–34,Female,43,135,0.31851851851851853
2010,Texas,25–34,Male,166,419,0.39618138424821003
2010,Texas,35–44,Female,20,107,0.18691588785046728
2010,Texas,35–44,Male,125,339,0.3687315634218289
2010,Texas,45-54,Female,28,125,0.224
2010,Texas,45-54,Male,101,325,0.31076923076923074
2010,Texas,55-64,Female,4,96,0.041666666666666664
2010,Texas,55-64,Male,37,244,0.15163934426229508
2010,Texas,65+,Female,2,139,0.014388489208633094
2010,Texas,65+,Male,15,233,0.06437768240343347
2010,Utah,0-14,Female,0,11,0
2010,Utah,0-14,Male,0,9,0
2010,Utah,15–19,Female,0,10,0
2010,Utah,15–19,Male,1,13,0.07692307692307693
2010,Utah,20–24,Female,0,12,0
2010,Utah,20–24,Male,2,13,0.15384615384615385
2010,Utah,25–34,Female,2,16,0.125
2010,Utah,25–34,Male,8,27,0.2962962962962963
2010,Utah,35–44,Female,1,13,0.07692307692307693
2010,Utah,35–44,Male,2,17,0.11764705882352941
2010,Utah,45-54,Female,0,8,0
2010,Utah,45-54,Male,4,21,0.19047619047619047
2010,Utah,55-64,Female,0,11,0
2010,Utah,55-64,Male,1,16,0.0625
2010,Utah,65+,Female,0,22,0
2010,Utah,65+,Male,0,34,0
2010,Vermont,0-14,Female,0,1,0
2010,Vermont,0-14,Male,0,1,0
2010,Vermont,15–19,Female,0,1,0
2010,Vermont,15–19,Male,0,4,0
2010,Vermont,20–24,Female,0,1,0
2010,Vermont,20–24,Male,9,17,0.5294117647058824
2010,Vermont,25–34,Female,2,3,0.6666666666666666
2010,Vermont,25–34,Male,3,7,0.42857142857142855
2010,Vermont,35–44,Female,0,1,0
2010,Vermont,35–44,Male,1,3,0.3333333333333333
2010,Vermont,45-54,Female,0,2,0
2010,Vermont,45-54,Male,2,3,0.6666666666666666
2010,Vermont,55-64,Female,0,4,0
2010,Vermont,55-64,Male,0,5,0
2010,Vermont,65+,Female,1,10,0.1
2010,Vermont,65+,Male,0,8,0
2010,Virginia,0-14,Female,0,6,0
2010,Virginia,0-14,Male,0,8,0
2010,Virginia,15–19,Female,4,17,0.23529411764705882
2010,Virginia,15–19,Male,11,50,0.22
2010,Virginia,20–24,Female,9,25,0.36
2010,Virginia,20–24,Male,22,60,0.36666666666666664
2010,Virginia,25–34,Female,9,33,0.2727272727272727
2010,Virginia,25–34,Male,29,90,0.32222222222222224
2010,Virginia,35–44,Female,1,25,0.04
2010,Virginia,35–44,Male,35,101,0.3465346534653465
2010,Virginia,45-54,Female,5,34,0.14705882352941177
2010,Virginia,45-54,Male,19,83,0.2289156626506024
2010,Virginia,55-64,Female,2,21,0.09523809523809523
2010,Virginia,55-64,Male,8,68,0.11764705882352941
2010,Virginia,65+,Female,0,38,0
2010,Virginia,65+,Male,5,81,0.06172839506172839
2010,Washington,0-14,Female,0,9,0
2010,Washington,0-14,Male,0,9,0
2010,Washington,15–19,Female,2,12,0.16666666666666666
2010,Washington,15–19,Male,5,31,0.16129032258064516
2010,Washington,20–24,Female,3,12,0.25
2010,Washington,20–24,Male,26,47,0.5531914893617021
2010,Washington,25–34,Female,8,22,0.36363636363636365
2010,Washington,25–34,Male,29,63,0.4603174603174603
2010,Washington,35–44,Female,3,14,0.21428571428571427
2010,Washington,35–44,Male,16,41,0.3902439024390244
2010,Washington,45-54,Female,3,14,0.21428571428571427
2010,Washington,45-54,Male,20,44,0.45454545454545453
2010,Washington,55-64,Female,3,14,0.21428571428571427
2010,Washington,55-64,Male,13,54,0.24074074074074073
2010,Washington,65+,Female,1,32,0.03125
2010,Washington,65+,Male,2,41,0.04878048780487805
2010,West Virginia,0-14,Female,0,5,0
2010,West Virginia,0-14,Male,0,6,0
2010,West Virginia,15–19,Female,1,8,0.125
2010,West Virginia,15–19,Male,2,17,0.11764705882352941
2010,West Virginia,20–24,Female,1,8,0.125
2010,West Virginia,20–24,Male,8,22,0.36363636363636365
2010,West Virginia,25–34,Female,3,14,0.21428571428571427
2010,West Virginia,25–34,Male,17,39,0.4358974358974359
2010,West Virginia,35–44,Female,1,17,0.058823529411764705
2010,West Virginia,35–44,Male,15,30,0.5
2010,West Virginia,45-54,Female,2,12,0.16666666666666666
2010,West Virginia,45-54,Male,18,35,0.5142857142857142
2010,West Virginia,55-64,Female,1,9,0.1111111111111111
2010,West Virginia,55-64,Male,11,35,0.3142857142857143
2010,West Virginia,65+,Female,0,24,0
2010,West Virginia,65+,Male,2,34,0.058823529411764705
2010,Wisconsin,0-14,Female,0,5,0
2010,Wisconsin,0-14,Male,0,12,0
2010,Wisconsin,15–19,Female,2,25,0.08
2010,Wisconsin,15–19,Male,6,32,0.1875
2010,Wisconsin,20–24,Female,7,22,0.3181818181818182
2010,Wisconsin,20–24,Male,31,63,0.49206349206349204
2010,Wisconsin,25–34,Female,10,20,0.5
2010,Wisconsin,25–34,Male,32,61,0.5245901639344263
2010,Wisconsin,35–44,Female,2,14,0.14285714285714285
2010,Wisconsin,35–44,Male,39,59,0.6610169491525424
2010,Wisconsin,45-54,Female,9,33,0.2727272727272727
2010,Wisconsin,45-54,Male,19,46,0.41304347826086957
2010,Wisconsin,55-64,Female,5,23,0.21739130434782608
2010,Wisconsin,55-64,Male,12,50,0.24
2010,Wisconsin,65+,Female,0,44,0
2010,Wisconsin,65+,Male,5,63,0.07936507936507936
2010,Wyoming,0-14,Female,0,2,0
2010,Wyoming,0-14,Male,0,1,0
2010,Wyoming,15–19,Female,1,5,0.2
2010,Wyoming,15–19,Male,0,2,0
2010,Wyoming,20–24,Female,0,3,0
2010,Wyoming,20–24,Male,7,15,0.4666666666666667
2010,Wyoming,25–34,Female,3,5,0.6
2010,Wyoming,25–34,Male,9,22,0.4090909090909091
2010,Wyoming,35–44,Female,2,7,0.2857142857142857
2010,Wyoming,35–44,Male,6,12,0.5
2010,Wyoming,45-54,Female,2,9,0.2222222222222222
2010,Wyoming,45-54,Male,9,27,0.3333333333333333
2010,Wyoming,55-64,Female,0,9,0
2010,Wyoming,55-64,Male,6,18,0.3333333333333333
2010,Wyoming,65+,Female,0,7,0
2010,Wyoming,65+,Male,0,11,0
2011,Alabama,0-14,Female,0,23,0
2011,Alabama,0-14,Male,0,19,0
2011,Alabama,15–19,Female,1,26,0.038461538461538464
2011,Alabama,15–19,Male,6,60,0.1
2011,Alabama,20–24,Female,6,28,0.21428571428571427
2011,Alabama,20–24,Male,10,72,0.1388888888888889
2011,Alabama,25–34,Female,10,39,0.2564102564102564
2011,Alabama,25–34,Male,29,118,0.2457627118644068
2011,Alabama,35–44,Female,5,35,0.14285714285714285
2011,Alabama,35–44,Male,21,98,0.21428571428571427
2011,Alabama,45-54,Female,4,36,0.1111111111111111
2011,Alabama,45-54,Male,30,113,0.26548672566371684
2011,Alabama,55-64,Female,2,26,0.07692307692307693
2011,Alabama,55-64,Male,13,64,0.203125
2011,Alabama,65+,Female,1,53,0.018867924528301886
2011,Alabama,65+,Male,3,82,0.036585365853658534
2011,Alaska,0-14,Female,0,3,0
2011,Alaska,0-14,Male,0,4,0
2011,Alaska,15–19,Female,1,1,1
2011,Alaska,15–19,Male,0,4,0
2011,Alaska,20–24,Female,0,4,0
2011,Alaska,20–24,Male,6,8,0.75
2011,Alaska,25–34,Female,1,4,0.25
2011,Alaska,25–34,Male,4,5,0.8
2011,Alaska,35–44,Female,0,3,0
2011,Alaska,35–44,Male,1,5,0.2
2011,Alaska,45-54,Female,0,3,0
2011,Alaska,45-54,Male,4,9,0.4444444444444444
2011,Alaska,55-64,Female,0,4,0
2011,Alaska,55-64,Male,1,6,0.16666666666666666
2011,Alaska,65+,Female,0,4,0
2011,Alaska,65+,Male,0,5,0
2011,Arizona,0-14,Female,0,9,0
2011,Arizona,0-14,Male,0,25,0
2011,Arizona,15–19,Female,2,17,0.11764705882352941
2011,Arizona,15–19,Male,10,49,0.20408163265306123
2011,Arizona,20–24,Female,6,20,0.3
2011,Arizona,20–24,Male,18,63,0.2857142857142857
2011,Arizona,25–34,Female,9,44,0.20454545454545456
2011,Arizona,25–34,Male,36,100,0.36
2011,Arizona,35–44,Female,8,33,0.24242424242424243
2011,Arizona,35–44,Male,21,72,0.2916666666666667
2011,Arizona,45-54,Female,5,32,0.15625
2011,Arizona,45-54,Male,33,90,0.36666666666666664
2011,Arizona,55-64,Female,1,36,0.027777777777777776
2011,Arizona,55-64,Male,22,94,0.23404255319148937
2011,Arizona,65+,Female,0,44,0
2011,Arizona,65+,Male,9,97,0.09278350515463918
2011,Arkansas,0-14,Female,0,6,0
2011,Arkansas,0-14,Male,0,12,0
2011,Arkansas,15–19,Female,0,13,0
2011,Arkansas,15–19,Male,2,27,0.07407407407407407
2011,Arkansas,20–24,Female,4,18,0.2222222222222222
2011,Arkansas,20–24,Male,20,37,0.5405405405405406
2011,Arkansas,25–34,Female,8,30,0.26666666666666666
2011,Arkansas,25–34,Male,28,82,0.34146341463414637
2011,Arkansas,35–44,Female,5,22,0.22727272727272727
2011,Arkansas,35–44,Male,25,65,0.38461538461538464
2011,Arkansas,45-54,Female,3,22,0.13636363636363635
2011,Arkansas,45-54,Male,20,61,0.32786885245901637
2011,Arkansas,55-64,Female,2,19,0.10526315789473684
2011,Arkansas,55-64,Male,15,59,0.2542372881355932
2011,Arkansas,65+,Female,0,23,0
2011,Arkansas,65+,Male,2,55,0.03636363636363636
2011,California,0-14,Female,0,42,0
2011,California,0-14,Male,0,46,0
2011,California,15–19,Female,9,67,0.13432835820895522
2011,California,15–19,Male,23,135,0.17037037037037037
2011,California,20–24,Female,39,109,0.3577981651376147
2011,California,20–24,Male,126,298,0.4228187919463087
2011,California,25–34,Female,40,107,0.37383177570093457
2011,California,25–34,Male,163,374,0.4358288770053476
2011,California,35–44,Female,21,94,0.22340425531914893
2011,California,35–44,Male,104,281,0.3701067615658363
2011,California,45-54,Female,28,129,0.21705426356589147
2011,California,45-54,Male,94,318,0.29559748427672955
2011,California,55-64,Female,8,81,0.09876543209876543
2011,California,55-64,Male,55,263,0.20912547528517111
2011,California,65+,Female,3,180,0.016666666666666666
2011,California,65+,Male,22,288,0.0763888888888889
2011,Colorado,0-14,Female,0,4,0
2011,Colorado,0-14,Male,0,12,0
2011,Colorado,15–19,Female,1,13,0.07692307692307693
2011,Colorado,15–19,Male,9,21,0.42857142857142855
2011,Colorado,20–24,Female,4,17,0.23529411764705882
2011,Colorado,20–24,Male,19,44,0.4318181818181818
2011,Colorado,25–34,Female,7,17,0.4117647058823529
2011,Colorado,25–34,Male,25,54,0.46296296296296297
2011,Colorado,35–44,Female,2,12,0.16666666666666666
2011,Colorado,35–44,Male,26,48,0.5416666666666666
2011,Colorado,45-54,Female,4,19,0.21052631578947367
2011,Colorado,45-54,Male,22,55,0.4
2011,Colorado,55-64,Female,0,11,0
2011,Colorado,55-64,Male,10,60,0.16666666666666666
2011,Colorado,65+,Female,0,21,0
2011,Colorado,65+,Male,4,39,0.10256410256410256
2011,Connecticut,0-14,Female,0,1,0
2011,Connecticut,0-14,Male,0,4,0
2011,Connecticut,15–19,Female,1,5,0.2
2011,Connecticut,15–19,Male,3,15,0.2
2011,Connecticut,20–24,Female,1,6,0.16666666666666666
2011,Connecticut,20–24,Male,19,36,0.5277777777777778
2011,Connecticut,25–34,Female,2,6,0.3333333333333333
2011,Connecticut,25–34,Male,22,38,0.5789473684210527
2011,Connecticut,35–44,Female,1,5,0.2
2011,Connecticut,35–44,Male,5,19,0.2631578947368421
2011,Connecticut,45-54,Female,2,8,0.25
2011,Connecticut,45-54,Male,8,24,0.3333333333333333
2011,Connecticut,55-64,Female,1,2,0.5
2011,Connecticut,55-64,Male,3,19,0.15789473684210525
2011,Connecticut,65+,Female,1,18,0.05555555555555555
2011,Connecticut,65+,Male,2,15,0.13333333333333333
2011,Delaware,0-14,Female,0,2,0
2011,Delaware,0-14,Male,0,2,0
2011,Delaware,15–19,Female,0,1,0
2011,Delaware,15–19,Male,0,3,0
2011,Delaware,20–24,Female,2,4,0.5
2011,Delaware,20–24,Male,4,9,0.4444444444444444
2011,Delaware,25–34,Female,1,6,0.16666666666666666
2011,Delaware,25–34,Male,3,9,0.3333333333333333
2011,Delaware,35–44,Female,3,4,0.75
2011,Delaware,35–44,Male,5,14,0.35714285714285715
2011,Delaware,45-54,Female,0,5,0
2011,Delaware,45-54,Male,6,15,0.4
2011,Delaware,55-64,Female,0,1,0
2011,Delaware,55-64,Male,3,7,0.42857142857142855
2011,Delaware,65+,Female,1,9,0.1111111111111111
2011,Delaware,65+,Male,0,8,0
2011,District of Columbia,0-14,Female,0,0,NA
2011,District of Columbia,0-14,Male,0,0,NA
2011,District of Columbia,15–19,Female,0,2,0
2011,District of Columbia,15–19,Male,0,3,0
2011,District of Columbia,20–24,Female,0,1,0
2011,District of Columbia,20–24,Male,1,3,0.3333333333333333
2011,District of Columbia,25–34,Female,0,2,0
2011,District of Columbia,25–34,Male,2,5,0.4
2011,District of Columbia,35–44,Female,0,0,NA
2011,District of Columbia,35–44,Male,0,1,0
2011,District of Columbia,45-54,Female,0,1,0
2011,District of Columbia,45-54,Male,1,3,0.3333333333333333
2011,District of Columbia,55-64,Female,0,0,NA
2011,District of Columbia,55-64,Male,0,1,0
2011,District of Columbia,65+,Female,0,3,0
2011,District of Columbia,65+,Male,0,1,0
2011,Florida,0-14,Female,0,25,0
2011,Florida,0-14,Male,0,43,0
2011,Florida,15–19,Female,5,58,0.08620689655172414
2011,Florida,15–19,Male,18,122,0.14754098360655737
2011,Florida,20–24,Female,16,68,0.23529411764705882
2011,Florida,20–24,Male,60,203,0.2955665024630542
2011,Florida,25–34,Female,23,94,0.24468085106382978
2011,Florida,25–34,Male,114,281,0.40569395017793597
2011,Florida,35–44,Female,29,86,0.3372093023255814
2011,Florida,35–44,Male,100,244,0.4098360655737705
2011,Florida,45-54,Female,16,105,0.1523809523809524
2011,Florida,45-54,Male,129,330,0.39090909090909093
2011,Florida,55-64,Female,2,67,0.029850746268656716
2011,Florida,55-64,Male,56,231,0.24242424242424243
2011,Florida,65+,Female,3,162,0.018518518518518517
2011,Florida,65+,Male,25,276,0.09057971014492754
2011,Georgia,0-14,Female,0,22,0
2011,Georgia,0-14,Male,0,32,0
2011,Georgia,15–19,Female,0,31,0
2011,Georgia,15–19,Male,8,62,0.12903225806451613
2011,Georgia,20–24,Female,5,27,0.18518518518518517
2011,Georgia,20–24,Male,17,118,0.1440677966101695
2011,Georgia,25–34,Female,9,42,0.21428571428571427
2011,Georgia,25–34,Male,40,145,0.27586206896551724
2011,Georgia,35–44,Female,8,58,0.13793103448275862
2011,Georgia,35–44,Male,26,123,0.21138211382113822
2011,Georgia,45-54,Female,3,52,0.057692307692307696
2011,Georgia,45-54,Male,37,135,0.2740740740740741
2011,Georgia,55-64,Female,1,48,0.020833333333333332
2011,Georgia,55-64,Male,21,123,0.17073170731707318
2011,Georgia,65+,Female,2,80,0.025
2011,Georgia,65+,Male,8,120,0.06666666666666667
2011,Hawaii,0-14,Female,0,1,0
2011,Hawaii,0-14,Male,0,1,0
2011,Hawaii,15–19,Female,3,6,0.5
2011,Hawaii,15–19,Male,3,5,0.6
2011,Hawaii,20–24,Female,1,2,0.5
2011,Hawaii,20–24,Male,5,12,0.4166666666666667
2011,Hawaii,25–34,Female,1,3,0.3333333333333333
2011,Hawaii,25–34,Male,13,16,0.8125
2011,Hawaii,35–44,Female,1,3,0.3333333333333333
2011,Hawaii,35–44,Male,6,8,0.75
2011,Hawaii,45-54,Female,0,2,0
2011,Hawaii,45-54,Male,5,9,0.5555555555555556
2011,Hawaii,55-64,Female,0,2,0
2011,Hawaii,55-64,Male,2,8,0.25
2011,Hawaii,65+,Female,0,5,0
2011,Hawaii,65+,Male,1,17,0.058823529411764705
2011,Idaho,0-14,Female,0,4,0
2011,Idaho,0-14,Male,0,4,0
2011,Idaho,15–19,Female,2,14,0.14285714285714285
2011,Idaho,15–19,Male,4,13,0.3076923076923077
2011,Idaho,20–24,Female,2,7,0.2857142857142857
2011,Idaho,20–24,Male,6,19,0.3157894736842105
2011,Idaho,25–34,Female,2,7,0.2857142857142857
2011,Idaho,25–34,Male,4,15,0.26666666666666666
2011,Idaho,35–44,Female,1,2,0.5
2011,Idaho,35–44,Male,3,9,0.3333333333333333
2011,Idaho,45-54,Female,0,2,0
2011,Idaho,45-54,Male,9,20,0.45
2011,Idaho,55-64,Female,0,4,0
2011,Idaho,55-64,Male,4,20,0.2
2011,Idaho,65+,Female,0,9,0
2011,Idaho,65+,Male,2,18,0.1111111111111111
2011,Illinois,0-14,Female,0,19,0
2011,Illinois,0-14,Male,0,17,0
2011,Illinois,15–19,Female,3,34,0.08823529411764706
2011,Illinois,15–19,Male,8,54,0.14814814814814814
2011,Illinois,20–24,Female,12,32,0.375
2011,Illinois,20–24,Male,38,72,0.5277777777777778
2011,Illinois,25–34,Female,14,40,0.35
2011,Illinois,25–34,Male,51,110,0.4636363636363636
2011,Illinois,35–44,Female,7,37,0.1891891891891892
2011,Illinois,35–44,Male,41,95,0.43157894736842106
2011,Illinois,45-54,Female,5,44,0.11363636363636363
2011,Illinois,45-54,Male,39,101,0.38613861386138615
2011,Illinois,55-64,Female,3,27,0.1111111111111111
2011,Illinois,55-64,Male,14,67,0.208955223880597
2011,Illinois,65+,Female,1,73,0.0136986301369863
2011,Illinois,65+,Male,4,96,0.041666666666666664
2011,Indiana,0-14,Female,0,13,0
2011,Indiana,0-14,Male,0,17,0
2011,Indiana,15–19,Female,2,25,0.08
2011,Indiana,15–19,Male,5,48,0.10416666666666667
2011,Indiana,20–24,Female,4,21,0.19047619047619047
2011,Indiana,20–24,Male,17,69,0.2463768115942029
2011,Indiana,25–34,Female,6,33,0.18181818181818182
2011,Indiana,25–34,Male,26,85,0.3058823529411765
2011,Indiana,35–44,Female,3,22,0.13636363636363635
2011,Indiana,35–44,Male,29,79,0.3670886075949367
2011,Indiana,45-54,Female,1,35,0.02857142857142857
2011,Indiana,45-54,Male,25,88,0.2840909090909091
2011,Indiana,55-64,Female,1,28,0.03571428571428571
2011,Indiana,55-64,Male,10,66,0.15151515151515152
2011,Indiana,65+,Female,1,51,0.0196078431372549
2011,Indiana,65+,Male,3,71,0.04225352112676056
2011,Iowa,0-14,Female,0,6,0
2011,Iowa,0-14,Male,0,4,0
2011,Iowa,15–19,Female,1,18,0.05555555555555555
2011,Iowa,15–19,Male,3,28,0.10714285714285714
2011,Iowa,20–24,Female,1,9,0.1111111111111111
2011,Iowa,20–24,Male,8,22,0.36363636363636365
2011,Iowa,25–34,Female,0,10,0
2011,Iowa,25–34,Male,12,46,0.2608695652173913
2011,Iowa,35–44,Female,0,13,0
2011,Iowa,35–44,Male,5,26,0.19230769230769232
2011,Iowa,45-54,Female,0,14,0
2011,Iowa,45-54,Male,8,35,0.22857142857142856
2011,Iowa,55-64,Female,0,8,0
2011,Iowa,55-64,Male,5,24,0.20833333333333334
2011,Iowa,65+,Female,0,42,0
2011,Iowa,65+,Male,3,54,0.05555555555555555
2011,Kansas,0-14,Female,0,6,0
2011,Kansas,0-14,Male,0,10,0
2011,Kansas,15–19,Female,0,10,0
2011,Kansas,15–19,Male,3,17,0.17647058823529413
2011,Kansas,20–24,Female,1,16,0.0625
2011,Kansas,20–24,Male,11,41,0.2682926829268293
2011,Kansas,25–34,Female,2,20,0.1
2011,Kansas,25–34,Male,17,56,0.30357142857142855
2011,Kansas,35–44,Female,2,11,0.18181818181818182
2011,Kansas,35–44,Male,8,29,0.27586206896551724
2011,Kansas,45-54,Female,4,19,0.21052631578947367
2011,Kansas,45-54,Male,8,44,0.18181818181818182
2011,Kansas,55-64,Female,0,8,0
2011,Kansas,55-64,Male,9,32,0.28125
2011,Kansas,65+,Female,0,27,0
2011,Kansas,65+,Male,3,40,0.075
2011,Kentucky,0-14,Female,0,16,0
2011,Kentucky,0-14,Male,0,6,0
2011,Kentucky,15–19,Female,1,12,0.08333333333333333
2011,Kentucky,15–19,Male,6,36,0.16666666666666666
2011,Kentucky,20–24,Female,3,19,0.15789473684210525
2011,Kentucky,20–24,Male,20,62,0.3225806451612903
2011,Kentucky,25–34,Female,12,54,0.2222222222222222
2011,Kentucky,25–34,Male,21,82,0.25609756097560976
2011,Kentucky,35–44,Female,9,34,0.2647058823529412
2011,Kentucky,35–44,Male,29,77,0.37662337662337664
2011,Kentucky,45-54,Female,2,30,0.06666666666666667
2011,Kentucky,45-54,Male,24,81,0.2962962962962963
2011,Kentucky,55-64,Female,2,28,0.07142857142857142
2011,Kentucky,55-64,Male,6,54,0.1111111111111111
2011,Kentucky,65+,Female,0,52,0
2011,Kentucky,65+,Male,3,76,0.039473684210526314
2011,Louisiana,0-14,Female,0,15,0
2011,Louisiana,0-14,Male,0,13,0
2011,Louisiana,15–19,Female,1,22,0.045454545454545456
2011,Louisiana,15–19,Male,8,36,0.2222222222222222
2011,Louisiana,20–24,Female,4,18,0.2222222222222222
2011,Louisiana,20–24,Male,23,68,0.3382352941176471
2011,Louisiana,25–34,Female,13,43,0.3023255813953488
2011,Louisiana,25–34,Male,36,105,0.34285714285714286
2011,Louisiana,35–44,Female,3,31,0.0967741935483871
2011,Louisiana,35–44,Male,24,66,0.36363636363636365
2011,Louisiana,45-54,Female,7,25,0.28
2011,Louisiana,45-54,Male,31,84,0.36904761904761907
2011,Louisiana,55-64,Female,2,20,0.1
2011,Louisiana,55-64,Male,13,58,0.22413793103448276
2011,Louisiana,65+,Female,2,32,0.0625
2011,Louisiana,65+,Male,3,43,0.06976744186046512
2011,Maine,0-14,Female,0,1,0
2011,Maine,0-14,Male,0,4,0
2011,Maine,15–19,Female,0,5,0
2011,Maine,15–19,Male,1,11,0.09090909090909091
2011,Maine,20–24,Female,0,8,0
2011,Maine,20–24,Male,3,11,0.2727272727272727
2011,Maine,25–34,Female,0,5,0
2011,Maine,25–34,Male,3,14,0.21428571428571427
2011,Maine,35–44,Female,2,5,0.4
2011,Maine,35–44,Male,3,13,0.23076923076923078
2011,Maine,45-54,Female,2,4,0.5
2011,Maine,45-54,Male,2,9,0.2222222222222222
2011,Maine,55-64,Female,0,7,0
2011,Maine,55-64,Male,2,14,0.14285714285714285
2011,Maine,65+,Female,0,11,0
2011,Maine,65+,Male,0,14,0
2011,Maryland,0-14,Female,0,6,0
2011,Maryland,0-14,Male,0,10,0
2011,Maryland,15–19,Female,1,21,0.047619047619047616
2011,Maryland,15–19,Male,8,28,0.2857142857142857
2011,Maryland,20–24,Female,4,15,0.26666666666666666
2011,Maryland,20–24,Male,24,51,0.47058823529411764
2011,Maryland,25–34,Female,10,21,0.47619047619047616
2011,Maryland,25–34,Male,27,73,0.3698630136986301
2011,Maryland,35–44,Female,2,12,0.16666666666666666
2011,Maryland,35–44,Male,9,32,0.28125
2011,Maryland,45-54,Female,6,17,0.35294117647058826
2011,Maryland,45-54,Male,24,67,0.3582089552238806
2011,Maryland,55-64,Female,0,11,0
2011,Maryland,55-64,Male,10,38,0.2631578947368421
2011,Maryland,65+,Female,1,19,0.05263157894736842
2011,Maryland,65+,Male,3,60,0.05
2011,Massachusetts,0-14,Female,0,2,0
2011,Massachusetts,0-14,Male,0,1,0
2011,Massachusetts,15–19,Female,3,10,0.3
2011,Massachusetts,15–19,Male,5,25,0.2
2011,Massachusetts,20–24,Female,5,16,0.3125
2011,Massachusetts,20–24,Male,11,37,0.2972972972972973
2011,Massachusetts,25–34,Female,6,10,0.6
2011,Massachusetts,25–34,Male,13,46,0.2826086956521739
2011,Massachusetts,35–44,Female,1,9,0.1111111111111111
2011,Massachusetts,35–44,Male,13,24,0.5416666666666666
2011,Massachusetts,45-54,Female,2,13,0.15384615384615385
2011,Massachusetts,45-54,Male,10,45,0.2222222222222222
2011,Massachusetts,55-64,Female,0,12,0
2011,Massachusetts,55-64,Male,6,36,0.16666666666666666
2011,Massachusetts,65+,Female,2,40,0.05
2011,Massachusetts,65+,Male,2,48,0.041666666666666664
2011,Michigan,0-14,Female,0,8,0
2011,Michigan,0-14,Male,0,14,0
2011,Michigan,15–19,Female,3,39,0.07692307692307693
2011,Michigan,15–19,Male,6,52,0.11538461538461539
2011,Michigan,20–24,Female,4,18,0.2222222222222222
2011,Michigan,20–24,Male,40,108,0.37037037037037035
2011,Michigan,25–34,Female,5,31,0.16129032258064516
2011,Michigan,25–34,Male,35,98,0.35714285714285715
2011,Michigan,35–44,Female,5,33,0.15151515151515152
2011,Michigan,35–44,Male,24,73,0.3287671232876712
2011,Michigan,45-54,Female,6,40,0.15
2011,Michigan,45-54,Male,29,109,0.26605504587155965
2011,Michigan,55-64,Female,1,23,0.043478260869565216
2011,Michigan,55-64,Male,12,83,0.14457831325301204
2011,Michigan,65+,Female,1,69,0.014492753623188406
2011,Michigan,65+,Male,4,91,0.04395604395604396
2011,Minnesota,0-14,Female,0,5,0
2011,Minnesota,0-14,Male,0,7,0
2011,Minnesota,15–19,Female,1,12,0.08333333333333333
2011,Minnesota,15–19,Male,7,24,0.2916666666666667
2011,Minnesota,20–24,Female,4,11,0.36363636363636365
2011,Minnesota,20–24,Male,17,38,0.4473684210526316
2011,Minnesota,25–34,Female,4,14,0.2857142857142857
2011,Minnesota,25–34,Male,18,41,0.43902439024390244
2011,Minnesota,35–44,Female,3,14,0.21428571428571427
2011,Minnesota,35–44,Male,6,21,0.2857142857142857
2011,Minnesota,45-54,Female,3,14,0.21428571428571427
2011,Minnesota,45-54,Male,10,35,0.2857142857142857
2011,Minnesota,55-64,Female,1,9,0.1111111111111111
2011,Minnesota,55-64,Male,13,47,0.2765957446808511
2011,Minnesota,65+,Female,1,40,0.025
2011,Minnesota,65+,Male,5,36,0.1388888888888889
2011,Mississippi,0-14,Female,0,21,0
2011,Mississippi,0-14,Male,0,15,0
2011,Mississippi,15–19,Female,1,24,0.041666666666666664
2011,Mississippi,15–19,Male,2,29,0.06896551724137931
2011,Mississippi,20–24,Female,3,25,0.12
2011,Mississippi,20–24,Male,19,50,0.38
2011,Mississippi,25–34,Female,7,44,0.1590909090909091
2011,Mississippi,25–34,Male,24,75,0.32
2011,Mississippi,35–44,Female,2,22,0.09090909090909091
2011,Mississippi,35–44,Male,19,58,0.3275862068965517
2011,Mississippi,45-54,Female,1,21,0.047619047619047616
2011,Mississippi,45-54,Male,25,80,0.3125
2011,Mississippi,55-64,Female,1,20,0.05
2011,Mississippi,55-64,Male,12,64,0.1875
2011,Mississippi,65+,Female,0,27,0
2011,Mississippi,65+,Male,1,55,0.01818181818181818
2011,Missouri,0-14,Female,0,16,0
2011,Missouri,0-14,Male,0,19,0
2011,Missouri,15–19,Female,1,30,0.03333333333333333
2011,Missouri,15–19,Male,18,64,0.28125
2011,Missouri,20–24,Female,7,25,0.28
2011,Missouri,20–24,Male,24,72,0.3333333333333333
2011,Missouri,25–34,Female,10,30,0.3333333333333333
2011,Missouri,25–34,Male,46,105,0.4380952380952381
2011,Missouri,35–44,Female,7,32,0.21875
2011,Missouri,35–44,Male,22,64,0.34375
2011,Missouri,45-54,Female,5,27,0.18518518518518517
2011,Missouri,45-54,Male,32,87,0.367816091954023
2011,Missouri,55-64,Female,2,29,0.06896551724137931
2011,Missouri,55-64,Male,15,68,0.22058823529411764
2011,Missouri,65+,Female,1,46,0.021739130434782608
2011,Missouri,65+,Male,5,72,0.06944444444444445
2011,Montana,0-14,Female,0,2,0
2011,Montana,0-14,Male,0,4,0
2011,Montana,15–19,Female,4,7,0.5714285714285714
2011,Montana,15–19,Male,2,10,0.2
2011,Montana,20–24,Female,3,6,0.5
2011,Montana,20–24,Male,9,18,0.5
2011,Montana,25–34,Female,3,11,0.2727272727272727
2011,Montana,25–34,Male,18,27,0.6666666666666666
2011,Montana,35–44,Female,2,10,0.2
2011,Montana,35–44,Male,8,21,0.38095238095238093
2011,Montana,45-54,Female,2,11,0.18181818181818182
2011,Montana,45-54,Male,8,18,0.4444444444444444
2011,Montana,55-64,Female,0,9,0
2011,Montana,55-64,Male,5,24,0.20833333333333334
2011,Montana,65+,Female,1,15,0.06666666666666667
2011,Montana,65+,Male,2,16,0.125
2011,Nebraska,0-14,Female,0,1,0
2011,Nebraska,0-14,Male,0,2,0
2011,Nebraska,15–19,Female,0,10,0
2011,Nebraska,15–19,Male,1,10,0.1
2011,Nebraska,20–24,Female,0,4,0
2011,Nebraska,20–24,Male,3,18,0.16666666666666666
2011,Nebraska,25–34,Female,1,6,0.16666666666666666
2011,Nebraska,25–34,Male,10,22,0.45454545454545453
2011,Nebraska,35–44,Female,2,9,0.2222222222222222
2011,Nebraska,35–44,Male,5,16,0.3125
2011,Nebraska,45-54,Female,0,5,0
2011,Nebraska,45-54,Male,5,18,0.2777777777777778
2011,Nebraska,55-64,Female,0,5,0
2011,Nebraska,55-64,Male,4,22,0.18181818181818182
2011,Nebraska,65+,Female,0,16,0
2011,Nebraska,65+,Male,2,16,0.125
2011,Nevada,0-14,Female,0,3,0
2011,Nevada,0-14,Male,0,3,0
2011,Nevada,15–19,Female,0,4,0
2011,Nevada,15–19,Male,2,11,0.18181818181818182
2011,Nevada,20–24,Female,1,5,0.2
2011,Nevada,20–24,Male,4,22,0.18181818181818182
2011,Nevada,25–34,Female,6,17,0.35294117647058826
2011,Nevada,25–34,Male,16,29,0.5517241379310345
2011,Nevada,35–44,Female,2,7,0.2857142857142857
2011,Nevada,35–44,Male,7,19,0.3684210526315789
2011,Nevada,45-54,Female,2,14,0.14285714285714285
2011,Nevada,45-54,Male,9,30,0.3
2011,Nevada,55-64,Female,1,14,0.07142857142857142
2011,Nevada,55-64,Male,9,23,0.391304347826087
2011,Nevada,65+,Female,0,16,0
2011,Nevada,65+,Male,2,28,0.07142857142857142
2011,New Hampshire,0-14,Female,0,1,0
2011,New Hampshire,0-14,Male,0,1,0
2011,New Hampshire,15–19,Female,0,1,0
2011,New Hampshire,15–19,Male,1,5,0.2
2011,New Hampshire,20–24,Female,2,6,0.3333333333333333
2011,New Hampshire,20–24,Male,5,9,0.5555555555555556
2011,New Hampshire,25–34,Female,0,6,0
2011,New Hampshire,25–34,Male,4,8,0.5
2011,New Hampshire,35–44,Female,2,4,0.5
2011,New Hampshire,35–44,Male,3,7,0.42857142857142855
2011,New Hampshire,45-54,Female,0,4,0
2011,New Hampshire,45-54,Male,4,13,0.3076923076923077
2011,New Hampshire,55-64,Female,0,0,NA
2011,New Hampshire,55-64,Male,1,5,0.2
2011,New Hampshire,65+,Female,0,11,0
2011,New Hampshire,65+,Male,2,9,0.2222222222222222
2011,New Jersey,0-14,Female,0,6,0
2011,New Jersey,0-14,Male,0,12,0
2011,New Jersey,15–19,Female,3,10,0.3
2011,New Jersey,15–19,Male,5,31,0.16129032258064516
2011,New Jersey,20–24,Female,5,25,0.2
2011,New Jersey,20–24,Male,19,62,0.3064516129032258
2011,New Jersey,25–34,Female,3,24,0.125
2011,New Jersey,25–34,Male,37,76,0.4868421052631579
2011,New Jersey,35–44,Female,7,21,0.3333333333333333
2011,New Jersey,35–44,Male,31,68,0.45588235294117646
2011,New Jersey,45-54,Female,1,22,0.045454545454545456
2011,New Jersey,45-54,Male,21,66,0.3181818181818182
2011,New Jersey,55-64,Female,6,24,0.25
2011,New Jersey,55-64,Male,17,57,0.2982456140350877
2011,New Jersey,65+,Female,0,49,0
2011,New Jersey,65+,Male,3,74,0.04054054054054054
2011,New Mexico,0-14,Female,0,13,0
2011,New Mexico,0-14,Male,0,10,0
2011,New Mexico,15–19,Female,0,6,0
2011,New Mexico,15–19,Male,1,15,0.06666666666666667
2011,New Mexico,20–24,Female,1,13,0.07692307692307693
2011,New Mexico,20–24,Male,10,40,0.25
2011,New Mexico,25–34,Female,4,14,0.2857142857142857
2011,New Mexico,25–34,Male,8,47,0.1702127659574468
2011,New Mexico,35–44,Female,3,12,0.25
2011,New Mexico,35–44,Male,9,30,0.3
2011,New Mexico,45-54,Female,1,16,0.0625
2011,New Mexico,45-54,Male,14,51,0.27450980392156865
2011,New Mexico,55-64,Female,0,7,0
2011,New Mexico,55-64,Male,3,29,0.10344827586206896
2011,New Mexico,65+,Female,1,16,0.0625
2011,New Mexico,65+,Male,1,28,0.03571428571428571
2011,New York,0-14,Female,0,12,0
2011,New York,0-14,Male,0,20,0
2011,New York,15–19,Female,2,18,0.1111111111111111
2011,New York,15–19,Male,10,59,0.1694915254237288
2011,New York,20–24,Female,9,36,0.25
2011,New York,20–24,Male,27,106,0.25471698113207547
2011,New York,25–34,Female,11,41,0.2682926829268293
2011,New York,25–34,Male,50,143,0.34965034965034963
2011,New York,35–44,Female,3,28,0.10714285714285714
2011,New York,35–44,Male,34,120,0.2833333333333333
2011,New York,45-54,Female,4,42,0.09523809523809523
2011,New York,45-54,Male,42,137,0.30656934306569344
2011,New York,55-64,Female,2,49,0.04081632653061224
2011,New York,55-64,Male,20,102,0.19607843137254902
2011,New York,65+,Female,1,110,0.00909090909090909
2011,New York,65+,Male,6,137,0.043795620437956206
2011,North Carolina,0-14,Female,0,17,0
2011,North Carolina,0-14,Male,0,24,0
2011,North Carolina,15–19,Female,5,46,0.10869565217391304
2011,North Carolina,15–19,Male,16,77,0.2077922077922078
2011,North Carolina,20–24,Female,11,42,0.2619047619047619
2011,North Carolina,20–24,Male,49,114,0.4298245614035088
2011,North Carolina,25–34,Female,19,64,0.296875
2011,North Carolina,25–34,Male,73,152,0.48026315789473684
2011,North Carolina,35–44,Female,17,44,0.38636363636363635
2011,North Carolina,35–44,Male,49,123,0.3983739837398374
2011,North Carolina,45-54,Female,13,57,0.22807017543859648
2011,North Carolina,45-54,Male,60,156,0.38461538461538464
2011,North Carolina,55-64,Female,5,43,0.11627906976744186
2011,North Carolina,55-64,Male,22,82,0.2682926829268293
2011,North Carolina,65+,Female,2,77,0.025974025974025976
2011,North Carolina,65+,Male,6,111,0.05405405405405406
2011,North Dakota,0-14,Female,1,6,0.16666666666666666
2011,North Dakota,0-14,Male,0,2,0
2011,North Dakota,15–19,Female,1,6,0.16666666666666666
2011,North Dakota,15–19,Male,4,6,0.6666666666666666
2011,North Dakota,20–24,Female,2,3,0.6666666666666666
2011,North Dakota,20–24,Male,9,21,0.42857142857142855
2011,North Dakota,25–34,Female,3,7,0.42857142857142855
2011,North Dakota,25–34,Male,15,23,0.6521739130434783
2011,North Dakota,35–44,Female,1,1,1
2011,North Dakota,35–44,Male,6,13,0.46153846153846156
2011,North Dakota,45-54,Female,0,3,0
2011,North Dakota,45-54,Male,10,22,0.45454545454545453
2011,North Dakota,55-64,Female,0,1,0
2011,North Dakota,55-64,Male,2,13,0.15384615384615385
2011,North Dakota,65+,Female,0,9,0
2011,North Dakota,65+,Male,3,12,0.25
2011,Ohio,0-14,Female,0,13,0
2011,Ohio,0-14,Male,0,23,0
2011,Ohio,15–19,Female,3,34,0.08823529411764706
2011,Ohio,15–19,Male,16,71,0.22535211267605634
2011,Ohio,20–24,Female,3,34,0.08823529411764706
2011,Ohio,20–24,Male,35,95,0.3684210526315789
2011,Ohio,25–34,Female,8,37,0.21621621621621623
2011,Ohio,25–34,Male,53,113,0.4690265486725664
2011,Ohio,35–44,Female,12,43,0.27906976744186046
2011,Ohio,35–44,Male,53,111,0.4774774774774775
2011,Ohio,45-54,Female,6,37,0.16216216216216217
2011,Ohio,45-54,Male,34,108,0.3148148148148148
2011,Ohio,55-64,Female,1,26,0.038461538461538464
2011,Ohio,55-64,Male,22,85,0.25882352941176473
2011,Ohio,65+,Female,1,64,0.015625
2011,Ohio,65+,Male,7,123,0.056910569105691054
2011,Oklahoma,0-14,Female,0,17,0
2011,Oklahoma,0-14,Male,0,16,0
2011,Oklahoma,15–19,Female,3,21,0.14285714285714285
2011,Oklahoma,15–19,Male,8,38,0.21052631578947367
2011,Oklahoma,20–24,Female,6,17,0.35294117647058826
2011,Oklahoma,20–24,Male,25,61,0.4098360655737705
2011,Oklahoma,25–34,Female,10,32,0.3125
2011,Oklahoma,25–34,Male,50,90,0.5555555555555556
2011,Oklahoma,35–44,Female,8,35,0.22857142857142856
2011,Oklahoma,35–44,Male,30,68,0.4411764705882353
2011,Oklahoma,45-54,Female,10,29,0.3448275862068966
2011,Oklahoma,45-54,Male,32,84,0.38095238095238093
2011,Oklahoma,55-64,Female,3,18,0.16666666666666666
2011,Oklahoma,55-64,Male,10,52,0.19230769230769232
2011,Oklahoma,65+,Female,1,47,0.02127659574468085
2011,Oklahoma,65+,Male,8,71,0.11267605633802817
2011,Oregon,0-14,Female,0,6,0
2011,Oregon,0-14,Male,0,8,0
2011,Oregon,15–19,Female,0,8,0
2011,Oregon,15–19,Male,2,19,0.10526315789473684
2011,Oregon,20–24,Female,3,8,0.375
2011,Oregon,20–24,Male,17,29,0.5862068965517241
2011,Oregon,25–34,Female,8,18,0.4444444444444444
2011,Oregon,25–34,Male,20,29,0.6896551724137931
2011,Oregon,35–44,Female,4,9,0.4444444444444444
2011,Oregon,35–44,Male,10,26,0.38461538461538464
2011,Oregon,45-54,Female,5,12,0.4166666666666667
2011,Oregon,45-54,Male,19,43,0.4418604651162791
2011,Oregon,55-64,Female,2,11,0.18181818181818182
2011,Oregon,55-64,Male,10,39,0.2564102564102564
2011,Oregon,65+,Female,1,21,0.047619047619047616
2011,Oregon,65+,Male,3,45,0.06666666666666667
2011,Pennsylvania,0-14,Female,0,10,0
2011,Pennsylvania,0-14,Male,0,15,0
2011,Pennsylvania,15–19,Female,2,41,0.04878048780487805
2011,Pennsylvania,15–19,Male,10,95,0.10526315789473684
2011,Pennsylvania,20–24,Female,8,41,0.1951219512195122
2011,Pennsylvania,20–24,Male,46,128,0.359375
2011,Pennsylvania,25–34,Female,14,56,0.25
2011,Pennsylvania,25–34,Male,65,158,0.41139240506329117
2011,Pennsylvania,35–44,Female,5,33,0.15151515151515152
2011,Pennsylvania,35–44,Male,57,124,0.4596774193548387
2011,Pennsylvania,45-54,Female,7,46,0.15217391304347827
2011,Pennsylvania,45-54,Male,44,148,0.2972972972972973
2011,Pennsylvania,55-64,Female,2,36,0.05555555555555555
2011,Pennsylvania,55-64,Male,25,117,0.21367521367521367
2011,Pennsylvania,65+,Female,0,107,0
2011,Pennsylvania,65+,Male,5,131,0.03816793893129771
2011,Puerto Rico,0-14,Female,0,5,0
2011,Puerto Rico,0-14,Male,1,6,0.16666666666666666
2011,Puerto Rico,15–19,Female,0,8,0
2011,Puerto Rico,15–19,Male,2,26,0.07692307692307693
2011,Puerto Rico,20–24,Female,3,10,0.3
2011,Puerto Rico,20–24,Male,1,30,0.03333333333333333
2011,Puerto Rico,25–34,Female,2,9,0.2222222222222222
2011,Puerto Rico,25–34,Male,9,51,0.17647058823529413
2011,Puerto Rico,35–44,Female,0,5,0
2011,Puerto Rico,35–44,Male,10,43,0.23255813953488372
2011,Puerto Rico,45-54,Female,0,12,0
2011,Puerto Rico,45-54,Male,10,31,0.3225806451612903
2011,Puerto Rico,55-64,Female,0,7,0
2011,Puerto Rico,55-64,Male,5,39,0.1282051282051282
2011,Puerto Rico,65+,Female,0,10,0
2011,Puerto Rico,65+,Male,4,47,0.0851063829787234
2011,Rhode Island,0-14,Female,0,1,0
2011,Rhode Island,0-14,Male,0,0,NA
2011,Rhode Island,15–19,Female,0,3,0
2011,Rhode Island,15–19,Male,0,1,0
2011,Rhode Island,20–24,Female,1,1,1
2011,Rhode Island,20–24,Male,1,2,0.5
2011,Rhode Island,25–34,Female,4,5,0.8
2011,Rhode Island,25–34,Male,5,12,0.4166666666666667
2011,Rhode Island,35–44,Female,2,3,0.6666666666666666
2011,Rhode Island,35–44,Male,3,4,0.75
2011,Rhode Island,45-54,Female,1,4,0.25
2011,Rhode Island,45-54,Male,7,11,0.6363636363636364
2011,Rhode Island,55-64,Female,0,1,0
2011,Rhode Island,55-64,Male,0,1,0
2011,Rhode Island,65+,Female,0,7,0
2011,Rhode Island,65+,Male,0,10,0
2011,South Carolina,0-14,Female,0,13,0
2011,South Carolina,0-14,Male,0,18,0
2011,South Carolina,15–19,Female,3,18,0.16666666666666666
2011,South Carolina,15–19,Male,10,53,0.18867924528301888
2011,South Carolina,20–24,Female,3,19,0.15789473684210525
2011,South Carolina,20–24,Male,28,77,0.36363636363636365
2011,South Carolina,25–34,Female,9,34,0.2647058823529412
2011,South Carolina,25–34,Male,52,106,0.49056603773584906
2011,South Carolina,35–44,Female,6,22,0.2727272727272727
2011,South Carolina,35–44,Male,40,110,0.36363636363636365
2011,South Carolina,45-54,Female,6,29,0.20689655172413793
2011,South Carolina,45-54,Male,50,118,0.423728813559322
2011,South Carolina,55-64,Female,0,17,0
2011,South Carolina,55-64,Male,25,82,0.3048780487804878
2011,South Carolina,65+,Female,2,43,0.046511627906976744
2011,South Carolina,65+,Male,6,67,0.08955223880597014
2011,South Dakota,0-14,Female,0,1,0
2011,South Dakota,0-14,Male,0,1,0
2011,South Dakota,15–19,Female,0,3,0
2011,South Dakota,15–19,Male,3,7,0.42857142857142855
2011,South Dakota,20–24,Female,1,5,0.2
2011,South Dakota,20–24,Male,0,6,0
2011,South Dakota,25–34,Female,0,11,0
2011,South Dakota,25–34,Male,4,13,0.3076923076923077
2011,South Dakota,35–44,Female,0,2,0
2011,South Dakota,35–44,Male,5,12,0.4166666666666667
2011,South Dakota,45-54,Female,2,5,0.4
2011,South Dakota,45-54,Male,3,9,0.3333333333333333
2011,South Dakota,55-64,Female,0,5,0
2011,South Dakota,55-64,Male,1,10,0.1
2011,South Dakota,65+,Female,0,4,0
2011,South Dakota,65+,Male,0,17,0
2011,Tennessee,0-14,Female,0,21,0
2011,Tennessee,0-14,Male,0,14,0
2011,Tennessee,15–19,Female,2,26,0.07692307692307693
2011,Tennessee,15–19,Male,6,51,0.11764705882352941
2011,Tennessee,20–24,Female,6,32,0.1875
2011,Tennessee,20–24,Male,19,79,0.24050632911392406
2011,Tennessee,25–34,Female,4,36,0.1111111111111111
2011,Tennessee,25–34,Male,35,121,0.2892561983471074
2011,Tennessee,35–44,Female,6,41,0.14634146341463414
2011,Tennessee,35–44,Male,33,103,0.32038834951456313
2011,Tennessee,45-54,Female,4,41,0.0975609756097561
2011,Tennessee,45-54,Male,31,110,0.2818181818181818
2011,Tennessee,55-64,Female,0,25,0
2011,Tennessee,55-64,Male,13,83,0.1566265060240964
2011,Tennessee,65+,Female,0,57,0
2011,Tennessee,65+,Male,4,97,0.041237113402061855
2011,Texas,0-14,Female,0,53,0
2011,Texas,0-14,Male,0,67,0
2011,Texas,15–19,Female,6,94,0.06382978723404255
2011,Texas,15–19,Male,30,175,0.17142857142857143
2011,Texas,20–24,Female,30,96,0.3125
2011,Texas,20–24,Male,103,336,0.30654761904761907
2011,Texas,25–34,Female,37,135,0.2740740740740741
2011,Texas,25–34,Male,166,448,0.3705357142857143
2011,Texas,35–44,Female,27,119,0.226890756302521
2011,Texas,35–44,Male,97,319,0.30407523510971785
2011,Texas,45-54,Female,13,114,0.11403508771929824
2011,Texas,45-54,Male,89,325,0.27384615384615385
2011,Texas,55-64,Female,9,109,0.08256880733944955
2011,Texas,55-64,Male,50,275,0.18181818181818182
2011,Texas,65+,Female,3,153,0.0196078431372549
2011,Texas,65+,Male,7,230,0.030434782608695653
2011,Utah,0-14,Female,0,6,0
2011,Utah,0-14,Male,0,16,0
2011,Utah,15–19,Female,0,6,0
2011,Utah,15–19,Male,4,13,0.3076923076923077
2011,Utah,20–24,Female,3,6,0.5
2011,Utah,20–24,Male,4,19,0.21052631578947367
2011,Utah,25–34,Female,0,14,0
2011,Utah,25–34,Male,10,37,0.2702702702702703
2011,Utah,35–44,Female,0,7,0
2011,Utah,35–44,Male,2,19,0.10526315789473684
2011,Utah,45-54,Female,1,10,0.1
2011,Utah,45-54,Male,5,20,0.25
2011,Utah,55-64,Female,0,10,0
2011,Utah,55-64,Male,1,23,0.043478260869565216
2011,Utah,65+,Female,0,13,0
2011,Utah,65+,Male,1,24,0.041666666666666664
2011,Vermont,0-14,Female,0,0,NA
2011,Vermont,0-14,Male,0,2,0
2011,Vermont,15–19,Female,0,2,0
2011,Vermont,15–19,Male,3,8,0.375
2011,Vermont,20–24,Female,0,1,0
2011,Vermont,20–24,Male,0,3,0
2011,Vermont,25–34,Female,0,0,NA
2011,Vermont,25–34,Male,2,4,0.5
2011,Vermont,35–44,Female,0,1,0
2011,Vermont,35–44,Male,3,5,0.6
2011,Vermont,45-54,Female,1,5,0.2
2011,Vermont,45-54,Male,4,5,0.8
2011,Vermont,55-64,Female,1,3,0.3333333333333333
2011,Vermont,55-64,Male,3,5,0.6
2011,Vermont,65+,Female,0,7,0
2011,Vermont,65+,Male,0,4,0
2011,Virginia,0-14,Female,0,10,0
2011,Virginia,0-14,Male,0,11,0
2011,Virginia,15–19,Female,2,27,0.07407407407407407
2011,Virginia,15–19,Male,5,35,0.14285714285714285
2011,Virginia,20–24,Female,10,27,0.37037037037037035
2011,Virginia,20–24,Male,34,85,0.4
2011,Virginia,25–34,Female,3,22,0.13636363636363635
2011,Virginia,25–34,Male,46,103,0.44660194174757284
2011,Virginia,35–44,Female,7,19,0.3684210526315789
2011,Virginia,35–44,Male,27,78,0.34615384615384615
2011,Virginia,45-54,Female,8,24,0.3333333333333333
2011,Virginia,45-54,Male,31,97,0.31958762886597936
2011,Virginia,55-64,Female,1,25,0.04
2011,Virginia,55-64,Male,17,77,0.22077922077922077
2011,Virginia,65+,Female,1,52,0.019230769230769232
2011,Virginia,65+,Male,7,72,0.09722222222222222
2011,Washington,0-14,Female,0,5,0
2011,Washington,0-14,Male,0,7,0
2011,Washington,15–19,Female,2,10,0.2
2011,Washington,15–19,Male,12,27,0.4444444444444444
2011,Washington,20–24,Female,8,14,0.5714285714285714
2011,Washington,20–24,Male,23,42,0.5476190476190477
2011,Washington,25–34,Female,3,15,0.2
2011,Washington,25–34,Male,33,63,0.5238095238095238
2011,Washington,35–44,Female,2,10,0.2
2011,Washington,35–44,Male,16,43,0.37209302325581395
2011,Washington,45-54,Female,3,16,0.1875
2011,Washington,45-54,Male,13,41,0.3170731707317073
2011,Washington,55-64,Female,4,12,0.3333333333333333
2011,Washington,55-64,Male,21,63,0.3333333333333333
2011,Washington,65+,Female,1,28,0.03571428571428571
2011,Washington,65+,Male,5,57,0.08771929824561403
2011,West Virginia,0-14,Female,0,5,0
2011,West Virginia,0-14,Male,0,3,0
2011,West Virginia,15–19,Female,1,10,0.1
2011,West Virginia,15–19,Male,3,20,0.15
2011,West Virginia,20–24,Female,2,16,0.125
2011,West Virginia,20–24,Male,8,31,0.25806451612903225
2011,West Virginia,25–34,Female,3,18,0.16666666666666666
2011,West Virginia,25–34,Male,7,32,0.21875
2011,West Virginia,35–44,Female,5,19,0.2631578947368421
2011,West Virginia,35–44,Male,14,27,0.5185185185185185
2011,West Virginia,45-54,Female,4,16,0.25
2011,West Virginia,45-54,Male,17,37,0.4594594594594595
2011,West Virginia,55-64,Female,2,10,0.2
2011,West Virginia,55-64,Male,10,32,0.3125
2011,West Virginia,65+,Female,0,20,0
2011,West Virginia,65+,Male,0,42,0
2011,Wisconsin,0-14,Female,0,4,0
2011,Wisconsin,0-14,Male,0,11,0
2011,Wisconsin,15–19,Female,3,16,0.1875
2011,Wisconsin,15–19,Male,8,33,0.24242424242424243
2011,Wisconsin,20–24,Female,8,24,0.3333333333333333
2011,Wisconsin,20–24,Male,23,44,0.5227272727272727
2011,Wisconsin,25–34,Female,4,13,0.3076923076923077
2011,Wisconsin,25–34,Male,39,71,0.5492957746478874
2011,Wisconsin,35–44,Female,5,22,0.22727272727272727
2011,Wisconsin,35–44,Male,25,59,0.423728813559322
2011,Wisconsin,45-54,Female,3,15,0.2
2011,Wisconsin,45-54,Male,34,67,0.5074626865671642
2011,Wisconsin,55-64,Female,1,29,0.034482758620689655
2011,Wisconsin,55-64,Male,16,52,0.3076923076923077
2011,Wisconsin,65+,Female,0,61,0
2011,Wisconsin,65+,Male,4,61,0.06557377049180328
2011,Wyoming,0-14,Female,0,4,0
2011,Wyoming,0-14,Male,0,2,0
2011,Wyoming,15–19,Female,0,9,0
2011,Wyoming,15–19,Male,2,8,0.25
2011,Wyoming,20–24,Female,1,3,0.3333333333333333
2011,Wyoming,20–24,Male,8,16,0.5
2011,Wyoming,25–34,Female,0,3,0
2011,Wyoming,25–34,Male,7,17,0.4117647058823529
2011,Wyoming,35–44,Female,0,6,0
2011,Wyoming,35–44,Male,4,12,0.3333333333333333
2011,Wyoming,45-54,Female,1,6,0.16666666666666666
2011,Wyoming,45-54,Male,3,16,0.1875
2011,Wyoming,55-64,Female,0,1,0
2011,Wyoming,55-64,Male,1,11,0.09090909090909091
2011,Wyoming,65+,Female,0,13,0
2011,Wyoming,65+,Male,1,8,0.125
2012,Alabama,0-14,Female,0,19,0
2012,Alabama,0-14,Male,0,12,0
2012,Alabama,15–19,Female,1,28,0.03571428571428571
2012,Alabama,15–19,Male,7,55,0.12727272727272726
2012,Alabama,20–24,Female,6,32,0.1875
2012,Alabama,20–24,Male,11,62,0.1774193548387097
2012,Alabama,25–34,Female,11,49,0.22448979591836735
2012,Alabama,25–34,Male,27,115,0.23478260869565218
2012,Alabama,35–44,Female,4,38,0.10526315789473684
2012,Alabama,35–44,Male,32,93,0.34408602150537637
2012,Alabama,45-54,Female,1,18,0.05555555555555555
2012,Alabama,45-54,Male,18,88,0.20454545454545456
2012,Alabama,55-64,Female,3,39,0.07692307692307693
2012,Alabama,55-64,Male,13,84,0.15476190476190477
2012,Alabama,65+,Female,1,54,0.018518518518518517
2012,Alabama,65+,Male,8,79,0.10126582278481013
2012,Alaska,0-14,Female,0,0,NA
2012,Alaska,0-14,Male,0,2,0
2012,Alaska,15–19,Female,0,3,0
2012,Alaska,15–19,Male,0,1,0
2012,Alaska,20–24,Female,1,2,0.5
2012,Alaska,20–24,Male,1,7,0.14285714285714285
2012,Alaska,25–34,Female,3,5,0.6
2012,Alaska,25–34,Male,1,8,0.125
2012,Alaska,35–44,Female,0,0,NA
2012,Alaska,35–44,Male,1,4,0.25
2012,Alaska,45-54,Female,4,4,1
2012,Alaska,45-54,Male,2,5,0.4
2012,Alaska,55-64,Female,0,2,0
2012,Alaska,55-64,Male,2,7,0.2857142857142857
2012,Alaska,65+,Female,0,5,0
2012,Alaska,65+,Male,0,4,0
2012,Arizona,0-14,Female,0,14,0
2012,Arizona,0-14,Male,0,30,0
2012,Arizona,15–19,Female,0,33,0
2012,Arizona,15–19,Male,6,41,0.14634146341463414
2012,Arizona,20–24,Female,5,21,0.23809523809523808
2012,Arizona,20–24,Male,27,79,0.34177215189873417
2012,Arizona,25–34,Female,8,43,0.18604651162790697
2012,Arizona,25–34,Male,35,106,0.330188679245283
2012,Arizona,35–44,Female,2,20,0.1
2012,Arizona,35–44,Male,30,89,0.33707865168539325
2012,Arizona,45-54,Female,10,33,0.30303030303030304
2012,Arizona,45-54,Male,27,87,0.3103448275862069
2012,Arizona,55-64,Female,2,27,0.07407407407407407
2012,Arizona,55-64,Male,19,82,0.23170731707317074
2012,Arizona,65+,Female,1,39,0.02564102564102564
2012,Arizona,65+,Male,6,76,0.07894736842105263
2012,Arkansas,0-14,Female,0,12,0
2012,Arkansas,0-14,Male,0,14,0
2012,Arkansas,15–19,Female,0,13,0
2012,Arkansas,15–19,Male,5,27,0.18518518518518517
2012,Arkansas,20–24,Female,4,16,0.25
2012,Arkansas,20–24,Male,20,51,0.39215686274509803
2012,Arkansas,25–34,Female,5,27,0.18518518518518517
2012,Arkansas,25–34,Male,36,75,0.48
2012,Arkansas,35–44,Female,8,27,0.2962962962962963
2012,Arkansas,35–44,Male,15,49,0.30612244897959184
2012,Arkansas,45-54,Female,3,27,0.1111111111111111
2012,Arkansas,45-54,Male,18,52,0.34615384615384615
2012,Arkansas,55-64,Female,0,22,0
2012,Arkansas,55-64,Male,9,58,0.15517241379310345
2012,Arkansas,65+,Female,0,34,0
2012,Arkansas,65+,Male,3,56,0.05357142857142857
2012,California,0-14,Female,0,46,0
2012,California,0-14,Male,0,52,0
2012,California,15–19,Female,8,53,0.1509433962264151
2012,California,15–19,Male,32,134,0.23880597014925373
2012,California,20–24,Female,24,101,0.2376237623762376
2012,California,20–24,Male,127,311,0.40836012861736337
2012,California,25–34,Female,38,131,0.2900763358778626
2012,California,25–34,Male,164,433,0.3787528868360277
2012,California,35–44,Female,15,79,0.189873417721519
2012,California,35–44,Male,93,276,0.33695652173913043
2012,California,45-54,Female,27,142,0.19014084507042253
2012,California,45-54,Male,109,345,0.3159420289855073
2012,California,55-64,Female,11,109,0.10091743119266056
2012,California,55-64,Male,74,286,0.25874125874125875
2012,California,65+,Female,3,163,0.018404907975460124
2012,California,65+,Male,25,302,0.08278145695364239
2012,Colorado,0-14,Female,0,7,0
2012,Colorado,0-14,Male,0,9,0
2012,Colorado,15–19,Female,1,8,0.125
2012,Colorado,15–19,Male,5,31,0.16129032258064516
2012,Colorado,20–24,Female,4,18,0.2222222222222222
2012,Colorado,20–24,Male,21,44,0.4772727272727273
2012,Colorado,25–34,Female,8,25,0.32
2012,Colorado,25–34,Male,24,53,0.4528301886792453
2012,Colorado,35–44,Female,1,11,0.09090909090909091
2012,Colorado,35–44,Male,23,52,0.4423076923076923
2012,Colorado,45-54,Female,2,13,0.15384615384615385
2012,Colorado,45-54,Male,15,59,0.2542372881355932
2012,Colorado,55-64,Female,1,17,0.058823529411764705
2012,Colorado,55-64,Male,9,51,0.17647058823529413
2012,Colorado,65+,Female,3,38,0.07894736842105263
2012,Colorado,65+,Male,4,38,0.10526315789473684
2012,Connecticut,0-14,Female,0,1,0
2012,Connecticut,0-14,Male,0,3,0
2012,Connecticut,15–19,Female,2,5,0.4
2012,Connecticut,15–19,Male,5,12,0.4166666666666667
2012,Connecticut,20–24,Female,4,9,0.4444444444444444
2012,Connecticut,20–24,Male,8,22,0.36363636363636365
2012,Connecticut,25–34,Female,7,11,0.6363636363636364
2012,Connecticut,25–34,Male,14,38,0.3684210526315789
2012,Connecticut,35–44,Female,1,5,0.2
2012,Connecticut,35–44,Male,11,32,0.34375
2012,Connecticut,45-54,Female,0,7,0
2012,Connecticut,45-54,Male,7,28,0.25
2012,Connecticut,55-64,Female,2,17,0.11764705882352941
2012,Connecticut,55-64,Male,7,23,0.30434782608695654
2012,Connecticut,65+,Female,1,24,0.041666666666666664
2012,Connecticut,65+,Male,3,27,0.1111111111111111
2012,Delaware,0-14,Female,0,0,NA
2012,Delaware,0-14,Male,0,2,0
2012,Delaware,15–19,Female,0,3,0
2012,Delaware,15–19,Male,1,4,0.25
2012,Delaware,20–24,Female,0,1,0
2012,Delaware,20–24,Male,1,7,0.14285714285714285
2012,Delaware,25–34,Female,2,6,0.3333333333333333
2012,Delaware,25–34,Male,13,26,0.5
2012,Delaware,35–44,Female,1,2,0.5
2012,Delaware,35–44,Male,4,12,0.3333333333333333
2012,Delaware,45-54,Female,1,8,0.125
2012,Delaware,45-54,Male,8,15,0.5333333333333333
2012,Delaware,55-64,Female,0,4,0
2012,Delaware,55-64,Male,0,4,0
2012,Delaware,65+,Female,0,12,0
2012,Delaware,65+,Male,1,8,0.125
2012,District of Columbia,0-14,Female,0,0,NA
2012,District of Columbia,0-14,Male,0,1,0
2012,District of Columbia,15–19,Female,0,1,0
2012,District of Columbia,15–19,Male,0,2,0
2012,District of Columbia,20–24,Female,0,0,NA
2012,District of Columbia,20–24,Male,0,0,NA
2012,District of Columbia,25–34,Female,0,2,0
2012,District of Columbia,25–34,Male,0,2,0
2012,District of Columbia,35–44,Female,0,0,NA
2012,District of Columbia,35–44,Male,0,1,0
2012,District of Columbia,45-54,Female,0,0,NA
2012,District of Columbia,45-54,Male,1,3,0.3333333333333333
2012,District of Columbia,55-64,Female,0,0,NA
2012,District of Columbia,55-64,Male,0,2,0
2012,District of Columbia,65+,Female,0,1,0
2012,District of Columbia,65+,Male,0,0,NA
2012,Florida,0-14,Female,0,27,0
2012,Florida,0-14,Male,0,31,0
2012,Florida,15–19,Female,2,52,0.038461538461538464
2012,Florida,15–19,Male,7,105,0.06666666666666667
2012,Florida,20–24,Female,21,68,0.3088235294117647
2012,Florida,20–24,Male,63,227,0.2775330396475771
2012,Florida,25–34,Female,21,85,0.24705882352941178
2012,Florida,25–34,Male,109,323,0.33746130030959753
2012,Florida,35–44,Female,14,83,0.1686746987951807
2012,Florida,35–44,Male,78,218,0.3577981651376147
2012,Florida,45-54,Female,18,96,0.1875
2012,Florida,45-54,Male,111,320,0.346875
2012,Florida,55-64,Female,11,90,0.12222222222222222
2012,Florida,55-64,Male,53,245,0.2163265306122449
2012,Florida,65+,Female,4,185,0.021621621621621623
2012,Florida,65+,Male,19,264,0.07196969696969698
2012,Georgia,0-14,Female,0,19,0
2012,Georgia,0-14,Male,0,27,0
2012,Georgia,15–19,Female,1,31,0.03225806451612903
2012,Georgia,15–19,Male,4,48,0.08333333333333333
2012,Georgia,20–24,Female,4,37,0.10810810810810811
2012,Georgia,20–24,Male,23,107,0.21495327102803738
2012,Georgia,25–34,Female,10,50,0.2
2012,Georgia,25–34,Male,45,165,0.2727272727272727
2012,Georgia,35–44,Female,7,45,0.15555555555555556
2012,Georgia,35–44,Male,35,132,0.26515151515151514
2012,Georgia,45-54,Female,5,47,0.10638297872340426
2012,Georgia,45-54,Male,36,139,0.2589928057553957
2012,Georgia,55-64,Female,1,39,0.02564102564102564
2012,Georgia,55-64,Male,17,109,0.1559633027522936
2012,Georgia,65+,Female,0,72,0
2012,Georgia,65+,Male,2,119,0.01680672268907563
2012,Hawaii,0-14,Female,0,1,0
2012,Hawaii,0-14,Male,0,3,0
2012,Hawaii,15–19,Female,0,1,0
2012,Hawaii,15–19,Male,3,7,0.42857142857142855
2012,Hawaii,20–24,Female,1,4,0.25
2012,Hawaii,20–24,Male,5,14,0.35714285714285715
2012,Hawaii,25–34,Female,2,5,0.4
2012,Hawaii,25–34,Male,9,21,0.42857142857142855
2012,Hawaii,35–44,Female,0,5,0
2012,Hawaii,35–44,Male,5,14,0.35714285714285715
2012,Hawaii,45-54,Female,0,3,0
2012,Hawaii,45-54,Male,3,11,0.2727272727272727
2012,Hawaii,55-64,Female,1,8,0.125
2012,Hawaii,55-64,Male,5,10,0.5
2012,Hawaii,65+,Female,0,3,0
2012,Hawaii,65+,Male,2,15,0.13333333333333333
2012,Idaho,0-14,Female,0,2,0
2012,Idaho,0-14,Male,0,5,0
2012,Idaho,15–19,Female,0,6,0
2012,Idaho,15–19,Male,1,7,0.14285714285714285
2012,Idaho,20–24,Female,1,8,0.125
2012,Idaho,20–24,Male,5,13,0.38461538461538464
2012,Idaho,25–34,Female,1,5,0.2
2012,Idaho,25–34,Male,13,24,0.5416666666666666
2012,Idaho,35–44,Female,2,9,0.2222222222222222
2012,Idaho,35–44,Male,6,17,0.35294117647058826
2012,Idaho,45-54,Female,0,8,0
2012,Idaho,45-54,Male,8,22,0.36363636363636365
2012,Idaho,55-64,Female,0,8,0
2012,Idaho,55-64,Male,1,13,0.07692307692307693
2012,Idaho,65+,Female,0,17,0
2012,Idaho,65+,Male,0,20,0
2012,Illinois,0-14,Female,0,19,0
2012,Illinois,0-14,Male,0,18,0
2012,Illinois,15–19,Female,3,27,0.1111111111111111
2012,Illinois,15–19,Male,10,48,0.20833333333333334
2012,Illinois,20–24,Female,10,35,0.2857142857142857
2012,Illinois,20–24,Male,49,101,0.48514851485148514
2012,Illinois,25–34,Female,18,42,0.42857142857142855
2012,Illinois,25–34,Male,68,137,0.49635036496350365
2012,Illinois,35–44,Female,7,31,0.22580645161290322
2012,Illinois,35–44,Male,39,91,0.42857142857142855
2012,Illinois,45-54,Female,5,26,0.19230769230769232
2012,Illinois,45-54,Male,42,103,0.4077669902912621
2012,Illinois,55-64,Female,2,29,0.06896551724137931
2012,Illinois,55-64,Male,22,87,0.25287356321839083
2012,Illinois,65+,Female,1,67,0.014925373134328358
2012,Illinois,65+,Male,6,95,0.06315789473684211
2012,Indiana,0-14,Female,0,15,0
2012,Indiana,0-14,Male,0,14,0
2012,Indiana,15–19,Female,1,22,0.045454545454545456
2012,Indiana,15–19,Male,4,44,0.09090909090909091
2012,Indiana,20–24,Female,3,18,0.16666666666666666
2012,Indiana,20–24,Male,30,84,0.35714285714285715
2012,Indiana,25–34,Female,5,35,0.14285714285714285
2012,Indiana,25–34,Male,39,101,0.38613861386138615
2012,Indiana,35–44,Female,3,23,0.13043478260869565
2012,Indiana,35–44,Male,31,79,0.3924050632911392
2012,Indiana,45-54,Female,2,27,0.07407407407407407
2012,Indiana,45-54,Male,26,80,0.325
2012,Indiana,55-64,Female,0,22,0
2012,Indiana,55-64,Male,8,76,0.10526315789473684
2012,Indiana,65+,Female,0,56,0
2012,Indiana,65+,Male,8,83,0.0963855421686747
2012,Iowa,0-14,Female,0,3,0
2012,Iowa,0-14,Male,0,9,0
2012,Iowa,15–19,Female,1,7,0.14285714285714285
2012,Iowa,15–19,Male,2,20,0.1
2012,Iowa,20–24,Female,0,10,0
2012,Iowa,20–24,Male,8,31,0.25806451612903225
2012,Iowa,25–34,Female,1,21,0.047619047619047616
2012,Iowa,25–34,Male,11,37,0.2972972972972973
2012,Iowa,35–44,Female,3,15,0.2
2012,Iowa,35–44,Male,10,46,0.21739130434782608
2012,Iowa,45-54,Female,1,10,0.1
2012,Iowa,45-54,Male,8,32,0.25
2012,Iowa,55-64,Female,0,16,0
2012,Iowa,55-64,Male,4,41,0.0975609756097561
2012,Iowa,65+,Female,0,26,0
2012,Iowa,65+,Male,2,41,0.04878048780487805
2012,Kansas,0-14,Female,0,13,0
2012,Kansas,0-14,Male,0,10,0
2012,Kansas,15–19,Female,1,17,0.058823529411764705
2012,Kansas,15–19,Male,5,23,0.21739130434782608
2012,Kansas,20–24,Female,2,9,0.2222222222222222
2012,Kansas,20–24,Male,15,36,0.4166666666666667
2012,Kansas,25–34,Female,0,12,0
2012,Kansas,25–34,Male,10,49,0.20408163265306123
2012,Kansas,35–44,Female,2,13,0.15384615384615385
2012,Kansas,35–44,Male,8,38,0.21052631578947367
2012,Kansas,45-54,Female,0,15,0
2012,Kansas,45-54,Male,9,45,0.2
2012,Kansas,55-64,Female,1,6,0.16666666666666666
2012,Kansas,55-64,Male,3,35,0.08571428571428572
2012,Kansas,65+,Female,0,27,0
2012,Kansas,65+,Male,2,56,0.03571428571428571
2012,Kentucky,0-14,Female,0,10,0
2012,Kentucky,0-14,Male,0,16,0
2012,Kentucky,15–19,Female,2,22,0.09090909090909091
2012,Kentucky,15–19,Male,8,42,0.19047619047619047
2012,Kentucky,20–24,Female,3,18,0.16666666666666666
2012,Kentucky,20–24,Male,15,48,0.3125
2012,Kentucky,25–34,Female,6,52,0.11538461538461539
2012,Kentucky,25–34,Male,29,97,0.29896907216494845
2012,Kentucky,35–44,Female,10,40,0.25
2012,Kentucky,35–44,Male,28,88,0.3181818181818182
2012,Kentucky,45-54,Female,3,33,0.09090909090909091
2012,Kentucky,45-54,Male,19,70,0.2714285714285714
2012,Kentucky,55-64,Female,0,30,0
2012,Kentucky,55-64,Male,11,63,0.1746031746031746
2012,Kentucky,65+,Female,0,45,0
2012,Kentucky,65+,Male,3,72,0.041666666666666664
2012,Louisiana,0-14,Female,1,16,0.0625
2012,Louisiana,0-14,Male,0,19,0
2012,Louisiana,15–19,Female,0,19,0
2012,Louisiana,15–19,Male,7,46,0.15217391304347827
2012,Louisiana,20–24,Female,4,23,0.17391304347826086
2012,Louisiana,20–24,Male,14,55,0.2545454545454545
2012,Louisiana,25–34,Female,3,31,0.0967741935483871
2012,Louisiana,25–34,Male,41,112,0.36607142857142855
2012,Louisiana,35–44,Female,7,35,0.2
2012,Louisiana,35–44,Male,17,71,0.23943661971830985
2012,Louisiana,45-54,Female,5,35,0.14285714285714285
2012,Louisiana,45-54,Male,35,83,0.42168674698795183
2012,Louisiana,55-64,Female,1,20,0.05
2012,Louisiana,55-64,Male,18,59,0.3050847457627119
2012,Louisiana,65+,Female,1,37,0.02702702702702703
2012,Louisiana,65+,Male,7,60,0.11666666666666667
2012,Maine,0-14,Female,0,2,0
2012,Maine,0-14,Male,0,1,0
2012,Maine,15–19,Female,1,3,0.3333333333333333
2012,Maine,15–19,Male,2,12,0.16666666666666666
2012,Maine,20–24,Female,0,6,0
2012,Maine,20–24,Male,11,21,0.5238095238095238
2012,Maine,25–34,Female,0,5,0
2012,Maine,25–34,Male,7,21,0.3333333333333333
2012,Maine,35–44,Female,1,4,0.25
2012,Maine,35–44,Male,4,12,0.3333333333333333
2012,Maine,45-54,Female,1,8,0.125
2012,Maine,45-54,Male,8,18,0.4444444444444444
2012,Maine,55-64,Female,2,7,0.2857142857142857
2012,Maine,55-64,Male,3,9,0.3333333333333333
2012,Maine,65+,Female,0,14,0
2012,Maine,65+,Male,0,21,0
2012,Maryland,0-14,Female,0,7,0
2012,Maryland,0-14,Male,1,6,0.16666666666666666
2012,Maryland,15–19,Female,4,15,0.26666666666666666
2012,Maryland,15–19,Male,5,32,0.15625
2012,Maryland,20–24,Female,4,18,0.2222222222222222
2012,Maryland,20–24,Male,15,44,0.3409090909090909
2012,Maryland,25–34,Female,6,23,0.2608695652173913
2012,Maryland,25–34,Male,33,76,0.4342105263157895
2012,Maryland,35–44,Female,4,10,0.4
2012,Maryland,35–44,Male,18,50,0.36
2012,Maryland,45-54,Female,8,19,0.42105263157894735
2012,Maryland,45-54,Male,29,67,0.43283582089552236
2012,Maryland,55-64,Female,4,22,0.18181818181818182
2012,Maryland,55-64,Male,6,45,0.13333333333333333
2012,Maryland,65+,Female,1,38,0.02631578947368421
2012,Maryland,65+,Male,2,36,0.05555555555555555
2012,Massachusetts,0-14,Female,0,3,0
2012,Massachusetts,0-14,Male,0,4,0
2012,Massachusetts,15–19,Female,4,12,0.3333333333333333
2012,Massachusetts,15–19,Male,5,17,0.29411764705882354
2012,Massachusetts,20–24,Female,2,13,0.15384615384615385
2012,Massachusetts,20–24,Male,16,39,0.41025641025641024
2012,Massachusetts,25–34,Female,5,16,0.3125
2012,Massachusetts,25–34,Male,9,40,0.225
2012,Massachusetts,35–44,Female,3,10,0.3
2012,Massachusetts,35–44,Male,10,34,0.29411764705882354
2012,Massachusetts,45-54,Female,3,10,0.3
2012,Massachusetts,45-54,Male,18,44,0.4090909090909091
2012,Massachusetts,55-64,Female,0,12,0
2012,Massachusetts,55-64,Male,5,33,0.15151515151515152
2012,Massachusetts,65+,Female,1,38,0.02631578947368421
2012,Massachusetts,65+,Male,0,58,0
2012,Michigan,0-14,Female,0,15,0
2012,Michigan,0-14,Male,0,16,0
2012,Michigan,15–19,Female,3,29,0.10344827586206896
2012,Michigan,15–19,Male,9,52,0.17307692307692307
2012,Michigan,20–24,Female,7,41,0.17073170731707318
2012,Michigan,20–24,Male,39,99,0.3939393939393939
2012,Michigan,25–34,Female,7,34,0.20588235294117646
2012,Michigan,25–34,Male,36,123,0.2926829268292683
2012,Michigan,35–44,Female,4,34,0.11764705882352941
2012,Michigan,35–44,Male,25,78,0.32051282051282054
2012,Michigan,45-54,Female,5,32,0.15625
2012,Michigan,45-54,Male,22,92,0.2391304347826087
2012,Michigan,55-64,Female,3,39,0.07692307692307693
2012,Michigan,55-64,Male,10,89,0.11235955056179775
2012,Michigan,65+,Female,4,57,0.07017543859649122
2012,Michigan,65+,Male,3,110,0.02727272727272727
2012,Minnesota,0-14,Female,0,8,0
2012,Minnesota,0-14,Male,0,6,0
2012,Minnesota,15–19,Female,1,21,0.047619047619047616
2012,Minnesota,15–19,Male,2,15,0.13333333333333333
2012,Minnesota,20–24,Female,2,12,0.16666666666666666
2012,Minnesota,20–24,Male,18,37,0.4864864864864865
2012,Minnesota,25–34,Female,3,16,0.1875
2012,Minnesota,25–34,Male,22,52,0.4230769230769231
2012,Minnesota,35–44,Female,3,17,0.17647058823529413
2012,Minnesota,35–44,Male,15,31,0.4838709677419355
2012,Minnesota,45-54,Female,4,16,0.25
2012,Minnesota,45-54,Male,13,40,0.325
2012,Minnesota,55-64,Female,1,9,0.1111111111111111
2012,Minnesota,55-64,Male,8,34,0.23529411764705882
2012,Minnesota,65+,Female,2,42,0.047619047619047616
2012,Minnesota,65+,Male,3,39,0.07692307692307693
2012,Mississippi,0-14,Female,0,14,0
2012,Mississippi,0-14,Male,0,16,0
2012,Mississippi,15–19,Female,0,10,0
2012,Mississippi,15–19,Male,1,34,0.029411764705882353
2012,Mississippi,20–24,Female,3,28,0.10714285714285714
2012,Mississippi,20–24,Male,13,54,0.24074074074074073
2012,Mississippi,25–34,Female,2,25,0.08
2012,Mississippi,25–34,Male,27,75,0.36
2012,Mississippi,35–44,Female,3,26,0.11538461538461539
2012,Mississippi,35–44,Male,17,53,0.32075471698113206
2012,Mississippi,45-54,Female,3,23,0.13043478260869565
2012,Mississippi,45-54,Male,16,65,0.24615384615384617
2012,Mississippi,55-64,Female,1,12,0.08333333333333333
2012,Mississippi,55-64,Male,10,47,0.2127659574468085
2012,Mississippi,65+,Female,0,34,0
2012,Mississippi,65+,Male,1,66,0.015151515151515152
2012,Missouri,0-14,Female,0,11,0
2012,Missouri,0-14,Male,0,12,0
2012,Missouri,15–19,Female,2,26,0.07692307692307693
2012,Missouri,15–19,Male,9,48,0.1875
2012,Missouri,20–24,Female,6,24,0.25
2012,Missouri,20–24,Male,34,90,0.37777777777777777
2012,Missouri,25–34,Female,11,34,0.3235294117647059
2012,Missouri,25–34,Male,40,104,0.38461538461538464
2012,Missouri,35–44,Female,6,34,0.17647058823529413
2012,Missouri,35–44,Male,30,87,0.3448275862068966
2012,Missouri,45-54,Female,7,38,0.18421052631578946
2012,Missouri,45-54,Male,36,104,0.34615384615384615
2012,Missouri,55-64,Female,1,28,0.03571428571428571
2012,Missouri,55-64,Male,14,61,0.22950819672131148
2012,Missouri,65+,Female,0,47,0
2012,Missouri,65+,Male,5,78,0.0641025641025641
2012,Montana,0-14,Female,0,2,0
2012,Montana,0-14,Male,0,5,0
2012,Montana,15–19,Female,1,5,0.2
2012,Montana,15–19,Male,1,9,0.1111111111111111
2012,Montana,20–24,Female,0,6,0
2012,Montana,20–24,Male,17,26,0.6538461538461539
2012,Montana,25–34,Female,5,11,0.45454545454545453
2012,Montana,25–34,Male,19,31,0.6129032258064516
2012,Montana,35–44,Female,3,5,0.6
2012,Montana,35–44,Male,13,23,0.5652173913043478
2012,Montana,45-54,Female,3,11,0.2727272727272727
2012,Montana,45-54,Male,7,19,0.3684210526315789
2012,Montana,55-64,Female,4,9,0.4444444444444444
2012,Montana,55-64,Male,7,21,0.3333333333333333
2012,Montana,65+,Female,2,10,0.2
2012,Montana,65+,Male,1,12,0.08333333333333333
2012,Nebraska,0-14,Female,0,5,0
2012,Nebraska,0-14,Male,0,10,0
2012,Nebraska,15–19,Female,0,10,0
2012,Nebraska,15–19,Male,5,14,0.35714285714285715
2012,Nebraska,20–24,Female,1,10,0.1
2012,Nebraska,20–24,Male,6,21,0.2857142857142857
2012,Nebraska,25–34,Female,2,13,0.15384615384615385
2012,Nebraska,25–34,Male,8,24,0.3333333333333333
2012,Nebraska,35–44,Female,2,3,0.6666666666666666
2012,Nebraska,35–44,Male,8,16,0.5
2012,Nebraska,45-54,Female,2,9,0.2222222222222222
2012,Nebraska,45-54,Male,11,23,0.4782608695652174
2012,Nebraska,55-64,Female,0,5,0
2012,Nebraska,55-64,Male,6,15,0.4
2012,Nebraska,65+,Female,0,10,0
2012,Nebraska,65+,Male,3,24,0.125
2012,Nevada,0-14,Female,0,6,0
2012,Nevada,0-14,Male,0,3,0
2012,Nevada,15–19,Female,0,9,0
2012,Nevada,15–19,Male,3,13,0.23076923076923078
2012,Nevada,20–24,Female,2,3,0.6666666666666666
2012,Nevada,20–24,Male,11,26,0.4230769230769231
2012,Nevada,25–34,Female,3,7,0.42857142857142855
2012,Nevada,25–34,Male,12,29,0.41379310344827586
2012,Nevada,35–44,Female,2,4,0.5
2012,Nevada,35–44,Male,8,20,0.4
2012,Nevada,45-54,Female,1,13,0.07692307692307693
2012,Nevada,45-54,Male,10,21,0.47619047619047616
2012,Nevada,55-64,Female,4,15,0.26666666666666666
2012,Nevada,55-64,Male,13,37,0.35135135135135137
2012,Nevada,65+,Female,2,25,0.08
2012,Nevada,65+,Male,4,30,0.13333333333333333
2012,New Hampshire,0-14,Female,0,1,0
2012,New Hampshire,0-14,Male,0,1,0
2012,New Hampshire,15–19,Female,0,2,0
2012,New Hampshire,15–19,Male,1,10,0.1
2012,New Hampshire,20–24,Female,1,1,1
2012,New Hampshire,20–24,Male,2,9,0.2222222222222222
2012,New Hampshire,25–34,Female,1,5,0.2
2012,New Hampshire,25–34,Male,4,7,0.5714285714285714
2012,New Hampshire,35–44,Female,0,1,0
2012,New Hampshire,35–44,Male,6,10,0.6
2012,New Hampshire,45-54,Female,1,4,0.25
2012,New Hampshire,45-54,Male,8,17,0.47058823529411764
2012,New Hampshire,55-64,Female,0,7,0
2012,New Hampshire,55-64,Male,1,10,0.1
2012,New Hampshire,65+,Female,0,5,0
2012,New Hampshire,65+,Male,2,18,0.1111111111111111
2012,New Jersey,0-14,Female,0,7,0
2012,New Jersey,0-14,Male,0,8,0
2012,New Jersey,15–19,Female,3,12,0.25
2012,New Jersey,15–19,Male,1,25,0.04
2012,New Jersey,20–24,Female,5,18,0.2777777777777778
2012,New Jersey,20–24,Male,30,67,0.44776119402985076
2012,New Jersey,25–34,Female,7,22,0.3181818181818182
2012,New Jersey,25–34,Male,30,78,0.38461538461538464
2012,New Jersey,35–44,Female,0,12,0
2012,New Jersey,35–44,Male,17,53,0.32075471698113206
2012,New Jersey,45-54,Female,9,25,0.36
2012,New Jersey,45-54,Male,17,64,0.265625
2012,New Jersey,55-64,Female,1,20,0.05
2012,New Jersey,55-64,Male,12,56,0.21428571428571427
2012,New Jersey,65+,Female,0,51,0
2012,New Jersey,65+,Male,5,69,0.07246376811594203
2012,New Mexico,0-14,Female,0,1,0
2012,New Mexico,0-14,Male,0,10,0
2012,New Mexico,15–19,Female,1,8,0.125
2012,New Mexico,15–19,Male,3,13,0.23076923076923078
2012,New Mexico,20–24,Female,4,11,0.36363636363636365
2012,New Mexico,20–24,Male,12,30,0.4
2012,New Mexico,25–34,Female,3,16,0.1875
2012,New Mexico,25–34,Male,22,43,0.5116279069767442
2012,New Mexico,35–44,Female,4,15,0.26666666666666666
2012,New Mexico,35–44,Male,13,44,0.29545454545454547
2012,New Mexico,45-54,Female,5,22,0.22727272727272727
2012,New Mexico,45-54,Male,16,48,0.3333333333333333
2012,New Mexico,55-64,Female,1,7,0.14285714285714285
2012,New Mexico,55-64,Male,6,33,0.18181818181818182
2012,New Mexico,65+,Female,2,19,0.10526315789473684
2012,New Mexico,65+,Male,4,44,0.09090909090909091
2012,New York,0-14,Female,1,20,0.05
2012,New York,0-14,Male,1,23,0.043478260869565216
2012,New York,15–19,Female,2,22,0.09090909090909091
2012,New York,15–19,Male,5,50,0.1
2012,New York,20–24,Female,4,30,0.13333333333333333
2012,New York,20–24,Male,39,122,0.319672131147541
2012,New York,25–34,Female,5,33,0.15151515151515152
2012,New York,25–34,Male,48,147,0.32653061224489793
2012,New York,35–44,Female,8,36,0.2222222222222222
2012,New York,35–44,Male,34,99,0.3434343434343434
2012,New York,45-54,Female,11,48,0.22916666666666666
2012,New York,45-54,Male,49,142,0.34507042253521125
2012,New York,55-64,Female,1,38,0.02631578947368421
2012,New York,55-64,Male,14,103,0.13592233009708737
2012,New York,65+,Female,0,109,0
2012,New York,65+,Male,6,150,0.04
2012,North Carolina,0-14,Female,0,28,0
2012,North Carolina,0-14,Male,1,26,0.038461538461538464
2012,North Carolina,15–19,Female,1,34,0.029411764705882353
2012,North Carolina,15–19,Male,5,54,0.09259259259259259
2012,North Carolina,20–24,Female,12,43,0.27906976744186046
2012,North Carolina,20–24,Male,44,104,0.4230769230769231
2012,North Carolina,25–34,Female,18,59,0.3050847457627119
2012,North Carolina,25–34,Male,73,163,0.44785276073619634
2012,North Carolina,35–44,Female,15,51,0.29411764705882354
2012,North Carolina,35–44,Male,62,143,0.43356643356643354
2012,North Carolina,45-54,Female,8,49,0.16326530612244897
2012,North Carolina,45-54,Male,67,171,0.391812865497076
2012,North Carolina,55-64,Female,8,39,0.20512820512820512
2012,North Carolina,55-64,Male,32,130,0.24615384615384617
2012,North Carolina,65+,Female,3,69,0.043478260869565216
2012,North Carolina,65+,Male,10,135,0.07407407407407407
2012,North Dakota,0-14,Female,0,1,0
2012,North Dakota,0-14,Male,0,3,0
2012,North Dakota,15–19,Female,0,9,0
2012,North Dakota,15–19,Male,2,8,0.25
2012,North Dakota,20–24,Female,0,2,0
2012,North Dakota,20–24,Male,6,20,0.3
2012,North Dakota,25–34,Female,1,3,0.3333333333333333
2012,North Dakota,25–34,Male,14,29,0.4827586206896552
2012,North Dakota,35–44,Female,3,8,0.375
2012,North Dakota,35–44,Male,20,26,0.7692307692307693
2012,North Dakota,45-54,Female,2,3,0.6666666666666666
2012,North Dakota,45-54,Male,5,19,0.2631578947368421
2012,North Dakota,55-64,Female,1,5,0.2
2012,North Dakota,55-64,Male,3,14,0.21428571428571427
2012,North Dakota,65+,Female,0,8,0
2012,North Dakota,65+,Male,1,12,0.08333333333333333
2012,Ohio,0-14,Female,0,12,0
2012,Ohio,0-14,Male,0,16,0
2012,Ohio,15–19,Female,1,36,0.027777777777777776
2012,Ohio,15–19,Male,4,57,0.07017543859649122
2012,Ohio,20–24,Female,8,30,0.26666666666666666
2012,Ohio,20–24,Male,43,98,0.4387755102040816
2012,Ohio,25–34,Female,13,51,0.2549019607843137
2012,Ohio,25–34,Male,49,122,0.4016393442622951
2012,Ohio,35–44,Female,13,52,0.25
2012,Ohio,35–44,Male,48,111,0.43243243243243246
2012,Ohio,45-54,Female,13,50,0.26
2012,Ohio,45-54,Male,43,137,0.31386861313868614
2012,Ohio,55-64,Female,1,36,0.027777777777777776
2012,Ohio,55-64,Male,25,104,0.2403846153846154
2012,Ohio,65+,Female,0,82,0
2012,Ohio,65+,Male,15,127,0.11811023622047244
2012,Oklahoma,0-14,Female,0,4,0
2012,Oklahoma,0-14,Male,0,6,0
2012,Oklahoma,15–19,Female,2,21,0.09523809523809523
2012,Oklahoma,15–19,Male,6,34,0.17647058823529413
2012,Oklahoma,20–24,Female,4,10,0.4
2012,Oklahoma,20–24,Male,24,62,0.3870967741935484
2012,Oklahoma,25–34,Female,13,41,0.3170731707317073
2012,Oklahoma,25–34,Male,46,112,0.4107142857142857
2012,Oklahoma,35–44,Female,3,23,0.13043478260869565
2012,Oklahoma,35–44,Male,45,94,0.4787234042553192
2012,Oklahoma,45-54,Female,9,35,0.2571428571428571
2012,Oklahoma,45-54,Male,26,62,0.41935483870967744
2012,Oklahoma,55-64,Female,2,26,0.07692307692307693
2012,Oklahoma,55-64,Male,18,69,0.2608695652173913
2012,Oklahoma,65+,Female,1,53,0.018867924528301886
2012,Oklahoma,65+,Male,5,57,0.08771929824561403
2012,Oregon,0-14,Female,0,3,0
2012,Oregon,0-14,Male,0,5,0
2012,Oregon,15–19,Female,0,9,0
2012,Oregon,15–19,Male,6,13,0.46153846153846156
2012,Oregon,20–24,Female,3,8,0.375
2012,Oregon,20–24,Male,10,20,0.5
2012,Oregon,25–34,Female,7,16,0.4375
2012,Oregon,25–34,Male,22,39,0.5641025641025641
2012,Oregon,35–44,Female,4,18,0.2222222222222222
2012,Oregon,35–44,Male,9,20,0.45
2012,Oregon,45-54,Female,3,19,0.15789473684210525
2012,Oregon,45-54,Male,9,29,0.3103448275862069
2012,Oregon,55-64,Female,3,25,0.12
2012,Oregon,55-64,Male,10,47,0.2127659574468085
2012,Oregon,65+,Female,1,19,0.05263157894736842
2012,Oregon,65+,Male,3,47,0.06382978723404255
2012,Pennsylvania,0-14,Female,0,12,0
2012,Pennsylvania,0-14,Male,0,20,0
2012,Pennsylvania,15–19,Female,3,31,0.0967741935483871
2012,Pennsylvania,15–19,Male,12,87,0.13793103448275862
2012,Pennsylvania,20–24,Female,10,49,0.20408163265306123
2012,Pennsylvania,20–24,Male,50,146,0.3424657534246575
2012,Pennsylvania,25–34,Female,8,50,0.16
2012,Pennsylvania,25–34,Male,60,157,0.3821656050955414
2012,Pennsylvania,35–44,Female,6,37,0.16216216216216217
2012,Pennsylvania,35–44,Male,52,116,0.4482758620689655
2012,Pennsylvania,45-54,Female,9,63,0.14285714285714285
2012,Pennsylvania,45-54,Male,43,142,0.3028169014084507
2012,Pennsylvania,55-64,Female,2,28,0.07142857142857142
2012,Pennsylvania,55-64,Male,24,118,0.2033898305084746
2012,Pennsylvania,65+,Female,1,101,0.009900990099009901
2012,Pennsylvania,65+,Male,8,153,0.05228758169934641
2012,Puerto Rico,0-14,Female,0,5,0
2012,Puerto Rico,0-14,Male,0,3,0
2012,Puerto Rico,15–19,Female,1,2,0.5
2012,Puerto Rico,15–19,Male,4,17,0.23529411764705882
2012,Puerto Rico,20–24,Female,3,9,0.3333333333333333
2012,Puerto Rico,20–24,Male,13,47,0.2765957446808511
2012,Puerto Rico,25–34,Female,2,10,0.2
2012,Puerto Rico,25–34,Male,29,60,0.48333333333333334
2012,Puerto Rico,35–44,Female,0,4,0
2012,Puerto Rico,35–44,Male,22,39,0.5641025641025641
2012,Puerto Rico,45-54,Female,3,7,0.42857142857142855
2012,Puerto Rico,45-54,Male,21,42,0.5
2012,Puerto Rico,55-64,Female,2,10,0.2
2012,Puerto Rico,55-64,Male,18,39,0.46153846153846156
2012,Puerto Rico,65+,Female,1,17,0.058823529411764705
2012,Puerto Rico,65+,Male,15,48,0.3125
2012,Rhode Island,0-14,Female,0,1,0
2012,Rhode Island,0-14,Male,0,1,0
2012,Rhode Island,15–19,Female,0,2,0
2012,Rhode Island,15–19,Male,1,3,0.3333333333333333
2012,Rhode Island,20–24,Female,2,4,0.5
2012,Rhode Island,20–24,Male,1,2,0.5
2012,Rhode Island,25–34,Female,2,3,0.6666666666666666
2012,Rhode Island,25–34,Male,4,7,0.5714285714285714
2012,Rhode Island,35–44,Female,1,1,1
2012,Rhode Island,35–44,Male,3,10,0.3
2012,Rhode Island,45-54,Female,0,4,0
2012,Rhode Island,45-54,Male,7,11,0.6363636363636364
2012,Rhode Island,55-64,Female,0,0,NA
2012,Rhode Island,55-64,Male,1,5,0.2
2012,Rhode Island,65+,Female,0,6,0
2012,Rhode Island,65+,Male,0,4,0
2012,South Carolina,0-14,Female,0,10,0
2012,South Carolina,0-14,Male,0,9,0
2012,South Carolina,15–19,Female,4,24,0.16666666666666666
2012,South Carolina,15–19,Male,12,55,0.21818181818181817
2012,South Carolina,20–24,Female,12,31,0.3870967741935484
2012,South Carolina,20–24,Male,25,71,0.352112676056338
2012,South Carolina,25–34,Female,12,34,0.35294117647058826
2012,South Carolina,25–34,Male,56,123,0.45528455284552843
2012,South Carolina,35–44,Female,7,31,0.22580645161290322
2012,South Carolina,35–44,Male,43,88,0.48863636363636365
2012,South Carolina,45-54,Female,11,34,0.3235294117647059
2012,South Carolina,45-54,Male,54,118,0.4576271186440678
2012,South Carolina,55-64,Female,5,25,0.2
2012,South Carolina,55-64,Male,31,89,0.34831460674157305
2012,South Carolina,65+,Female,1,40,0.025
2012,South Carolina,65+,Male,8,78,0.10256410256410256
2012,South Dakota,0-14,Female,0,3,0
2012,South Dakota,0-14,Male,0,6,0
2012,South Dakota,15–19,Female,1,5,0.2
2012,South Dakota,15–19,Male,1,7,0.14285714285714285
2012,South Dakota,20–24,Female,0,6,0
2012,South Dakota,20–24,Male,4,9,0.4444444444444444
2012,South Dakota,25–34,Female,3,7,0.42857142857142855
2012,South Dakota,25–34,Male,6,15,0.4
2012,South Dakota,35–44,Female,1,9,0.1111111111111111
2012,South Dakota,35–44,Male,4,12,0.3333333333333333
2012,South Dakota,45-54,Female,1,2,0.5
2012,South Dakota,45-54,Male,7,17,0.4117647058823529
2012,South Dakota,55-64,Female,0,5,0
2012,South Dakota,55-64,Male,1,11,0.09090909090909091
2012,South Dakota,65+,Female,0,4,0
2012,South Dakota,65+,Male,0,15,0
2012,Tennessee,0-14,Female,0,7,0
2012,Tennessee,0-14,Male,0,16,0
2012,Tennessee,15–19,Female,4,23,0.17391304347826086
2012,Tennessee,15–19,Male,8,67,0.11940298507462686
2012,Tennessee,20–24,Female,6,38,0.15789473684210525
2012,Tennessee,20–24,Male,25,86,0.29069767441860467
2012,Tennessee,25–34,Female,8,35,0.22857142857142856
2012,Tennessee,25–34,Male,26,113,0.23008849557522124
2012,Tennessee,35–44,Female,8,43,0.18604651162790697
2012,Tennessee,35–44,Male,35,103,0.33980582524271846
2012,Tennessee,45-54,Female,3,28,0.10714285714285714
2012,Tennessee,45-54,Male,34,139,0.2446043165467626
2012,Tennessee,55-64,Female,0,34,0
2012,Tennessee,55-64,Male,28,108,0.25925925925925924
2012,Tennessee,65+,Female,0,57,0
2012,Tennessee,65+,Male,8,118,0.06779661016949153
2012,Texas,0-14,Female,0,78,0
2012,Texas,0-14,Male,2,104,0.019230769230769232
2012,Texas,15–19,Female,6,93,0.06451612903225806
2012,Texas,15–19,Male,22,169,0.1301775147928994
2012,Texas,20–24,Female,31,113,0.2743362831858407
2012,Texas,20–24,Male,115,352,0.32670454545454547
2012,Texas,25–34,Female,41,178,0.2303370786516854
2012,Texas,25–34,Male,159,512,0.310546875
2012,Texas,35–44,Female,18,121,0.1487603305785124
2012,Texas,35–44,Male,111,378,0.29365079365079366
2012,Texas,45-54,Female,18,142,0.1267605633802817
2012,Texas,45-54,Male,103,361,0.2853185595567867
2012,Texas,55-64,Female,4,101,0.039603960396039604
2012,Texas,55-64,Male,42,295,0.1423728813559322
2012,Texas,65+,Female,1,142,0.007042253521126761
2012,Texas,65+,Male,14,259,0.05405405405405406
2012,Utah,0-14,Female,0,6,0
2012,Utah,0-14,Male,0,7,0
2012,Utah,15–19,Female,0,6,0
2012,Utah,15–19,Male,0,13,0
2012,Utah,20–24,Female,0,7,0
2012,Utah,20–24,Male,0,18,0
2012,Utah,25–34,Female,1,18,0.05555555555555555
2012,Utah,25–34,Male,0,20,0
2012,Utah,35–44,Female,2,16,0.125
2012,Utah,35–44,Male,3,19,0.15789473684210525
2012,Utah,45-54,Female,1,11,0.09090909090909091
2012,Utah,45-54,Male,2,22,0.09090909090909091
2012,Utah,55-64,Female,0,8,0
2012,Utah,55-64,Male,3,22,0.13636363636363635
2012,Utah,65+,Female,0,12,0
2012,Utah,65+,Male,0,12,0
2012,Vermont,0-14,Female,0,0,NA
2012,Vermont,0-14,Male,0,2,0
2012,Vermont,15–19,Female,0,1,0
2012,Vermont,15–19,Male,1,3,0.3333333333333333
2012,Vermont,20–24,Female,1,3,0.3333333333333333
2012,Vermont,20–24,Male,6,9,0.6666666666666666
2012,Vermont,25–34,Female,0,5,0
2012,Vermont,25–34,Male,4,7,0.5714285714285714
2012,Vermont,35–44,Female,1,4,0.25
2012,Vermont,35–44,Male,0,2,0
2012,Vermont,45-54,Female,2,3,0.6666666666666666
2012,Vermont,45-54,Male,7,9,0.7777777777777778
2012,Vermont,55-64,Female,1,4,0.25
2012,Vermont,55-64,Male,2,11,0.18181818181818182
2012,Vermont,65+,Female,0,5,0
2012,Vermont,65+,Male,0,9,0
2012,Virginia,0-14,Female,0,7,0
2012,Virginia,0-14,Male,0,11,0
2012,Virginia,15–19,Female,1,19,0.05263157894736842
2012,Virginia,15–19,Male,6,42,0.14285714285714285
2012,Virginia,20–24,Female,4,24,0.16666666666666666
2012,Virginia,20–24,Male,27,77,0.35064935064935066
2012,Virginia,25–34,Female,7,31,0.22580645161290322
2012,Virginia,25–34,Male,37,90,0.4111111111111111
2012,Virginia,35–44,Female,3,28,0.10714285714285714
2012,Virginia,35–44,Male,22,70,0.3142857142857143
2012,Virginia,45-54,Female,7,32,0.21875
2012,Virginia,45-54,Male,30,98,0.30612244897959184
2012,Virginia,55-64,Female,4,28,0.14285714285714285
2012,Virginia,55-64,Male,15,82,0.18292682926829268
2012,Virginia,65+,Female,1,46,0.021739130434782608
2012,Virginia,65+,Male,2,90,0.022222222222222223
2012,Washington,0-14,Female,0,5,0
2012,Washington,0-14,Male,0,8,0
2012,Washington,15–19,Female,1,6,0.16666666666666666
2012,Washington,15–19,Male,7,22,0.3181818181818182
2012,Washington,20–24,Female,5,14,0.35714285714285715
2012,Washington,20–24,Male,22,47,0.46808510638297873
2012,Washington,25–34,Female,3,12,0.25
2012,Washington,25–34,Male,25,56,0.44642857142857145
2012,Washington,35–44,Female,6,19,0.3157894736842105
2012,Washington,35–44,Male,28,57,0.49122807017543857
2012,Washington,45-54,Female,4,19,0.21052631578947367
2012,Washington,45-54,Male,19,43,0.4418604651162791
2012,Washington,55-64,Female,0,16,0
2012,Washington,55-64,Male,8,39,0.20512820512820512
2012,Washington,65+,Female,0,20,0
2012,Washington,65+,Male,7,52,0.1346153846153846
2012,West Virginia,0-14,Female,0,5,0
2012,West Virginia,0-14,Male,0,8,0
2012,West Virginia,15–19,Female,0,5,0
2012,West Virginia,15–19,Male,2,15,0.13333333333333333
2012,West Virginia,20–24,Female,3,12,0.25
2012,West Virginia,20–24,Male,10,23,0.43478260869565216
2012,West Virginia,25–34,Female,0,9,0
2012,West Virginia,25–34,Male,27,51,0.5294117647058824
2012,West Virginia,35–44,Female,4,11,0.36363636363636365
2012,West Virginia,35–44,Male,16,42,0.38095238095238093
2012,West Virginia,45-54,Female,2,13,0.15384615384615385
2012,West Virginia,45-54,Male,10,37,0.2702702702702703
2012,West Virginia,55-64,Female,1,12,0.08333333333333333
2012,West Virginia,55-64,Male,5,34,0.14705882352941177
2012,West Virginia,65+,Female,0,18,0
2012,West Virginia,65+,Male,4,44,0.09090909090909091
2012,Wisconsin,0-14,Female,0,6,0
2012,Wisconsin,0-14,Male,0,8,0
2012,Wisconsin,15–19,Female,3,21,0.14285714285714285
2012,Wisconsin,15–19,Male,10,41,0.24390243902439024
2012,Wisconsin,20–24,Female,6,22,0.2727272727272727
2012,Wisconsin,20–24,Male,31,59,0.5254237288135594
2012,Wisconsin,25–34,Female,6,25,0.24
2012,Wisconsin,25–34,Male,29,51,0.5686274509803921
2012,Wisconsin,35–44,Female,12,24,0.5
2012,Wisconsin,35–44,Male,29,53,0.5471698113207547
2012,Wisconsin,45-54,Female,7,30,0.23333333333333334
2012,Wisconsin,45-54,Male,30,83,0.3614457831325301
2012,Wisconsin,55-64,Female,1,21,0.047619047619047616
2012,Wisconsin,55-64,Male,9,50,0.18
2012,Wisconsin,65+,Female,1,36,0.027777777777777776
2012,Wisconsin,65+,Male,7,85,0.08235294117647059
2012,Wyoming,0-14,Female,0,1,0
2012,Wyoming,0-14,Male,0,4,0
2012,Wyoming,15–19,Female,1,1,1
2012,Wyoming,15–19,Male,0,8,0
2012,Wyoming,20–24,Female,0,7,0
2012,Wyoming,20–24,Male,6,11,0.5454545454545454
2012,Wyoming,25–34,Female,2,5,0.4
2012,Wyoming,25–34,Male,8,17,0.47058823529411764
2012,Wyoming,35–44,Female,0,5,0
2012,Wyoming,35–44,Male,4,13,0.3076923076923077
2012,Wyoming,45-54,Female,1,4,0.25
2012,Wyoming,45-54,Male,2,6,0.3333333333333333
2012,Wyoming,55-64,Female,0,11,0
2012,Wyoming,55-64,Male,5,14,0.35714285714285715
2012,Wyoming,65+,Female,0,6,0
2012,Wyoming,65+,Male,0,10,0
2013,Alabama,0-14,Female,0,20,0
2013,Alabama,0-14,Male,0,26,0
2013,Alabama,15–19,Female,0,18,0
2013,Alabama,15–19,Male,3,43,0.06976744186046512
2013,Alabama,20–24,Female,4,29,0.13793103448275862
2013,Alabama,20–24,Male,14,75,0.18666666666666668
2013,Alabama,25–34,Female,9,45,0.2
2013,Alabama,25–34,Male,40,125,0.32
2013,Alabama,35–44,Female,9,50,0.18
2013,Alabama,35–44,Male,22,91,0.24175824175824176
2013,Alabama,45-54,Female,4,37,0.10810810810810811
2013,Alabama,45-54,Male,25,89,0.2808988764044944
2013,Alabama,55-64,Female,1,32,0.03125
2013,Alabama,55-64,Male,11,70,0.15714285714285714
2013,Alabama,65+,Female,1,42,0.023809523809523808
2013,Alabama,65+,Male,3,60,0.05
2013,Alaska,0-14,Female,0,2,0
2013,Alaska,0-14,Male,0,1,0
2013,Alaska,15–19,Female,0,3,0
2013,Alaska,15–19,Male,0,1,0
2013,Alaska,20–24,Female,0,3,0
2013,Alaska,20–24,Male,1,4,0.25
2013,Alaska,25–34,Female,1,2,0.5
2013,Alaska,25–34,Male,6,10,0.6
2013,Alaska,35–44,Female,0,2,0
2013,Alaska,35–44,Male,0,5,0
2013,Alaska,45-54,Female,0,1,0
2013,Alaska,45-54,Male,1,3,0.3333333333333333
2013,Alaska,55-64,Female,0,0,NA
2013,Alaska,55-64,Male,1,10,0.1
2013,Alaska,65+,Female,0,0,NA
2013,Alaska,65+,Male,0,4,0
2013,Arizona,0-14,Female,0,20,0
2013,Arizona,0-14,Male,0,28,0
2013,Arizona,15–19,Female,3,18,0.16666666666666666
2013,Arizona,15–19,Male,2,41,0.04878048780487805
2013,Arizona,20–24,Female,8,22,0.36363636363636365
2013,Arizona,20–24,Male,23,68,0.3382352941176471
2013,Arizona,25–34,Female,13,39,0.3333333333333333
2013,Arizona,25–34,Male,36,103,0.34951456310679613
2013,Arizona,35–44,Female,3,33,0.09090909090909091
2013,Arizona,35–44,Male,22,63,0.3492063492063492
2013,Arizona,45-54,Female,6,29,0.20689655172413793
2013,Arizona,45-54,Male,32,97,0.32989690721649484
2013,Arizona,55-64,Female,4,37,0.10810810810810811
2013,Arizona,55-64,Male,15,90,0.16666666666666666
2013,Arizona,65+,Female,1,52,0.019230769230769232
2013,Arizona,65+,Male,5,107,0.04672897196261682
2013,Arkansas,0-14,Female,0,10,0
2013,Arkansas,0-14,Male,0,15,0
2013,Arkansas,15–19,Female,1,11,0.09090909090909091
2013,Arkansas,15–19,Male,1,26,0.038461538461538464
2013,Arkansas,20–24,Female,2,8,0.25
2013,Arkansas,20–24,Male,10,39,0.2564102564102564
2013,Arkansas,25–34,Female,11,31,0.3548387096774194
2013,Arkansas,25–34,Male,24,69,0.34782608695652173
2013,Arkansas,35–44,Female,8,26,0.3076923076923077
2013,Arkansas,35–44,Male,16,47,0.3404255319148936
2013,Arkansas,45-54,Female,1,23,0.043478260869565216
2013,Arkansas,45-54,Male,9,46,0.1956521739130435
2013,Arkansas,55-64,Female,0,9,0
2013,Arkansas,55-64,Male,9,50,0.18
2013,Arkansas,65+,Female,0,36,0
2013,Arkansas,65+,Male,4,52,0.07692307692307693
2013,California,0-14,Female,0,42,0
2013,California,0-14,Male,1,60,0.016666666666666666
2013,California,15–19,Female,20,78,0.2564102564102564
2013,California,15–19,Male,26,145,0.1793103448275862
2013,California,20–24,Female,32,92,0.34782608695652173
2013,California,20–24,Male,145,344,0.42151162790697677
2013,California,25–34,Female,34,123,0.2764227642276423
2013,California,25–34,Male,178,439,0.4054669703872437
2013,California,35–44,Female,21,92,0.22826086956521738
2013,California,35–44,Male,114,320,0.35625
2013,California,45-54,Female,20,105,0.19047619047619047
2013,California,45-54,Male,106,321,0.3302180685358255
2013,California,55-64,Female,10,118,0.0847457627118644
2013,California,55-64,Male,57,317,0.17981072555205047
2013,California,65+,Female,3,201,0.014925373134328358
2013,California,65+,Male,26,304,0.08552631578947369
2013,Colorado,0-14,Female,0,8,0
2013,Colorado,0-14,Male,0,10,0
2013,Colorado,15–19,Female,3,12,0.25
2013,Colorado,15–19,Male,7,26,0.2692307692307692
2013,Colorado,20–24,Female,3,13,0.23076923076923078
2013,Colorado,20–24,Male,23,44,0.5227272727272727
2013,Colorado,25–34,Female,11,19,0.5789473684210527
2013,Colorado,25–34,Male,26,61,0.4262295081967213
2013,Colorado,35–44,Female,5,17,0.29411764705882354
2013,Colorado,35–44,Male,17,47,0.3617021276595745
2013,Colorado,45-54,Female,4,25,0.16
2013,Colorado,45-54,Male,10,51,0.19607843137254902
2013,Colorado,55-64,Female,0,17,0
2013,Colorado,55-64,Male,15,55,0.2727272727272727
2013,Colorado,65+,Female,1,22,0.045454545454545456
2013,Colorado,65+,Male,2,55,0.03636363636363636
2013,Connecticut,0-14,Female,0,4,0
2013,Connecticut,0-14,Male,0,4,0
2013,Connecticut,15–19,Female,4,7,0.5714285714285714
2013,Connecticut,15–19,Male,1,15,0.06666666666666667
2013,Connecticut,20–24,Female,7,14,0.5
2013,Connecticut,20–24,Male,7,36,0.19444444444444445
2013,Connecticut,25–34,Female,3,13,0.23076923076923078
2013,Connecticut,25–34,Male,15,41,0.36585365853658536
2013,Connecticut,35–44,Female,3,9,0.3333333333333333
2013,Connecticut,35–44,Male,10,30,0.3333333333333333
2013,Connecticut,45-54,Female,2,9,0.2222222222222222
2013,Connecticut,45-54,Male,9,34,0.2647058823529412
2013,Connecticut,55-64,Female,0,5,0
2013,Connecticut,55-64,Male,3,21,0.14285714285714285
2013,Connecticut,65+,Female,1,17,0.058823529411764705
2013,Connecticut,65+,Male,1,24,0.041666666666666664
2013,Delaware,0-14,Female,0,1,0
2013,Delaware,0-14,Male,0,1,0
2013,Delaware,15–19,Female,0,0,NA
2013,Delaware,15–19,Male,3,7,0.42857142857142855
2013,Delaware,20–24,Female,1,4,0.25
2013,Delaware,20–24,Male,1,4,0.25
2013,Delaware,25–34,Female,0,4,0
2013,Delaware,25–34,Male,5,11,0.45454545454545453
2013,Delaware,35–44,Female,1,5,0.2
2013,Delaware,35–44,Male,5,14,0.35714285714285715
2013,Delaware,45-54,Female,0,3,0
2013,Delaware,45-54,Male,4,12,0.3333333333333333
2013,Delaware,55-64,Female,0,3,0
2013,Delaware,55-64,Male,2,11,0.18181818181818182
2013,Delaware,65+,Female,0,9,0
2013,Delaware,65+,Male,1,10,0.1
2013,District of Columbia,0-14,Female,0,0,NA
2013,District of Columbia,0-14,Male,0,0,NA
2013,District of Columbia,15–19,Female,0,0,NA
2013,District of Columbia,15–19,Male,0,0,NA
2013,District of Columbia,20–24,Female,0,2,0
2013,District of Columbia,20–24,Male,1,1,1
2013,District of Columbia,25–34,Female,0,2,0
2013,District of Columbia,25–34,Male,0,3,0
2013,District of Columbia,35–44,Female,0,0,NA
2013,District of Columbia,35–44,Male,1,2,0.5
2013,District of Columbia,45-54,Female,0,0,NA
2013,District of Columbia,45-54,Male,1,3,0.3333333333333333
2013,District of Columbia,55-64,Female,0,1,0
2013,District of Columbia,55-64,Male,0,0,NA
2013,District of Columbia,65+,Female,0,2,0
2013,District of Columbia,65+,Male,0,4,0
2013,Florida,0-14,Female,0,41,0
2013,Florida,0-14,Male,0,28,0
2013,Florida,15–19,Female,2,45,0.044444444444444446
2013,Florida,15–19,Male,8,83,0.0963855421686747
2013,Florida,20–24,Female,18,78,0.23076923076923078
2013,Florida,20–24,Male,67,216,0.3101851851851852
2013,Florida,25–34,Female,22,96,0.22916666666666666
2013,Florida,25–34,Male,116,309,0.37540453074433655
2013,Florida,35–44,Female,14,70,0.2
2013,Florida,35–44,Male,84,249,0.3373493975903614
2013,Florida,45-54,Female,21,95,0.22105263157894736
2013,Florida,45-54,Male,111,286,0.3881118881118881
2013,Florida,55-64,Female,13,83,0.1566265060240964
2013,Florida,55-64,Male,60,249,0.24096385542168675
2013,Florida,65+,Female,4,156,0.02564102564102564
2013,Florida,65+,Male,22,298,0.0738255033557047
2013,Georgia,0-14,Female,0,24,0
2013,Georgia,0-14,Male,0,29,0
2013,Georgia,15–19,Female,1,30,0.03333333333333333
2013,Georgia,15–19,Male,6,68,0.08823529411764706
2013,Georgia,20–24,Female,3,39,0.07692307692307693
2013,Georgia,20–24,Male,22,91,0.24175824175824176
2013,Georgia,25–34,Female,10,69,0.14492753623188406
2013,Georgia,25–34,Male,41,133,0.3082706766917293
2013,Georgia,35–44,Female,7,51,0.13725490196078433
2013,Georgia,35–44,Male,33,111,0.2972972972972973
2013,Georgia,45-54,Female,5,55,0.09090909090909091
2013,Georgia,45-54,Male,36,137,0.26277372262773724
2013,Georgia,55-64,Female,2,37,0.05405405405405406
2013,Georgia,55-64,Male,21,114,0.18421052631578946
2013,Georgia,65+,Female,0,75,0
2013,Georgia,65+,Male,7,112,0.0625
2013,Hawaii,0-14,Female,0,2,0
2013,Hawaii,0-14,Male,0,2,0
2013,Hawaii,15–19,Female,1,2,0.5
2013,Hawaii,15–19,Male,3,7,0.42857142857142855
2013,Hawaii,20–24,Female,0,2,0
2013,Hawaii,20–24,Male,5,12,0.4166666666666667
2013,Hawaii,25–34,Female,2,6,0.3333333333333333
2013,Hawaii,25–34,Male,9,17,0.5294117647058824
2013,Hawaii,35–44,Female,1,1,1
2013,Hawaii,35–44,Male,5,10,0.5
2013,Hawaii,45-54,Female,1,6,0.16666666666666666
2013,Hawaii,45-54,Male,3,12,0.25
2013,Hawaii,55-64,Female,0,4,0
2013,Hawaii,55-64,Male,1,5,0.2
2013,Hawaii,65+,Female,0,4,0
2013,Hawaii,65+,Male,0,10,0
2013,Idaho,0-14,Female,0,5,0
2013,Idaho,0-14,Male,0,5,0
2013,Idaho,15–19,Female,1,7,0.14285714285714285
2013,Idaho,15–19,Male,1,11,0.09090909090909091
2013,Idaho,20–24,Female,3,12,0.25
2013,Idaho,20–24,Male,2,19,0.10526315789473684
2013,Idaho,25–34,Female,2,14,0.14285714285714285
2013,Idaho,25–34,Male,5,22,0.22727272727272727
2013,Idaho,35–44,Female,0,3,0
2013,Idaho,35–44,Male,8,18,0.4444444444444444
2013,Idaho,45-54,Female,1,8,0.125
2013,Idaho,45-54,Male,7,29,0.2413793103448276
2013,Idaho,55-64,Female,1,4,0.25
2013,Idaho,55-64,Male,4,25,0.16
2013,Idaho,65+,Female,0,14,0
2013,Idaho,65+,Male,1,18,0.05555555555555555
2013,Illinois,0-14,Female,0,11,0
2013,Illinois,0-14,Male,0,27,0
2013,Illinois,15–19,Female,3,36,0.08333333333333333
2013,Illinois,15–19,Male,8,41,0.1951219512195122
2013,Illinois,20–24,Female,12,40,0.3
2013,Illinois,20–24,Male,31,76,0.40789473684210525
2013,Illinois,25–34,Female,14,36,0.3888888888888889
2013,Illinois,25–34,Male,62,133,0.46616541353383456
2013,Illinois,35–44,Female,11,30,0.36666666666666664
2013,Illinois,35–44,Male,43,112,0.38392857142857145
2013,Illinois,45-54,Female,6,42,0.14285714285714285
2013,Illinois,45-54,Male,47,117,0.4017094017094017
2013,Illinois,55-64,Female,2,48,0.041666666666666664
2013,Illinois,55-64,Male,16,67,0.23880597014925373
2013,Illinois,65+,Female,1,60,0.016666666666666666
2013,Illinois,65+,Male,7,115,0.06086956521739131
2013,Indiana,0-14,Female,0,16,0
2013,Indiana,0-14,Male,0,18,0
2013,Indiana,15–19,Female,0,9,0
2013,Indiana,15–19,Male,6,64,0.09375
2013,Indiana,20–24,Female,7,31,0.22580645161290322
2013,Indiana,20–24,Male,15,68,0.22058823529411764
2013,Indiana,25–34,Female,5,31,0.16129032258064516
2013,Indiana,25–34,Male,30,102,0.29411764705882354
2013,Indiana,35–44,Female,5,25,0.2
2013,Indiana,35–44,Male,24,79,0.3037974683544304
2013,Indiana,45-54,Female,1,25,0.04
2013,Indiana,45-54,Male,13,79,0.16455696202531644
2013,Indiana,55-64,Female,1,31,0.03225806451612903
2013,Indiana,55-64,Male,9,80,0.1125
2013,Indiana,65+,Female,1,53,0.018867924528301886
2013,Indiana,65+,Male,3,73,0.0410958904109589
2013,Iowa,0-14,Female,0,5,0
2013,Iowa,0-14,Male,0,3,0
2013,Iowa,15–19,Female,0,5,0
2013,Iowa,15–19,Male,0,15,0
2013,Iowa,20–24,Female,1,12,0.08333333333333333
2013,Iowa,20–24,Male,13,38,0.34210526315789475
2013,Iowa,25–34,Female,1,9,0.1111111111111111
2013,Iowa,25–34,Male,13,37,0.35135135135135137
2013,Iowa,35–44,Female,0,7,0
2013,Iowa,35–44,Male,14,27,0.5185185185185185
2013,Iowa,45-54,Female,3,13,0.23076923076923078
2013,Iowa,45-54,Male,6,35,0.17142857142857143
2013,Iowa,55-64,Female,0,7,0
2013,Iowa,55-64,Male,5,37,0.13513513513513514
2013,Iowa,65+,Female,0,18,0
2013,Iowa,65+,Male,1,49,0.02040816326530612
2013,Kansas,0-14,Female,0,4,0
2013,Kansas,0-14,Male,0,9,0
2013,Kansas,15–19,Female,0,12,0
2013,Kansas,15–19,Male,2,17,0.11764705882352941
2013,Kansas,20–24,Female,3,6,0.5
2013,Kansas,20–24,Male,16,37,0.43243243243243246
2013,Kansas,25–34,Female,3,16,0.1875
2013,Kansas,25–34,Male,15,49,0.30612244897959184
2013,Kansas,35–44,Female,2,9,0.2222222222222222
2013,Kansas,35–44,Male,8,29,0.27586206896551724
2013,Kansas,45-54,Female,3,9,0.3333333333333333
2013,Kansas,45-54,Male,11,33,0.3333333333333333
2013,Kansas,55-64,Female,0,8,0
2013,Kansas,55-64,Male,6,28,0.21428571428571427
2013,Kansas,65+,Female,0,26,0
2013,Kansas,65+,Male,2,58,0.034482758620689655
2013,Kentucky,0-14,Female,0,9,0
2013,Kentucky,0-14,Male,0,8,0
2013,Kentucky,15–19,Female,2,19,0.10526315789473684
2013,Kentucky,15–19,Male,4,23,0.17391304347826086
2013,Kentucky,20–24,Female,4,23,0.17391304347826086
2013,Kentucky,20–24,Male,13,40,0.325
2013,Kentucky,25–34,Female,4,34,0.11764705882352941
2013,Kentucky,25–34,Male,32,73,0.4383561643835616
2013,Kentucky,35–44,Female,7,23,0.30434782608695654
2013,Kentucky,35–44,Male,24,63,0.38095238095238093
2013,Kentucky,45-54,Female,5,32,0.15625
2013,Kentucky,45-54,Male,22,63,0.3492063492063492
2013,Kentucky,55-64,Female,3,34,0.08823529411764706
2013,Kentucky,55-64,Male,11,65,0.16923076923076924
2013,Kentucky,65+,Female,0,54,0
2013,Kentucky,65+,Male,8,75,0.10666666666666667
2013,Louisiana,0-14,Female,0,8,0
2013,Louisiana,0-14,Male,0,16,0
2013,Louisiana,15–19,Female,1,16,0.0625
2013,Louisiana,15–19,Male,3,27,0.1111111111111111
2013,Louisiana,20–24,Female,1,23,0.043478260869565216
2013,Louisiana,20–24,Male,13,70,0.18571428571428572
2013,Louisiana,25–34,Female,7,32,0.21875
2013,Louisiana,25–34,Male,41,110,0.37272727272727274
2013,Louisiana,35–44,Female,6,31,0.1935483870967742
2013,Louisiana,35–44,Male,29,75,0.38666666666666666
2013,Louisiana,45-54,Female,9,37,0.24324324324324326
2013,Louisiana,45-54,Male,29,92,0.31521739130434784
2013,Louisiana,55-64,Female,1,25,0.04
2013,Louisiana,55-64,Male,21,57,0.3684210526315789
2013,Louisiana,65+,Female,0,32,0
2013,Louisiana,65+,Male,6,50,0.12
2013,Maine,0-14,Female,0,1,0
2013,Maine,0-14,Male,0,1,0
2013,Maine,15–19,Female,0,7,0
2013,Maine,15–19,Male,1,5,0.2
2013,Maine,20–24,Female,3,4,0.75
2013,Maine,20–24,Male,5,17,0.29411764705882354
2013,Maine,25–34,Female,1,3,0.3333333333333333
2013,Maine,25–34,Male,8,21,0.38095238095238093
2013,Maine,35–44,Female,0,7,0
2013,Maine,35–44,Male,1,9,0.1111111111111111
2013,Maine,45-54,Female,0,2,0
2013,Maine,45-54,Male,5,11,0.45454545454545453
2013,Maine,55-64,Female,1,8,0.125
2013,Maine,55-64,Male,3,14,0.21428571428571427
2013,Maine,65+,Female,1,10,0.1
2013,Maine,65+,Male,2,24,0.08333333333333333
2013,Maryland,0-14,Female,0,10,0
2013,Maryland,0-14,Male,0,9,0
2013,Maryland,15–19,Female,0,11,0
2013,Maryland,15–19,Male,1,20,0.05
2013,Maryland,20–24,Female,6,15,0.4
2013,Maryland,20–24,Male,20,42,0.47619047619047616
2013,Maryland,25–34,Female,5,13,0.38461538461538464
2013,Maryland,25–34,Male,28,68,0.4117647058823529
2013,Maryland,35–44,Female,1,7,0.14285714285714285
2013,Maryland,35–44,Male,19,50,0.38
2013,Maryland,45-54,Female,0,18,0
2013,Maryland,45-54,Male,24,65,0.36923076923076925
2013,Maryland,55-64,Female,2,12,0.16666666666666666
2013,Maryland,55-64,Male,17,60,0.2833333333333333
2013,Maryland,65+,Female,1,24,0.041666666666666664
2013,Maryland,65+,Male,2,39,0.05128205128205128
2013,Massachusetts,0-14,Female,0,2,0
2013,Massachusetts,0-14,Male,0,6,0
2013,Massachusetts,15–19,Female,1,9,0.1111111111111111
2013,Massachusetts,15–19,Male,5,16,0.3125
2013,Massachusetts,20–24,Female,4,15,0.26666666666666666
2013,Massachusetts,20–24,Male,18,42,0.42857142857142855
2013,Massachusetts,25–34,Female,2,13,0.15384615384615385
2013,Massachusetts,25–34,Male,12,30,0.4
2013,Massachusetts,35–44,Female,4,16,0.25
2013,Massachusetts,35–44,Male,7,23,0.30434782608695654
2013,Massachusetts,45-54,Female,2,13,0.15384615384615385
2013,Massachusetts,45-54,Male,12,30,0.4
2013,Massachusetts,55-64,Female,0,14,0
2013,Massachusetts,55-64,Male,2,36,0.05555555555555555
2013,Massachusetts,65+,Female,2,36,0.05555555555555555
2013,Massachusetts,65+,Male,3,50,0.06
2013,Michigan,0-14,Female,0,15,0
2013,Michigan,0-14,Male,0,18,0
2013,Michigan,15–19,Female,2,26,0.07692307692307693
2013,Michigan,15–19,Male,5,33,0.15151515151515152
2013,Michigan,20–24,Female,2,23,0.08695652173913043
2013,Michigan,20–24,Male,20,80,0.25
2013,Michigan,25–34,Female,8,35,0.22857142857142856
2013,Michigan,25–34,Male,34,100,0.34
2013,Michigan,35–44,Female,6,42,0.14285714285714285
2013,Michigan,35–44,Male,21,87,0.2413793103448276
2013,Michigan,45-54,Female,9,53,0.16981132075471697
2013,Michigan,45-54,Male,29,110,0.2636363636363636
2013,Michigan,55-64,Female,1,29,0.034482758620689655
2013,Michigan,55-64,Male,13,99,0.13131313131313133
2013,Michigan,65+,Female,1,66,0.015151515151515152
2013,Michigan,65+,Male,11,131,0.08396946564885496
2013,Minnesota,0-14,Female,0,7,0
2013,Minnesota,0-14,Male,0,11,0
2013,Minnesota,15–19,Female,1,14,0.07142857142857142
2013,Minnesota,15–19,Male,2,14,0.14285714285714285
2013,Minnesota,20–24,Female,2,9,0.2222222222222222
2013,Minnesota,20–24,Male,14,32,0.4375
2013,Minnesota,25–34,Female,2,14,0.14285714285714285
2013,Minnesota,25–34,Male,20,45,0.4444444444444444
2013,Minnesota,35–44,Female,0,8,0
2013,Minnesota,35–44,Male,13,31,0.41935483870967744
2013,Minnesota,45-54,Female,5,19,0.2631578947368421
2013,Minnesota,45-54,Male,9,37,0.24324324324324326
2013,Minnesota,55-64,Female,2,18,0.1111111111111111
2013,Minnesota,55-64,Male,8,40,0.2
2013,Minnesota,65+,Female,1,38,0.02631578947368421
2013,Minnesota,65+,Male,1,48,0.020833333333333332
2013,Mississippi,0-14,Female,0,10,0
2013,Mississippi,0-14,Male,0,9,0
2013,Mississippi,15–19,Female,1,12,0.08333333333333333
2013,Mississippi,15–19,Male,5,35,0.14285714285714285
2013,Mississippi,20–24,Female,2,10,0.2
2013,Mississippi,20–24,Male,9,45,0.2
2013,Mississippi,25–34,Female,2,37,0.05405405405405406
2013,Mississippi,25–34,Male,25,70,0.35714285714285715
2013,Mississippi,35–44,Female,4,25,0.16
2013,Mississippi,35–44,Male,20,60,0.3333333333333333
2013,Mississippi,45-54,Female,4,39,0.10256410256410256
2013,Mississippi,45-54,Male,16,77,0.2077922077922078
2013,Mississippi,55-64,Female,2,27,0.07407407407407407
2013,Mississippi,55-64,Male,18,80,0.225
2013,Mississippi,65+,Female,0,31,0
2013,Mississippi,65+,Male,5,46,0.10869565217391304
2013,Missouri,0-14,Female,0,18,0
2013,Missouri,0-14,Male,0,16,0
2013,Missouri,15–19,Female,1,25,0.04
2013,Missouri,15–19,Male,5,47,0.10638297872340426
2013,Missouri,20–24,Female,8,36,0.2222222222222222
2013,Missouri,20–24,Male,35,67,0.5223880597014925
2013,Missouri,25–34,Female,9,26,0.34615384615384615
2013,Missouri,25–34,Male,46,110,0.41818181818181815
2013,Missouri,35–44,Female,10,31,0.3225806451612903
2013,Missouri,35–44,Male,34,77,0.44155844155844154
2013,Missouri,45-54,Female,2,28,0.07142857142857142
2013,Missouri,45-54,Male,18,60,0.3
2013,Missouri,55-64,Female,2,27,0.07407407407407407
2013,Missouri,55-64,Male,12,57,0.21052631578947367
2013,Missouri,65+,Female,0,63,0
2013,Missouri,65+,Male,2,69,0.028985507246376812
2013,Montana,0-14,Female,0,4,0
2013,Montana,0-14,Male,0,1,0
2013,Montana,15–19,Female,0,6,0
2013,Montana,15–19,Male,7,13,0.5384615384615384
2013,Montana,20–24,Female,3,10,0.3
2013,Montana,20–24,Male,10,23,0.43478260869565216
2013,Montana,25–34,Female,4,10,0.4
2013,Montana,25–34,Male,14,28,0.5
2013,Montana,35–44,Female,5,12,0.4166666666666667
2013,Montana,35–44,Male,7,17,0.4117647058823529
2013,Montana,45-54,Female,4,8,0.5
2013,Montana,45-54,Male,14,27,0.5185185185185185
2013,Montana,55-64,Female,2,10,0.2
2013,Montana,55-64,Male,3,18,0.16666666666666666
2013,Montana,65+,Female,0,13,0
2013,Montana,65+,Male,2,29,0.06896551724137931
2013,Nebraska,0-14,Female,0,3,0
2013,Nebraska,0-14,Male,0,6,0
2013,Nebraska,15–19,Female,2,12,0.16666666666666666
2013,Nebraska,15–19,Male,1,15,0.06666666666666667
2013,Nebraska,20–24,Female,3,8,0.375
2013,Nebraska,20–24,Male,7,26,0.2692307692307692
2013,Nebraska,25–34,Female,1,12,0.08333333333333333
2013,Nebraska,25–34,Male,9,28,0.32142857142857145
2013,Nebraska,35–44,Female,0,5,0
2013,Nebraska,35–44,Male,7,14,0.5
2013,Nebraska,45-54,Female,0,10,0
2013,Nebraska,45-54,Male,6,22,0.2727272727272727
2013,Nebraska,55-64,Female,0,8,0
2013,Nebraska,55-64,Male,5,18,0.2777777777777778
2013,Nebraska,65+,Female,0,8,0
2013,Nebraska,65+,Male,1,16,0.0625
2013,Nevada,0-14,Female,0,6,0
2013,Nevada,0-14,Male,0,3,0
2013,Nevada,15–19,Female,2,5,0.4
2013,Nevada,15–19,Male,0,13,0
2013,Nevada,20–24,Female,1,8,0.125
2013,Nevada,20–24,Male,9,21,0.42857142857142855
2013,Nevada,25–34,Female,6,11,0.5454545454545454
2013,Nevada,25–34,Male,25,45,0.5555555555555556
2013,Nevada,35–44,Female,1,9,0.1111111111111111
2013,Nevada,35–44,Male,10,23,0.43478260869565216
2013,Nevada,45-54,Female,4,15,0.26666666666666666
2013,Nevada,45-54,Male,11,34,0.3235294117647059
2013,Nevada,55-64,Female,1,5,0.2
2013,Nevada,55-64,Male,6,24,0.25
2013,Nevada,65+,Female,1,16,0.0625
2013,Nevada,65+,Male,0,28,0
2013,New Hampshire,0-14,Female,0,1,0
2013,New Hampshire,0-14,Male,0,0,NA
2013,New Hampshire,15–19,Female,0,3,0
2013,New Hampshire,15–19,Male,1,6,0.16666666666666666
2013,New Hampshire,20–24,Female,2,5,0.4
2013,New Hampshire,20–24,Male,3,10,0.3
2013,New Hampshire,25–34,Female,1,5,0.2
2013,New Hampshire,25–34,Male,5,15,0.3333333333333333
2013,New Hampshire,35–44,Female,1,6,0.16666666666666666
2013,New Hampshire,35–44,Male,6,12,0.5
2013,New Hampshire,45-54,Female,2,5,0.4
2013,New Hampshire,45-54,Male,9,15,0.6
2013,New Hampshire,55-64,Female,0,5,0
2013,New Hampshire,55-64,Male,6,16,0.375
2013,New Hampshire,65+,Female,0,13,0
2013,New Hampshire,65+,Male,0,18,0
2013,New Jersey,0-14,Female,0,10,0
2013,New Jersey,0-14,Male,1,10,0.1
2013,New Jersey,15–19,Female,0,8,0
2013,New Jersey,15–19,Male,4,18,0.2222222222222222
2013,New Jersey,20–24,Female,2,14,0.14285714285714285
2013,New Jersey,20–24,Male,22,55,0.4
2013,New Jersey,25–34,Female,5,14,0.35714285714285715
2013,New Jersey,25–34,Male,27,77,0.35064935064935066
2013,New Jersey,35–44,Female,3,15,0.2
2013,New Jersey,35–44,Male,13,47,0.2765957446808511
2013,New Jersey,45-54,Female,3,12,0.25
2013,New Jersey,45-54,Male,18,52,0.34615384615384615
2013,New Jersey,55-64,Female,2,19,0.10526315789473684
2013,New Jersey,55-64,Male,10,53,0.18867924528301888
2013,New Jersey,65+,Female,0,53,0
2013,New Jersey,65+,Male,5,84,0.05952380952380952
2013,New Mexico,0-14,Female,1,9,0.1111111111111111
2013,New Mexico,0-14,Male,0,9,0
2013,New Mexico,15–19,Female,1,10,0.1
2013,New Mexico,15–19,Male,1,14,0.07142857142857142
2013,New Mexico,20–24,Female,6,15,0.4
2013,New Mexico,20–24,Male,9,25,0.36
2013,New Mexico,25–34,Female,6,19,0.3157894736842105
2013,New Mexico,25–34,Male,17,41,0.4146341463414634
2013,New Mexico,35–44,Female,5,11,0.45454545454545453
2013,New Mexico,35–44,Male,9,27,0.3333333333333333
2013,New Mexico,45-54,Female,4,12,0.3333333333333333
2013,New Mexico,45-54,Male,16,37,0.43243243243243246
2013,New Mexico,55-64,Female,3,13,0.23076923076923078
2013,New Mexico,55-64,Male,11,27,0.4074074074074074
2013,New Mexico,65+,Female,0,11,0
2013,New Mexico,65+,Male,0,29,0
2013,New York,0-14,Female,0,14,0
2013,New York,0-14,Male,0,23,0
2013,New York,15–19,Female,2,31,0.06451612903225806
2013,New York,15–19,Male,5,58,0.08620689655172414
2013,New York,20–24,Female,6,35,0.17142857142857143
2013,New York,20–24,Male,47,115,0.40869565217391307
2013,New York,25–34,Female,9,45,0.2
2013,New York,25–34,Male,69,153,0.45098039215686275
2013,New York,35–44,Female,5,24,0.20833333333333334
2013,New York,35–44,Male,37,102,0.3627450980392157
2013,New York,45-54,Female,9,41,0.21951219512195122
2013,New York,45-54,Male,37,119,0.31092436974789917
2013,New York,55-64,Female,3,47,0.06382978723404255
2013,New York,55-64,Male,23,107,0.21495327102803738
2013,New York,65+,Female,1,116,0.008620689655172414
2013,New York,65+,Male,6,164,0.036585365853658534
2013,North Carolina,0-14,Female,0,26,0
2013,North Carolina,0-14,Male,0,24,0
2013,North Carolina,15–19,Female,1,17,0.058823529411764705
2013,North Carolina,15–19,Male,10,61,0.16393442622950818
2013,North Carolina,20–24,Female,10,40,0.25
2013,North Carolina,20–24,Male,48,129,0.37209302325581395
2013,North Carolina,25–34,Female,12,60,0.2
2013,North Carolina,25–34,Male,73,155,0.47096774193548385
2013,North Carolina,35–44,Female,8,60,0.13333333333333333
2013,North Carolina,35–44,Male,53,123,0.43089430894308944
2013,North Carolina,45-54,Female,15,51,0.29411764705882354
2013,North Carolina,45-54,Male,59,157,0.37579617834394907
2013,North Carolina,55-64,Female,8,44,0.18181818181818182
2013,North Carolina,55-64,Male,29,125,0.232
2013,North Carolina,65+,Female,1,74,0.013513513513513514
2013,North Carolina,65+,Male,7,144,0.04861111111111111
2013,North Dakota,0-14,Female,0,3,0
2013,North Dakota,0-14,Male,0,1,0
2013,North Dakota,15–19,Female,1,3,0.3333333333333333
2013,North Dakota,15–19,Male,1,7,0.14285714285714285
2013,North Dakota,20–24,Female,0,2,0
2013,North Dakota,20–24,Male,8,19,0.42105263157894735
2013,North Dakota,25–34,Female,0,4,0
2013,North Dakota,25–34,Male,15,25,0.6
2013,North Dakota,35–44,Female,1,4,0.25
2013,North Dakota,35–44,Male,9,21,0.42857142857142855
2013,North Dakota,45-54,Female,3,6,0.5
2013,North Dakota,45-54,Male,12,29,0.41379310344827586
2013,North Dakota,55-64,Female,1,5,0.2
2013,North Dakota,55-64,Male,3,11,0.2727272727272727
2013,North Dakota,65+,Female,0,4,0
2013,North Dakota,65+,Male,1,4,0.25
2013,Ohio,0-14,Female,0,12,0
2013,Ohio,0-14,Male,0,20,0
2013,Ohio,15–19,Female,1,26,0.038461538461538464
2013,Ohio,15–19,Male,10,51,0.19607843137254902
2013,Ohio,20–24,Female,6,39,0.15384615384615385
2013,Ohio,20–24,Male,22,76,0.2894736842105263
2013,Ohio,25–34,Female,15,46,0.32608695652173914
2013,Ohio,25–34,Male,50,118,0.423728813559322
2013,Ohio,35–44,Female,6,35,0.17142857142857143
2013,Ohio,35–44,Male,36,91,0.3956043956043956
2013,Ohio,45-54,Female,4,40,0.1
2013,Ohio,45-54,Male,33,100,0.33
2013,Ohio,55-64,Female,3,49,0.061224489795918366
2013,Ohio,55-64,Male,22,115,0.19130434782608696
2013,Ohio,65+,Female,4,67,0.05970149253731343
2013,Ohio,65+,Male,5,104,0.04807692307692308
2013,Oklahoma,0-14,Female,0,16,0
2013,Oklahoma,0-14,Male,0,18,0
2013,Oklahoma,15–19,Female,4,17,0.23529411764705882
2013,Oklahoma,15–19,Male,4,33,0.12121212121212122
2013,Oklahoma,20–24,Female,2,18,0.1111111111111111
2013,Oklahoma,20–24,Male,17,51,0.3333333333333333
2013,Oklahoma,25–34,Female,7,27,0.25925925925925924
2013,Oklahoma,25–34,Male,21,81,0.25925925925925924
2013,Oklahoma,35–44,Female,5,32,0.15625
2013,Oklahoma,35–44,Male,24,67,0.3582089552238806
2013,Oklahoma,45-54,Female,7,31,0.22580645161290322
2013,Oklahoma,45-54,Male,26,78,0.3333333333333333
2013,Oklahoma,55-64,Female,3,30,0.1
2013,Oklahoma,55-64,Male,20,75,0.26666666666666666
2013,Oklahoma,65+,Female,0,41,0
2013,Oklahoma,65+,Male,2,63,0.031746031746031744
2013,Oregon,0-14,Female,0,6,0
2013,Oregon,0-14,Male,0,3,0
2013,Oregon,15–19,Female,0,7,0
2013,Oregon,15–19,Male,1,14,0.07142857142857142
2013,Oregon,20–24,Female,5,16,0.3125
2013,Oregon,20–24,Male,9,21,0.42857142857142855
2013,Oregon,25–34,Female,6,13,0.46153846153846156
2013,Oregon,25–34,Male,23,39,0.5897435897435898
2013,Oregon,35–44,Female,1,5,0.2
2013,Oregon,35–44,Male,19,34,0.5588235294117647
2013,Oregon,45-54,Female,2,8,0.25
2013,Oregon,45-54,Male,17,38,0.4473684210526316
2013,Oregon,55-64,Female,1,15,0.06666666666666667
2013,Oregon,55-64,Male,5,27,0.18518518518518517
2013,Oregon,65+,Female,3,27,0.1111111111111111
2013,Oregon,65+,Male,5,40,0.125
2013,Pennsylvania,0-14,Female,0,15,0
2013,Pennsylvania,0-14,Male,0,17,0
2013,Pennsylvania,15–19,Female,2,30,0.06666666666666667
2013,Pennsylvania,15–19,Male,4,51,0.0784313725490196
2013,Pennsylvania,20–24,Female,9,31,0.2903225806451613
2013,Pennsylvania,20–24,Male,38,135,0.2814814814814815
2013,Pennsylvania,25–34,Female,7,54,0.12962962962962962
2013,Pennsylvania,25–34,Male,46,139,0.33093525179856115
2013,Pennsylvania,35–44,Female,3,35,0.08571428571428572
2013,Pennsylvania,35–44,Male,40,112,0.35714285714285715
2013,Pennsylvania,45-54,Female,6,37,0.16216216216216217
2013,Pennsylvania,45-54,Male,48,138,0.34782608695652173
2013,Pennsylvania,55-64,Female,5,42,0.11904761904761904
2013,Pennsylvania,55-64,Male,24,113,0.21238938053097345
2013,Pennsylvania,65+,Female,2,103,0.019417475728155338
2013,Pennsylvania,65+,Male,7,157,0.044585987261146494
2013,Puerto Rico,0-14,Female,0,7,0
2013,Puerto Rico,0-14,Male,0,6,0
2013,Puerto Rico,15–19,Female,0,8,0
2013,Puerto Rico,15–19,Male,2,11,0.18181818181818182
2013,Puerto Rico,20–24,Female,1,5,0.2
2013,Puerto Rico,20–24,Male,13,40,0.325
2013,Puerto Rico,25–34,Female,3,4,0.75
2013,Puerto Rico,25–34,Male,26,52,0.5
2013,Puerto Rico,35–44,Female,7,10,0.7
2013,Puerto Rico,35–44,Male,17,32,0.53125
2013,Puerto Rico,45-54,Female,1,10,0.1
2013,Puerto Rico,45-54,Male,17,35,0.4857142857142857
2013,Puerto Rico,55-64,Female,3,10,0.3
2013,Puerto Rico,55-64,Male,19,42,0.4523809523809524
2013,Puerto Rico,65+,Female,0,19,0
2013,Puerto Rico,65+,Male,10,40,0.25
2013,Rhode Island,0-14,Female,0,0,NA
2013,Rhode Island,0-14,Male,0,1,0
2013,Rhode Island,15–19,Female,0,1,0
2013,Rhode Island,15–19,Male,1,4,0.25
2013,Rhode Island,20–24,Female,3,3,1
2013,Rhode Island,20–24,Male,3,7,0.42857142857142855
2013,Rhode Island,25–34,Female,0,0,NA
2013,Rhode Island,25–34,Male,5,10,0.5
2013,Rhode Island,35–44,Female,0,2,0
2013,Rhode Island,35–44,Male,3,6,0.5
2013,Rhode Island,45-54,Female,0,2,0
2013,Rhode Island,45-54,Male,4,4,1
2013,Rhode Island,55-64,Female,0,0,NA
2013,Rhode Island,55-64,Male,1,4,0.25
2013,Rhode Island,65+,Female,2,8,0.25
2013,Rhode Island,65+,Male,0,13,0
2013,South Carolina,0-14,Female,0,4,0
2013,South Carolina,0-14,Male,0,9,0
2013,South Carolina,15–19,Female,2,8,0.25
2013,South Carolina,15–19,Male,9,34,0.2647058823529412
2013,South Carolina,20–24,Female,5,27,0.18518518518518517
2013,South Carolina,20–24,Male,32,79,0.4050632911392405
2013,South Carolina,25–34,Female,11,33,0.3333333333333333
2013,South Carolina,25–34,Male,57,111,0.5135135135135135
2013,South Carolina,35–44,Female,14,28,0.5
2013,South Carolina,35–44,Male,51,93,0.5483870967741935
2013,South Carolina,45-54,Female,5,28,0.17857142857142858
2013,South Carolina,45-54,Male,43,100,0.43
2013,South Carolina,55-64,Female,4,26,0.15384615384615385
2013,South Carolina,55-64,Male,24,82,0.2926829268292683
2013,South Carolina,65+,Female,0,31,0
2013,South Carolina,65+,Male,8,73,0.1095890410958904
2013,South Dakota,0-14,Female,0,0,NA
2013,South Dakota,0-14,Male,0,2,0
2013,South Dakota,15–19,Female,0,1,0
2013,South Dakota,15–19,Male,0,4,0
2013,South Dakota,20–24,Female,3,8,0.375
2013,South Dakota,20–24,Male,6,10,0.6
2013,South Dakota,25–34,Female,3,12,0.25
2013,South Dakota,25–34,Male,9,16,0.5625
2013,South Dakota,35–44,Female,0,4,0
2013,South Dakota,35–44,Male,5,14,0.35714285714285715
2013,South Dakota,45-54,Female,0,5,0
2013,South Dakota,45-54,Male,5,10,0.5
2013,South Dakota,55-64,Female,0,5,0
2013,South Dakota,55-64,Male,2,16,0.125
2013,South Dakota,65+,Female,0,10,0
2013,South Dakota,65+,Male,0,18,0
2013,Tennessee,0-14,Female,0,12,0
2013,Tennessee,0-14,Male,0,16,0
2013,Tennessee,15–19,Female,1,17,0.058823529411764705
2013,Tennessee,15–19,Male,4,38,0.10526315789473684
2013,Tennessee,20–24,Female,5,30,0.16666666666666666
2013,Tennessee,20–24,Male,24,97,0.24742268041237114
2013,Tennessee,25–34,Female,8,44,0.18181818181818182
2013,Tennessee,25–34,Male,36,135,0.26666666666666666
2013,Tennessee,35–44,Female,10,52,0.19230769230769232
2013,Tennessee,35–44,Male,33,99,0.3333333333333333
2013,Tennessee,45-54,Female,8,45,0.17777777777777778
2013,Tennessee,45-54,Male,30,99,0.30303030303030304
2013,Tennessee,55-64,Female,3,32,0.09375
2013,Tennessee,55-64,Male,11,86,0.12790697674418605
2013,Tennessee,65+,Female,0,68,0
2013,Tennessee,65+,Male,4,125,0.032
2013,Texas,0-14,Female,0,44,0
2013,Texas,0-14,Male,0,82,0
2013,Texas,15–19,Female,4,91,0.04395604395604396
2013,Texas,15–19,Male,19,166,0.1144578313253012
2013,Texas,20–24,Female,37,119,0.31092436974789917
2013,Texas,20–24,Male,103,356,0.2893258426966292
2013,Texas,25–34,Female,33,153,0.21568627450980393
2013,Texas,25–34,Male,145,482,0.3008298755186722
2013,Texas,35–44,Female,22,126,0.1746031746031746
2013,Texas,35–44,Male,112,386,0.29015544041450775
2013,Texas,45-54,Female,15,133,0.11278195488721804
2013,Texas,45-54,Male,96,385,0.24935064935064935
2013,Texas,55-64,Female,9,110,0.08181818181818182
2013,Texas,55-64,Male,56,308,0.18181818181818182
2013,Texas,65+,Female,1,165,0.006060606060606061
2013,Texas,65+,Male,15,278,0.0539568345323741
2013,Utah,0-14,Female,0,4,0
2013,Utah,0-14,Male,0,4,0
2013,Utah,15–19,Female,0,7,0
2013,Utah,15–19,Male,1,9,0.1111111111111111
2013,Utah,20–24,Female,2,13,0.15384615384615385
2013,Utah,20–24,Male,1,6,0.16666666666666666
2013,Utah,25–34,Female,3,13,0.23076923076923078
2013,Utah,25–34,Male,3,17,0.17647058823529413
2013,Utah,35–44,Female,1,4,0.25
2013,Utah,35–44,Male,5,29,0.1724137931034483
2013,Utah,45-54,Female,1,9,0.1111111111111111
2013,Utah,45-54,Male,4,20,0.2
2013,Utah,55-64,Female,1,13,0.07692307692307693
2013,Utah,55-64,Male,6,25,0.24
2013,Utah,65+,Female,0,17,0
2013,Utah,65+,Male,1,30,0.03333333333333333
2013,Vermont,0-14,Female,0,0,NA
2013,Vermont,0-14,Male,0,0,NA
2013,Vermont,15–19,Female,0,0,NA
2013,Vermont,15–19,Male,0,5,0
2013,Vermont,20–24,Female,1,5,0.2
2013,Vermont,20–24,Male,2,5,0.4
2013,Vermont,25–34,Female,0,1,0
2013,Vermont,25–34,Male,8,11,0.7272727272727273
2013,Vermont,35–44,Female,1,2,0.5
2013,Vermont,35–44,Male,0,2,0
2013,Vermont,45-54,Female,1,5,0.2
2013,Vermont,45-54,Male,2,5,0.4
2013,Vermont,55-64,Female,1,4,0.25
2013,Vermont,55-64,Male,0,4,0
2013,Vermont,65+,Female,0,12,0
2013,Vermont,65+,Male,0,8,0
2013,Virginia,0-14,Female,0,6,0
2013,Virginia,0-14,Male,0,8,0
2013,Virginia,15–19,Female,3,20,0.15
2013,Virginia,15–19,Male,2,25,0.08
2013,Virginia,20–24,Female,6,22,0.2727272727272727
2013,Virginia,20–24,Male,28,68,0.4117647058823529
2013,Virginia,25–34,Female,9,30,0.3
2013,Virginia,25–34,Male,46,107,0.42990654205607476
2013,Virginia,35–44,Female,8,24,0.3333333333333333
2013,Virginia,35–44,Male,17,61,0.2786885245901639
2013,Virginia,45-54,Female,4,25,0.16
2013,Virginia,45-54,Male,30,93,0.3225806451612903
2013,Virginia,55-64,Female,3,27,0.1111111111111111
2013,Virginia,55-64,Male,18,67,0.26865671641791045
2013,Virginia,65+,Female,4,53,0.07547169811320754
2013,Virginia,65+,Male,13,104,0.125
2013,Washington,0-14,Female,0,7,0
2013,Washington,0-14,Male,0,6,0
2013,Washington,15–19,Female,4,19,0.21052631578947367
2013,Washington,15–19,Male,1,26,0.038461538461538464
2013,Washington,20–24,Female,4,13,0.3076923076923077
2013,Washington,20–24,Male,21,48,0.4375
2013,Washington,25–34,Female,6,17,0.35294117647058826
2013,Washington,25–34,Male,27,49,0.5510204081632653
2013,Washington,35–44,Female,4,13,0.3076923076923077
2013,Washington,35–44,Male,22,41,0.5365853658536586
2013,Washington,45-54,Female,2,17,0.11764705882352941
2013,Washington,45-54,Male,22,54,0.4074074074074074
2013,Washington,55-64,Female,1,16,0.0625
2013,Washington,55-64,Male,11,36,0.3055555555555556
2013,Washington,65+,Female,0,28,0
2013,Washington,65+,Male,2,46,0.043478260869565216
2013,West Virginia,0-14,Female,0,8,0
2013,West Virginia,0-14,Male,0,5,0
2013,West Virginia,15–19,Female,1,7,0.14285714285714285
2013,West Virginia,15–19,Male,4,19,0.21052631578947367
2013,West Virginia,20–24,Female,2,10,0.2
2013,West Virginia,20–24,Male,9,23,0.391304347826087
2013,West Virginia,25–34,Female,6,20,0.3
2013,West Virginia,25–34,Male,12,46,0.2608695652173913
2013,West Virginia,35–44,Female,3,12,0.25
2013,West Virginia,35–44,Male,14,31,0.45161290322580644
2013,West Virginia,45-54,Female,3,14,0.21428571428571427
2013,West Virginia,45-54,Male,18,41,0.43902439024390244
2013,West Virginia,55-64,Female,2,9,0.2222222222222222
2013,West Virginia,55-64,Male,2,35,0.05714285714285714
2013,West Virginia,65+,Female,2,18,0.1111111111111111
2013,West Virginia,65+,Male,2,34,0.058823529411764705
2013,Wisconsin,0-14,Female,0,6,0
2013,Wisconsin,0-14,Male,0,7,0
2013,Wisconsin,15–19,Female,2,9,0.2222222222222222
2013,Wisconsin,15–19,Male,1,16,0.0625
2013,Wisconsin,20–24,Female,9,20,0.45
2013,Wisconsin,20–24,Male,27,54,0.5
2013,Wisconsin,25–34,Female,8,28,0.2857142857142857
2013,Wisconsin,25–34,Male,43,85,0.5058823529411764
2013,Wisconsin,35–44,Female,2,16,0.125
2013,Wisconsin,35–44,Male,17,47,0.3617021276595745
2013,Wisconsin,45-54,Female,5,25,0.2
2013,Wisconsin,45-54,Male,26,54,0.48148148148148145
2013,Wisconsin,55-64,Female,1,19,0.05263157894736842
2013,Wisconsin,55-64,Male,13,42,0.30952380952380953
2013,Wisconsin,65+,Female,0,45,0
2013,Wisconsin,65+,Male,6,70,0.08571428571428572
2013,Wyoming,0-14,Female,0,4,0
2013,Wyoming,0-14,Male,0,2,0
2013,Wyoming,15–19,Female,0,5,0
2013,Wyoming,15–19,Male,1,7,0.14285714285714285
2013,Wyoming,20–24,Female,0,1,0
2013,Wyoming,20–24,Male,1,6,0.16666666666666666
2013,Wyoming,25–34,Female,1,4,0.25
2013,Wyoming,25–34,Male,6,15,0.4
2013,Wyoming,35–44,Female,0,3,0
2013,Wyoming,35–44,Male,3,10,0.3
2013,Wyoming,45-54,Female,0,3,0
2013,Wyoming,45-54,Male,3,12,0.25
2013,Wyoming,55-64,Female,1,1,1
2013,Wyoming,55-64,Male,0,5,0
2013,Wyoming,65+,Female,0,2,0
2013,Wyoming,65+,Male,0,7,0
2014,Alabama,0-14,Female,0,15,0
2014,Alabama,0-14,Male,0,16,0
2014,Alabama,15–19,Female,0,23,0
2014,Alabama,15–19,Male,2,42,0.047619047619047616
2014,Alabama,20–24,Female,6,28,0.21428571428571427
2014,Alabama,20–24,Male,21,64,0.328125
2014,Alabama,25–34,Female,5,32,0.15625
2014,Alabama,25–34,Male,35,94,0.3723404255319149
2014,Alabama,35–44,Female,5,30,0.16666666666666666
2014,Alabama,35–44,Male,37,90,0.4111111111111111
2014,Alabama,45-54,Female,10,48,0.20833333333333334
2014,Alabama,45-54,Male,19,80,0.2375
2014,Alabama,55-64,Female,3,31,0.0967741935483871
2014,Alabama,55-64,Male,15,88,0.17045454545454544
2014,Alabama,65+,Female,1,60,0.016666666666666666
2014,Alabama,65+,Male,7,76,0.09210526315789473
2014,Alaska,0-14,Female,0,1,0
2014,Alaska,0-14,Male,0,1,0
2014,Alaska,15–19,Female,0,3,0
2014,Alaska,15–19,Male,1,1,1
2014,Alaska,20–24,Female,1,4,0.25
2014,Alaska,20–24,Male,0,2,0
2014,Alaska,25–34,Female,4,6,0.6666666666666666
2014,Alaska,25–34,Male,4,14,0.2857142857142857
2014,Alaska,35–44,Female,0,2,0
2014,Alaska,35–44,Male,0,4,0
2014,Alaska,45-54,Female,0,3,0
2014,Alaska,45-54,Male,3,14,0.21428571428571427
2014,Alaska,55-64,Female,1,6,0.16666666666666666
2014,Alaska,55-64,Male,2,7,0.2857142857142857
2014,Alaska,65+,Female,0,1,0
2014,Alaska,65+,Male,0,4,0
2014,Arizona,0-14,Female,0,13,0
2014,Arizona,0-14,Male,0,15,0
2014,Arizona,15–19,Female,0,11,0
2014,Arizona,15–19,Male,5,40,0.125
2014,Arizona,20–24,Female,5,18,0.2777777777777778
2014,Arizona,20–24,Male,26,68,0.38235294117647056
2014,Arizona,25–34,Female,12,35,0.34285714285714286
2014,Arizona,25–34,Male,31,95,0.3263157894736842
2014,Arizona,35–44,Female,4,28,0.14285714285714285
2014,Arizona,35–44,Male,25,65,0.38461538461538464
2014,Arizona,45-54,Female,10,31,0.3225806451612903
2014,Arizona,45-54,Male,32,84,0.38095238095238093
2014,Arizona,55-64,Female,3,27,0.1111111111111111
2014,Arizona,55-64,Male,25,89,0.2808988764044944
2014,Arizona,65+,Female,1,63,0.015873015873015872
2014,Arizona,65+,Male,8,88,0.09090909090909091
2014,Arkansas,0-14,Female,0,7,0
2014,Arkansas,0-14,Male,0,7,0
2014,Arkansas,15–19,Female,0,13,0
2014,Arkansas,15–19,Male,3,25,0.12
2014,Arkansas,20–24,Female,2,14,0.14285714285714285
2014,Arkansas,20–24,Male,5,31,0.16129032258064516
2014,Arkansas,25–34,Female,2,24,0.08333333333333333
2014,Arkansas,25–34,Male,16,55,0.2909090909090909
2014,Arkansas,35–44,Female,3,29,0.10344827586206896
2014,Arkansas,35–44,Male,13,49,0.2653061224489796
2014,Arkansas,45-54,Female,1,20,0.05
2014,Arkansas,45-54,Male,16,49,0.32653061224489793
2014,Arkansas,55-64,Female,2,19,0.10526315789473684
2014,Arkansas,55-64,Male,9,48,0.1875
2014,Arkansas,65+,Female,0,25,0
2014,Arkansas,65+,Male,4,55,0.07272727272727272
2014,California,0-14,Female,0,46,0
2014,California,0-14,Male,1,60,0.016666666666666666
2014,California,15–19,Female,5,66,0.07575757575757576
2014,California,15–19,Male,26,173,0.15028901734104047
2014,California,20–24,Female,34,105,0.3238095238095238
2014,California,20–24,Male,123,345,0.3565217391304348
2014,California,25–34,Female,34,128,0.265625
2014,California,25–34,Male,156,452,0.34513274336283184
2014,California,35–44,Female,17,87,0.19540229885057472
2014,California,35–44,Male,106,275,0.38545454545454544
2014,California,45-54,Female,12,106,0.11320754716981132
2014,California,45-54,Male,84,318,0.2641509433962264
2014,California,55-64,Female,14,118,0.11864406779661017
2014,California,55-64,Male,66,288,0.22916666666666666
2014,California,65+,Female,2,175,0.011428571428571429
2014,California,65+,Male,30,345,0.08695652173913043
2014,Colorado,0-14,Female,0,3,0
2014,Colorado,0-14,Male,0,9,0
2014,Colorado,15–19,Female,6,13,0.46153846153846156
2014,Colorado,15–19,Male,4,26,0.15384615384615385
2014,Colorado,20–24,Female,6,18,0.3333333333333333
2014,Colorado,20–24,Male,31,55,0.5636363636363636
2014,Colorado,25–34,Female,6,20,0.3
2014,Colorado,25–34,Male,26,64,0.40625
2014,Colorado,35–44,Female,2,11,0.18181818181818182
2014,Colorado,35–44,Male,23,57,0.40350877192982454
2014,Colorado,45-54,Female,2,12,0.16666666666666666
2014,Colorado,45-54,Male,22,59,0.3728813559322034
2014,Colorado,55-64,Female,4,27,0.14814814814814814
2014,Colorado,55-64,Male,9,45,0.2
2014,Colorado,65+,Female,0,25,0
2014,Colorado,65+,Male,4,44,0.09090909090909091
2014,Connecticut,0-14,Female,0,1,0
2014,Connecticut,0-14,Male,0,5,0
2014,Connecticut,15–19,Female,3,4,0.75
2014,Connecticut,15–19,Male,1,12,0.08333333333333333
2014,Connecticut,20–24,Female,1,6,0.16666666666666666
2014,Connecticut,20–24,Male,7,30,0.23333333333333334
2014,Connecticut,25–34,Female,3,10,0.3
2014,Connecticut,25–34,Male,14,35,0.4
2014,Connecticut,35–44,Female,0,5,0
2014,Connecticut,35–44,Male,13,32,0.40625
2014,Connecticut,45-54,Female,0,8,0
2014,Connecticut,45-54,Male,8,33,0.24242424242424243
2014,Connecticut,55-64,Female,0,8,0
2014,Connecticut,55-64,Male,5,19,0.2631578947368421
2014,Connecticut,65+,Female,1,20,0.05
2014,Connecticut,65+,Male,0,20,0
2014,Delaware,0-14,Female,0,2,0
2014,Delaware,0-14,Male,0,0,NA
2014,Delaware,15–19,Female,0,1,0
2014,Delaware,15–19,Male,0,5,0
2014,Delaware,20–24,Female,2,6,0.3333333333333333
2014,Delaware,20–24,Male,4,10,0.4
2014,Delaware,25–34,Female,1,7,0.14285714285714285
2014,Delaware,25–34,Male,10,21,0.47619047619047616
2014,Delaware,35–44,Female,1,5,0.2
2014,Delaware,35–44,Male,3,7,0.42857142857142855
2014,Delaware,45-54,Female,1,7,0.14285714285714285
2014,Delaware,45-54,Male,7,11,0.6363636363636364
2014,Delaware,55-64,Female,0,5,0
2014,Delaware,55-64,Male,2,10,0.2
2014,Delaware,65+,Female,0,14,0
2014,Delaware,65+,Male,4,13,0.3076923076923077
2014,District of Columbia,0-14,Female,0,1,0
2014,District of Columbia,0-14,Male,0,0,NA
2014,District of Columbia,15–19,Female,0,0,NA
2014,District of Columbia,15–19,Male,1,2,0.5
2014,District of Columbia,20–24,Female,0,0,NA
2014,District of Columbia,20–24,Male,0,2,0
2014,District of Columbia,25–34,Female,0,1,0
2014,District of Columbia,25–34,Male,2,4,0.5
2014,District of Columbia,35–44,Female,0,1,0
2014,District of Columbia,35–44,Male,2,4,0.5
2014,District of Columbia,45-54,Female,0,1,0
2014,District of Columbia,45-54,Male,1,3,0.3333333333333333
2014,District of Columbia,55-64,Female,0,1,0
2014,District of Columbia,55-64,Male,1,2,0.5
2014,District of Columbia,65+,Female,0,0,NA
2014,District of Columbia,65+,Male,0,1,0
2014,Florida,0-14,Female,0,23,0
2014,Florida,0-14,Male,0,45,0
2014,Florida,15–19,Female,5,48,0.10416666666666667
2014,Florida,15–19,Male,6,107,0.056074766355140186
2014,Florida,20–24,Female,19,73,0.2602739726027397
2014,Florida,20–24,Male,62,235,0.26382978723404255
2014,Florida,25–34,Female,19,73,0.2602739726027397
2014,Florida,25–34,Male,126,337,0.37388724035608306
2014,Florida,35–44,Female,29,81,0.35802469135802467
2014,Florida,35–44,Male,88,238,0.3697478991596639
2014,Florida,45-54,Female,15,85,0.17647058823529413
2014,Florida,45-54,Male,92,316,0.2911392405063291
2014,Florida,55-64,Female,14,89,0.15730337078651685
2014,Florida,55-64,Male,61,244,0.25
2014,Florida,65+,Female,3,184,0.016304347826086956
2014,Florida,65+,Male,26,298,0.087248322147651
2014,Georgia,0-14,Female,0,17,0
2014,Georgia,0-14,Male,0,25,0
2014,Georgia,15–19,Female,1,27,0.037037037037037035
2014,Georgia,15–19,Male,4,56,0.07142857142857142
2014,Georgia,20–24,Female,2,30,0.06666666666666667
2014,Georgia,20–24,Male,22,90,0.24444444444444444
2014,Georgia,25–34,Female,6,56,0.10714285714285714
2014,Georgia,25–34,Male,59,170,0.34705882352941175
2014,Georgia,35–44,Female,6,45,0.13333333333333333
2014,Georgia,35–44,Male,32,121,0.2644628099173554
2014,Georgia,45-54,Female,7,50,0.14
2014,Georgia,45-54,Male,23,142,0.1619718309859155
2014,Georgia,55-64,Female,1,39,0.02564102564102564
2014,Georgia,55-64,Male,26,120,0.21666666666666667
2014,Georgia,65+,Female,0,64,0
2014,Georgia,65+,Male,3,108,0.027777777777777776
2014,Hawaii,0-14,Female,0,0,NA
2014,Hawaii,0-14,Male,0,0,NA
2014,Hawaii,15–19,Female,1,2,0.5
2014,Hawaii,15–19,Male,1,3,0.3333333333333333
2014,Hawaii,20–24,Female,2,5,0.4
2014,Hawaii,20–24,Male,3,9,0.3333333333333333
2014,Hawaii,25–34,Female,0,2,0
2014,Hawaii,25–34,Male,9,15,0.6
2014,Hawaii,35–44,Female,0,0,NA
2014,Hawaii,35–44,Male,6,13,0.46153846153846156
2014,Hawaii,45-54,Female,0,4,0
2014,Hawaii,45-54,Male,3,6,0.5
2014,Hawaii,55-64,Female,0,3,0
2014,Hawaii,55-64,Male,1,11,0.09090909090909091
2014,Hawaii,65+,Female,0,9,0
2014,Hawaii,65+,Male,2,13,0.15384615384615385
2014,Idaho,0-14,Female,0,8,0
2014,Idaho,0-14,Male,0,11,0
2014,Idaho,15–19,Female,1,6,0.16666666666666666
2014,Idaho,15–19,Male,0,4,0
2014,Idaho,20–24,Female,0,4,0
2014,Idaho,20–24,Male,5,12,0.4166666666666667
2014,Idaho,25–34,Female,3,6,0.5
2014,Idaho,25–34,Male,8,23,0.34782608695652173
2014,Idaho,35–44,Female,2,9,0.2222222222222222
2014,Idaho,35–44,Male,3,11,0.2727272727272727
2014,Idaho,45-54,Female,3,9,0.3333333333333333
2014,Idaho,45-54,Male,2,14,0.14285714285714285
2014,Idaho,55-64,Female,1,6,0.16666666666666666
2014,Idaho,55-64,Male,6,23,0.2608695652173913
2014,Idaho,65+,Female,0,11,0
2014,Idaho,65+,Male,2,29,0.06896551724137931
2014,Illinois,0-14,Female,0,12,0
2014,Illinois,0-14,Male,0,14,0
2014,Illinois,15–19,Female,1,26,0.038461538461538464
2014,Illinois,15–19,Male,4,41,0.0975609756097561
2014,Illinois,20–24,Female,9,33,0.2727272727272727
2014,Illinois,20–24,Male,41,84,0.4880952380952381
2014,Illinois,25–34,Female,16,38,0.42105263157894735
2014,Illinois,25–34,Male,70,124,0.5645161290322581
2014,Illinois,35–44,Female,6,30,0.2
2014,Illinois,35–44,Male,49,91,0.5384615384615384
2014,Illinois,45-54,Female,7,42,0.16666666666666666
2014,Illinois,45-54,Male,30,92,0.32608695652173914
2014,Illinois,55-64,Female,0,40,0
2014,Illinois,55-64,Male,22,77,0.2857142857142857
2014,Illinois,65+,Female,1,81,0.012345679012345678
2014,Illinois,65+,Male,7,99,0.0707070707070707
2014,Indiana,0-14,Female,0,7,0
2014,Indiana,0-14,Male,0,13,0
2014,Indiana,15–19,Female,0,12,0
2014,Indiana,15–19,Male,0,36,0
2014,Indiana,20–24,Female,1,26,0.038461538461538464
2014,Indiana,20–24,Male,10,66,0.15151515151515152
2014,Indiana,25–34,Female,8,36,0.2222222222222222
2014,Indiana,25–34,Male,28,103,0.27184466019417475
2014,Indiana,35–44,Female,7,24,0.2916666666666667
2014,Indiana,35–44,Male,18,77,0.23376623376623376
2014,Indiana,45-54,Female,2,29,0.06896551724137931
2014,Indiana,45-54,Male,22,101,0.21782178217821782
2014,Indiana,55-64,Female,1,24,0.041666666666666664
2014,Indiana,55-64,Male,10,67,0.14925373134328357
2014,Indiana,65+,Female,1,34,0.029411764705882353
2014,Indiana,65+,Male,3,88,0.03409090909090909
2014,Iowa,0-14,Female,0,7,0
2014,Iowa,0-14,Male,0,7,0
2014,Iowa,15–19,Female,1,15,0.06666666666666667
2014,Iowa,15–19,Male,1,14,0.07142857142857142
2014,Iowa,20–24,Female,2,8,0.25
2014,Iowa,20–24,Male,8,24,0.3333333333333333
2014,Iowa,25–34,Female,2,12,0.16666666666666666
2014,Iowa,25–34,Male,7,30,0.23333333333333334
2014,Iowa,35–44,Female,2,9,0.2222222222222222
2014,Iowa,35–44,Male,8,27,0.2962962962962963
2014,Iowa,45-54,Female,2,18,0.1111111111111111
2014,Iowa,45-54,Male,13,41,0.3170731707317073
2014,Iowa,55-64,Female,0,10,0
2014,Iowa,55-64,Male,10,36,0.2777777777777778
2014,Iowa,65+,Female,0,18,0
2014,Iowa,65+,Male,0,45,0
2014,Kansas,0-14,Female,0,6,0
2014,Kansas,0-14,Male,0,8,0
2014,Kansas,15–19,Female,0,7,0
2014,Kansas,15–19,Male,3,24,0.125
2014,Kansas,20–24,Female,1,12,0.08333333333333333
2014,Kansas,20–24,Male,12,33,0.36363636363636365
2014,Kansas,25–34,Female,3,19,0.15789473684210525
2014,Kansas,25–34,Male,20,52,0.38461538461538464
2014,Kansas,35–44,Female,2,9,0.2222222222222222
2014,Kansas,35–44,Male,12,33,0.36363636363636365
2014,Kansas,45-54,Female,3,11,0.2727272727272727
2014,Kansas,45-54,Male,9,38,0.23684210526315788
2014,Kansas,55-64,Female,1,12,0.08333333333333333
2014,Kansas,55-64,Male,8,44,0.18181818181818182
2014,Kansas,65+,Female,0,27,0
2014,Kansas,65+,Male,3,50,0.06
2014,Kentucky,0-14,Female,0,12,0
2014,Kentucky,0-14,Male,0,10,0
2014,Kentucky,15–19,Female,0,11,0
2014,Kentucky,15–19,Male,6,35,0.17142857142857143
2014,Kentucky,20–24,Female,4,29,0.13793103448275862
2014,Kentucky,20–24,Male,23,64,0.359375
2014,Kentucky,25–34,Female,3,29,0.10344827586206896
2014,Kentucky,25–34,Male,25,74,0.33783783783783783
2014,Kentucky,35–44,Female,7,26,0.2692307692307692
2014,Kentucky,35–44,Male,18,84,0.21428571428571427
2014,Kentucky,45-54,Female,4,23,0.17391304347826086
2014,Kentucky,45-54,Male,21,73,0.2876712328767123
2014,Kentucky,55-64,Female,0,24,0
2014,Kentucky,55-64,Male,12,63,0.19047619047619047
2014,Kentucky,65+,Female,0,44,0
2014,Kentucky,65+,Male,6,71,0.08450704225352113
2014,Louisiana,0-14,Female,0,16,0
2014,Louisiana,0-14,Male,0,18,0
2014,Louisiana,15–19,Female,2,18,0.1111111111111111
2014,Louisiana,15–19,Male,4,28,0.14285714285714285
2014,Louisiana,20–24,Female,1,16,0.0625
2014,Louisiana,20–24,Male,25,78,0.32051282051282054
2014,Louisiana,25–34,Female,9,40,0.225
2014,Louisiana,25–34,Male,29,125,0.232
2014,Louisiana,35–44,Female,3,27,0.1111111111111111
2014,Louisiana,35–44,Male,30,78,0.38461538461538464
2014,Louisiana,45-54,Female,3,19,0.15789473684210525
2014,Louisiana,45-54,Male,37,90,0.4111111111111111
2014,Louisiana,55-64,Female,3,25,0.12
2014,Louisiana,55-64,Male,21,76,0.27631578947368424
2014,Louisiana,65+,Female,0,29,0
2014,Louisiana,65+,Male,8,51,0.1568627450980392
2014,Maine,0-14,Female,0,0,NA
2014,Maine,0-14,Male,0,1,0
2014,Maine,15–19,Female,0,1,0
2014,Maine,15–19,Male,2,12,0.16666666666666666
2014,Maine,20–24,Female,2,6,0.3333333333333333
2014,Maine,20–24,Male,4,8,0.5
2014,Maine,25–34,Female,1,3,0.3333333333333333
2014,Maine,25–34,Male,5,11,0.45454545454545453
2014,Maine,35–44,Female,1,6,0.16666666666666666
2014,Maine,35–44,Male,2,8,0.25
2014,Maine,45-54,Female,0,6,0
2014,Maine,45-54,Male,4,18,0.2222222222222222
2014,Maine,55-64,Female,0,5,0
2014,Maine,55-64,Male,3,10,0.3
2014,Maine,65+,Female,0,12,0
2014,Maine,65+,Male,3,24,0.125
2014,Maryland,0-14,Female,0,5,0
2014,Maryland,0-14,Male,0,2,0
2014,Maryland,15–19,Female,1,8,0.125
2014,Maryland,15–19,Male,2,14,0.14285714285714285
2014,Maryland,20–24,Female,4,12,0.3333333333333333
2014,Maryland,20–24,Male,14,54,0.25925925925925924
2014,Maryland,25–34,Female,10,26,0.38461538461538464
2014,Maryland,25–34,Male,29,84,0.34523809523809523
2014,Maryland,35–44,Female,2,13,0.15384615384615385
2014,Maryland,35–44,Male,17,40,0.425
2014,Maryland,45-54,Female,0,9,0
2014,Maryland,45-54,Male,16,41,0.3902439024390244
2014,Maryland,55-64,Female,2,17,0.11764705882352941
2014,Maryland,55-64,Male,14,44,0.3181818181818182
2014,Maryland,65+,Female,0,29,0
2014,Maryland,65+,Male,3,44,0.06818181818181818
2014,Massachusetts,0-14,Female,0,3,0
2014,Massachusetts,0-14,Male,0,5,0
2014,Massachusetts,15–19,Female,0,4,0
2014,Massachusetts,15–19,Male,3,14,0.21428571428571427
2014,Massachusetts,20–24,Female,4,11,0.36363636363636365
2014,Massachusetts,20–24,Male,14,35,0.4
2014,Massachusetts,25–34,Female,1,11,0.09090909090909091
2014,Massachusetts,25–34,Male,16,59,0.2711864406779661
2014,Massachusetts,35–44,Female,6,8,0.75
2014,Massachusetts,35–44,Male,13,36,0.3611111111111111
2014,Massachusetts,45-54,Female,2,11,0.18181818181818182
2014,Massachusetts,45-54,Male,11,35,0.3142857142857143
2014,Massachusetts,55-64,Female,2,16,0.125
2014,Massachusetts,55-64,Male,8,34,0.23529411764705882
2014,Massachusetts,65+,Female,0,31,0
2014,Massachusetts,65+,Male,3,40,0.075
2014,Michigan,0-14,Female,1,12,0.08333333333333333
2014,Michigan,0-14,Male,0,11,0
2014,Michigan,15–19,Female,1,19,0.05263157894736842
2014,Michigan,15–19,Male,4,57,0.07017543859649122
2014,Michigan,20–24,Female,4,35,0.11428571428571428
2014,Michigan,20–24,Male,22,89,0.24719101123595505
2014,Michigan,25–34,Female,2,33,0.06060606060606061
2014,Michigan,25–34,Male,28,114,0.24561403508771928
2014,Michigan,35–44,Female,4,34,0.11764705882352941
2014,Michigan,35–44,Male,17,71,0.23943661971830985
2014,Michigan,45-54,Female,11,43,0.2558139534883721
2014,Michigan,45-54,Male,18,90,0.2
2014,Michigan,55-64,Female,1,36,0.027777777777777776
2014,Michigan,55-64,Male,13,84,0.15476190476190477
2014,Michigan,65+,Female,1,70,0.014285714285714285
2014,Michigan,65+,Male,5,103,0.04854368932038835
2014,Minnesota,0-14,Female,0,3,0
2014,Minnesota,0-14,Male,0,4,0
2014,Minnesota,15–19,Female,0,7,0
2014,Minnesota,15–19,Male,1,14,0.07142857142857142
2014,Minnesota,20–24,Female,1,9,0.1111111111111111
2014,Minnesota,20–24,Male,10,34,0.29411764705882354
2014,Minnesota,25–34,Female,4,20,0.2
2014,Minnesota,25–34,Male,14,40,0.35
2014,Minnesota,35–44,Female,3,15,0.2
2014,Minnesota,35–44,Male,8,27,0.2962962962962963
2014,Minnesota,45-54,Female,2,15,0.13333333333333333
2014,Minnesota,45-54,Male,17,48,0.3541666666666667
2014,Minnesota,55-64,Female,1,12,0.08333333333333333
2014,Minnesota,55-64,Male,8,31,0.25806451612903225
2014,Minnesota,65+,Female,2,31,0.06451612903225806
2014,Minnesota,65+,Male,4,51,0.0784313725490196
2014,Mississippi,0-14,Female,0,4,0
2014,Mississippi,0-14,Male,0,12,0
2014,Mississippi,15–19,Female,0,23,0
2014,Mississippi,15–19,Male,2,39,0.05128205128205128
2014,Mississippi,20–24,Female,2,20,0.1
2014,Mississippi,20–24,Male,7,55,0.12727272727272726
2014,Mississippi,25–34,Female,3,33,0.09090909090909091
2014,Mississippi,25–34,Male,18,77,0.23376623376623376
2014,Mississippi,35–44,Female,6,27,0.2222222222222222
2014,Mississippi,35–44,Male,14,55,0.2545454545454545
2014,Mississippi,45-54,Female,3,22,0.13636363636363635
2014,Mississippi,45-54,Male,10,77,0.12987012987012986
2014,Mississippi,55-64,Female,0,26,0
2014,Mississippi,55-64,Male,10,58,0.1724137931034483
2014,Mississippi,65+,Female,1,30,0.03333333333333333
2014,Mississippi,65+,Male,3,49,0.061224489795918366
2014,Missouri,0-14,Female,0,9,0
2014,Missouri,0-14,Male,0,26,0
2014,Missouri,15–19,Female,0,16,0
2014,Missouri,15–19,Male,5,50,0.1
2014,Missouri,20–24,Female,3,26,0.11538461538461539
2014,Missouri,20–24,Male,16,61,0.26229508196721313
2014,Missouri,25–34,Female,12,32,0.375
2014,Missouri,25–34,Male,36,100,0.36
2014,Missouri,35–44,Female,6,29,0.20689655172413793
2014,Missouri,35–44,Male,23,73,0.3150684931506849
2014,Missouri,45-54,Female,3,19,0.15789473684210525
2014,Missouri,45-54,Male,33,85,0.38823529411764707
2014,Missouri,55-64,Female,2,19,0.10526315789473684
2014,Missouri,55-64,Male,15,72,0.20833333333333334
2014,Missouri,65+,Female,0,43,0
2014,Missouri,65+,Male,8,106,0.07547169811320754
2014,Montana,0-14,Female,0,4,0
2014,Montana,0-14,Male,0,4,0
2014,Montana,15–19,Female,0,4,0
2014,Montana,15–19,Male,2,15,0.13333333333333333
2014,Montana,20–24,Female,5,9,0.5555555555555556
2014,Montana,20–24,Male,9,16,0.5625
2014,Montana,25–34,Female,6,14,0.42857142857142855
2014,Montana,25–34,Male,9,22,0.4090909090909091
2014,Montana,35–44,Female,2,7,0.2857142857142857
2014,Montana,35–44,Male,9,19,0.47368421052631576
2014,Montana,45-54,Female,5,11,0.45454545454545453
2014,Montana,45-54,Male,10,18,0.5555555555555556
2014,Montana,55-64,Female,2,5,0.4
2014,Montana,55-64,Male,6,15,0.4
2014,Montana,65+,Female,1,7,0.14285714285714285
2014,Montana,65+,Male,3,22,0.13636363636363635
2014,Nebraska,0-14,Female,0,4,0
2014,Nebraska,0-14,Male,0,4,0
2014,Nebraska,15–19,Female,2,6,0.3333333333333333
2014,Nebraska,15–19,Male,1,12,0.08333333333333333
2014,Nebraska,20–24,Female,1,9,0.1111111111111111
2014,Nebraska,20–24,Male,8,24,0.3333333333333333
2014,Nebraska,25–34,Female,2,14,0.14285714285714285
2014,Nebraska,25–34,Male,6,27,0.2222222222222222
2014,Nebraska,35–44,Female,3,6,0.5
2014,Nebraska,35–44,Male,10,27,0.37037037037037035
2014,Nebraska,45-54,Female,2,7,0.2857142857142857
2014,Nebraska,45-54,Male,7,25,0.28
2014,Nebraska,55-64,Female,0,5,0
2014,Nebraska,55-64,Male,4,17,0.23529411764705882
2014,Nebraska,65+,Female,1,11,0.09090909090909091
2014,Nebraska,65+,Male,0,27,0
2014,Nevada,0-14,Female,0,8,0
2014,Nevada,0-14,Male,0,4,0
2014,Nevada,15–19,Female,0,5,0
2014,Nevada,15–19,Male,4,21,0.19047619047619047
2014,Nevada,20–24,Female,4,12,0.3333333333333333
2014,Nevada,20–24,Male,15,29,0.5172413793103449
2014,Nevada,25–34,Female,3,9,0.3333333333333333
2014,Nevada,25–34,Male,13,34,0.38235294117647056
2014,Nevada,35–44,Female,1,10,0.1
2014,Nevada,35–44,Male,10,29,0.3448275862068966
2014,Nevada,45-54,Female,4,12,0.3333333333333333
2014,Nevada,45-54,Male,10,28,0.35714285714285715
2014,Nevada,55-64,Female,1,10,0.1
2014,Nevada,55-64,Male,11,31,0.3548387096774194
2014,Nevada,65+,Female,0,20,0
2014,Nevada,65+,Male,1,29,0.034482758620689655
2014,New Hampshire,0-14,Female,0,1,0
2014,New Hampshire,0-14,Male,0,1,0
2014,New Hampshire,15–19,Female,0,4,0
2014,New Hampshire,15–19,Male,2,5,0.4
2014,New Hampshire,20–24,Female,2,3,0.6666666666666666
2014,New Hampshire,20–24,Male,8,13,0.6153846153846154
2014,New Hampshire,25–34,Female,3,7,0.42857142857142855
2014,New Hampshire,25–34,Male,2,4,0.5
2014,New Hampshire,35–44,Female,1,1,1
2014,New Hampshire,35–44,Male,4,7,0.5714285714285714
2014,New Hampshire,45-54,Female,1,5,0.2
2014,New Hampshire,45-54,Male,3,13,0.23076923076923078
2014,New Hampshire,55-64,Female,1,3,0.3333333333333333
2014,New Hampshire,55-64,Male,1,10,0.1
2014,New Hampshire,65+,Female,0,7,0
2014,New Hampshire,65+,Male,1,11,0.09090909090909091
2014,New Jersey,0-14,Female,0,8,0
2014,New Jersey,0-14,Male,0,7,0
2014,New Jersey,15–19,Female,0,9,0
2014,New Jersey,15–19,Male,6,28,0.21428571428571427
2014,New Jersey,20–24,Female,4,13,0.3076923076923077
2014,New Jersey,20–24,Male,15,47,0.3191489361702128
2014,New Jersey,25–34,Female,11,22,0.5
2014,New Jersey,25–34,Male,31,72,0.4305555555555556
2014,New Jersey,35–44,Female,4,20,0.2
2014,New Jersey,35–44,Male,22,38,0.5789473684210527
2014,New Jersey,45-54,Female,4,22,0.18181818181818182
2014,New Jersey,45-54,Male,21,72,0.2916666666666667
2014,New Jersey,55-64,Female,3,26,0.11538461538461539
2014,New Jersey,55-64,Male,14,53,0.2641509433962264
2014,New Jersey,65+,Female,1,54,0.018518518518518517
2014,New Jersey,65+,Male,5,65,0.07692307692307693
2014,New Mexico,0-14,Female,0,7,0
2014,New Mexico,0-14,Male,0,5,0
2014,New Mexico,15–19,Female,2,5,0.4
2014,New Mexico,15–19,Male,3,22,0.13636363636363635
2014,New Mexico,20–24,Female,6,21,0.2857142857142857
2014,New Mexico,20–24,Male,9,33,0.2727272727272727
2014,New Mexico,25–34,Female,5,16,0.3125
2014,New Mexico,25–34,Male,21,68,0.3088235294117647
2014,New Mexico,35–44,Female,2,18,0.1111111111111111
2014,New Mexico,35–44,Male,15,40,0.375
2014,New Mexico,45-54,Female,5,18,0.2777777777777778
2014,New Mexico,45-54,Male,19,45,0.4222222222222222
2014,New Mexico,55-64,Female,0,14,0
2014,New Mexico,55-64,Male,9,34,0.2647058823529412
2014,New Mexico,65+,Female,1,14,0.07142857142857142
2014,New Mexico,65+,Male,3,23,0.13043478260869565
2014,New York,0-14,Female,0,16,0
2014,New York,0-14,Male,0,16,0
2014,New York,15–19,Female,2,17,0.11764705882352941
2014,New York,15–19,Male,7,45,0.15555555555555556
2014,New York,20–24,Female,9,24,0.375
2014,New York,20–24,Male,26,81,0.32098765432098764
2014,New York,25–34,Female,15,47,0.3191489361702128
2014,New York,25–34,Male,49,146,0.3356164383561644
2014,New York,35–44,Female,9,29,0.3103448275862069
2014,New York,35–44,Male,26,92,0.2826086956521739
2014,New York,45-54,Female,7,39,0.1794871794871795
2014,New York,45-54,Male,34,104,0.3269230769230769
2014,New York,55-64,Female,1,42,0.023809523809523808
2014,New York,55-64,Male,10,93,0.10752688172043011
2014,New York,65+,Female,0,94,0
2014,New York,65+,Male,7,144,0.04861111111111111
2014,North Carolina,0-14,Female,0,16,0
2014,North Carolina,0-14,Male,0,23,0
2014,North Carolina,15–19,Female,2,38,0.05263157894736842
2014,North Carolina,15–19,Male,12,72,0.16666666666666666
2014,North Carolina,20–24,Female,5,38,0.13157894736842105
2014,North Carolina,20–24,Male,42,113,0.37168141592920356
2014,North Carolina,25–34,Female,14,43,0.32558139534883723
2014,North Carolina,25–34,Male,79,175,0.4514285714285714
2014,North Carolina,35–44,Female,14,48,0.2916666666666667
2014,North Carolina,35–44,Male,45,116,0.3879310344827586
2014,North Carolina,45-54,Female,13,53,0.24528301886792453
2014,North Carolina,45-54,Male,56,149,0.37583892617449666
2014,North Carolina,55-64,Female,2,43,0.046511627906976744
2014,North Carolina,55-64,Male,37,135,0.2740740740740741
2014,North Carolina,65+,Female,2,81,0.024691358024691357
2014,North Carolina,65+,Male,7,141,0.04964539007092199
2014,North Dakota,0-14,Female,0,3,0
2014,North Dakota,0-14,Male,0,3,0
2014,North Dakota,15–19,Female,1,2,0.5
2014,North Dakota,15–19,Male,3,8,0.375
2014,North Dakota,20–24,Female,3,7,0.42857142857142855
2014,North Dakota,20–24,Male,8,20,0.4
2014,North Dakota,25–34,Female,2,3,0.6666666666666666
2014,North Dakota,25–34,Male,12,21,0.5714285714285714
2014,North Dakota,35–44,Female,2,5,0.4
2014,North Dakota,35–44,Male,6,12,0.5
2014,North Dakota,45-54,Female,1,3,0.3333333333333333
2014,North Dakota,45-54,Male,6,19,0.3157894736842105
2014,North Dakota,55-64,Female,0,2,0
2014,North Dakota,55-64,Male,4,14,0.2857142857142857
2014,North Dakota,65+,Female,1,8,0.125
2014,North Dakota,65+,Male,0,5,0
2014,Ohio,0-14,Female,0,14,0
2014,Ohio,0-14,Male,0,13,0
2014,Ohio,15–19,Female,1,22,0.045454545454545456
2014,Ohio,15–19,Male,11,63,0.1746031746031746
2014,Ohio,20–24,Female,7,31,0.22580645161290322
2014,Ohio,20–24,Male,30,82,0.36585365853658536
2014,Ohio,25–34,Female,23,63,0.36507936507936506
2014,Ohio,25–34,Male,51,119,0.42857142857142855
2014,Ohio,35–44,Female,11,41,0.2682926829268293
2014,Ohio,35–44,Male,41,89,0.4606741573033708
2014,Ohio,45-54,Female,9,49,0.1836734693877551
2014,Ohio,45-54,Male,46,108,0.42592592592592593
2014,Ohio,55-64,Female,0,32,0
2014,Ohio,55-64,Male,27,85,0.3176470588235294
2014,Ohio,65+,Female,0,87,0
2014,Ohio,65+,Male,12,108,0.1111111111111111
2014,Oklahoma,0-14,Female,0,16,0
2014,Oklahoma,0-14,Male,0,12,0
2014,Oklahoma,15–19,Female,1,24,0.041666666666666664
2014,Oklahoma,15–19,Male,4,33,0.12121212121212122
2014,Oklahoma,20–24,Female,3,25,0.12
2014,Oklahoma,20–24,Male,19,44,0.4318181818181818
2014,Oklahoma,25–34,Female,8,30,0.26666666666666666
2014,Oklahoma,25–34,Male,29,73,0.3972602739726027
2014,Oklahoma,35–44,Female,5,22,0.22727272727272727
2014,Oklahoma,35–44,Male,21,74,0.28378378378378377
2014,Oklahoma,45-54,Female,2,24,0.08333333333333333
2014,Oklahoma,45-54,Male,17,74,0.22972972972972974
2014,Oklahoma,55-64,Female,3,24,0.125
2014,Oklahoma,55-64,Male,13,79,0.16455696202531644
2014,Oklahoma,65+,Female,0,45,0
2014,Oklahoma,65+,Male,4,70,0.05714285714285714
2014,Oregon,0-14,Female,0,4,0
2014,Oregon,0-14,Male,0,4,0
2014,Oregon,15–19,Female,3,15,0.2
2014,Oregon,15–19,Male,2,12,0.16666666666666666
2014,Oregon,20–24,Female,1,8,0.125
2014,Oregon,20–24,Male,14,22,0.6363636363636364
2014,Oregon,25–34,Female,2,12,0.16666666666666666
2014,Oregon,25–34,Male,12,32,0.375
2014,Oregon,35–44,Female,6,17,0.35294117647058826
2014,Oregon,35–44,Male,11,31,0.3548387096774194
2014,Oregon,45-54,Female,5,19,0.2631578947368421
2014,Oregon,45-54,Male,16,44,0.36363636363636365
2014,Oregon,55-64,Female,1,14,0.07142857142857142
2014,Oregon,55-64,Male,10,49,0.20408163265306123
2014,Oregon,65+,Female,0,20,0
2014,Oregon,65+,Male,3,54,0.05555555555555555
2014,Pennsylvania,0-14,Female,0,16,0
2014,Pennsylvania,0-14,Male,0,18,0
2014,Pennsylvania,15–19,Female,0,17,0
2014,Pennsylvania,15–19,Male,2,53,0.03773584905660377
2014,Pennsylvania,20–24,Female,10,36,0.2777777777777778
2014,Pennsylvania,20–24,Male,40,116,0.3448275862068966
2014,Pennsylvania,25–34,Female,5,39,0.1282051282051282
2014,Pennsylvania,25–34,Male,45,130,0.34615384615384615
2014,Pennsylvania,35–44,Female,4,38,0.10526315789473684
2014,Pennsylvania,35–44,Male,34,103,0.3300970873786408
2014,Pennsylvania,45-54,Female,5,46,0.10869565217391304
2014,Pennsylvania,45-54,Male,51,136,0.375
2014,Pennsylvania,55-64,Female,4,41,0.0975609756097561
2014,Pennsylvania,55-64,Male,18,120,0.15
2014,Pennsylvania,65+,Female,0,116,0
2014,Pennsylvania,65+,Male,6,169,0.03550295857988166
2014,Puerto Rico,0-14,Female,0,3,0
2014,Puerto Rico,0-14,Male,0,3,0
2014,Puerto Rico,15–19,Female,0,4,0
2014,Puerto Rico,15–19,Male,3,23,0.13043478260869565
2014,Puerto Rico,20–24,Female,2,6,0.3333333333333333
2014,Puerto Rico,20–24,Male,10,33,0.30303030303030304
2014,Puerto Rico,25–34,Female,4,11,0.36363636363636365
2014,Puerto Rico,25–34,Male,17,38,0.4473684210526316
2014,Puerto Rico,35–44,Female,1,4,0.25
2014,Puerto Rico,35–44,Male,19,32,0.59375
2014,Puerto Rico,45-54,Female,2,5,0.4
2014,Puerto Rico,45-54,Male,15,36,0.4166666666666667
2014,Puerto Rico,55-64,Female,2,6,0.3333333333333333
2014,Puerto Rico,55-64,Male,19,35,0.5428571428571428
2014,Puerto Rico,65+,Female,0,14,0
2014,Puerto Rico,65+,Male,6,37,0.16216216216216217
2014,Rhode Island,0-14,Female,0,0,NA
2014,Rhode Island,0-14,Male,0,0,NA
2014,Rhode Island,15–19,Female,1,1,1
2014,Rhode Island,15–19,Male,0,2,0
2014,Rhode Island,20–24,Female,0,1,0
2014,Rhode Island,20–24,Male,2,4,0.5
2014,Rhode Island,25–34,Female,0,1,0
2014,Rhode Island,25–34,Male,3,3,1
2014,Rhode Island,35–44,Female,1,2,0.5
2014,Rhode Island,35–44,Male,1,2,0.5
2014,Rhode Island,45-54,Female,0,1,0
2014,Rhode Island,45-54,Male,4,9,0.4444444444444444
2014,Rhode Island,55-64,Female,0,1,0
2014,Rhode Island,55-64,Male,2,6,0.3333333333333333
2014,Rhode Island,65+,Female,0,11,0
2014,Rhode Island,65+,Male,1,7,0.14285714285714285
2014,South Carolina,0-14,Female,0,12,0
2014,South Carolina,0-14,Male,0,15,0
2014,South Carolina,15–19,Female,0,19,0
2014,South Carolina,15–19,Male,7,55,0.12727272727272726
2014,South Carolina,20–24,Female,6,28,0.21428571428571427
2014,South Carolina,20–24,Male,26,68,0.38235294117647056
2014,South Carolina,25–34,Female,17,50,0.34
2014,South Carolina,25–34,Male,55,114,0.4824561403508772
2014,South Carolina,35–44,Female,3,22,0.13636363636363635
2014,South Carolina,35–44,Male,36,86,0.4186046511627907
2014,South Carolina,45-54,Female,9,40,0.225
2014,South Carolina,45-54,Male,31,72,0.4305555555555556
2014,South Carolina,55-64,Female,7,26,0.2692307692307692
2014,South Carolina,55-64,Male,28,89,0.3146067415730337
2014,South Carolina,65+,Female,0,52,0
2014,South Carolina,65+,Male,7,75,0.09333333333333334
2014,South Dakota,0-14,Female,0,3,0
2014,South Dakota,0-14,Male,0,2,0
2014,South Dakota,15–19,Female,0,6,0
2014,South Dakota,15–19,Male,2,5,0.4
2014,South Dakota,20–24,Female,1,7,0.14285714285714285
2014,South Dakota,20–24,Male,7,12,0.5833333333333334
2014,South Dakota,25–34,Female,1,4,0.25
2014,South Dakota,25–34,Male,5,13,0.38461538461538464
2014,South Dakota,35–44,Female,2,5,0.4
2014,South Dakota,35–44,Male,8,12,0.6666666666666666
2014,South Dakota,45-54,Female,1,5,0.2
2014,South Dakota,45-54,Male,7,15,0.4666666666666667
2014,South Dakota,55-64,Female,0,5,0
2014,South Dakota,55-64,Male,5,17,0.29411764705882354
2014,South Dakota,65+,Female,0,9,0
2014,South Dakota,65+,Male,2,16,0.125
2014,Tennessee,0-14,Female,0,8,0
2014,Tennessee,0-14,Male,0,19,0
2014,Tennessee,15–19,Female,2,21,0.09523809523809523
2014,Tennessee,15–19,Male,5,44,0.11363636363636363
2014,Tennessee,20–24,Female,4,19,0.21052631578947367
2014,Tennessee,20–24,Male,19,69,0.2753623188405797
2014,Tennessee,25–34,Female,7,43,0.16279069767441862
2014,Tennessee,25–34,Male,46,144,0.3194444444444444
2014,Tennessee,35–44,Female,7,34,0.20588235294117646
2014,Tennessee,35–44,Male,25,90,0.2777777777777778
2014,Tennessee,45-54,Female,8,41,0.1951219512195122
2014,Tennessee,45-54,Male,32,121,0.2644628099173554
2014,Tennessee,55-64,Female,3,34,0.08823529411764706
2014,Tennessee,55-64,Male,16,89,0.1797752808988764
2014,Tennessee,65+,Female,0,79,0
2014,Tennessee,65+,Male,5,107,0.04672897196261682
2014,Texas,0-14,Female,0,70,0
2014,Texas,0-14,Male,2,75,0.02666666666666667
2014,Texas,15–19,Female,3,87,0.034482758620689655
2014,Texas,15–19,Male,28,179,0.1564245810055866
2014,Texas,20–24,Female,22,112,0.19642857142857142
2014,Texas,20–24,Male,97,369,0.26287262872628725
2014,Texas,25–34,Female,41,156,0.26282051282051283
2014,Texas,25–34,Male,187,550,0.34
2014,Texas,35–44,Female,18,128,0.140625
2014,Texas,35–44,Male,103,362,0.2845303867403315
2014,Texas,45-54,Female,23,136,0.16911764705882354
2014,Texas,45-54,Male,67,367,0.18256130790190736
2014,Texas,55-64,Female,10,128,0.078125
2014,Texas,55-64,Male,56,338,0.16568047337278108
2014,Texas,65+,Female,3,168,0.017857142857142856
2014,Texas,65+,Male,20,297,0.06734006734006734
2014,Utah,0-14,Female,0,5,0
2014,Utah,0-14,Male,1,9,0.1111111111111111
2014,Utah,15–19,Female,0,11,0
2014,Utah,15–19,Male,3,16,0.1875
2014,Utah,20–24,Female,3,12,0.25
2014,Utah,20–24,Male,5,14,0.35714285714285715
2014,Utah,25–34,Female,3,12,0.25
2014,Utah,25–34,Male,7,27,0.25925925925925924
2014,Utah,35–44,Female,0,13,0
2014,Utah,35–44,Male,5,26,0.19230769230769232
2014,Utah,45-54,Female,1,10,0.1
2014,Utah,45-54,Male,6,33,0.18181818181818182
2014,Utah,55-64,Female,0,8,0
2014,Utah,55-64,Male,2,22,0.09090909090909091
2014,Utah,65+,Female,0,11,0
2014,Utah,65+,Male,2,27,0.07407407407407407
2014,Vermont,0-14,Female,0,0,NA
2014,Vermont,0-14,Male,0,1,0
2014,Vermont,15–19,Female,0,1,0
2014,Vermont,15–19,Male,0,3,0
2014,Vermont,20–24,Female,1,4,0.25
2014,Vermont,20–24,Male,1,4,0.25
2014,Vermont,25–34,Female,0,2,0
2014,Vermont,25–34,Male,1,5,0.2
2014,Vermont,35–44,Female,0,0,NA
2014,Vermont,35–44,Male,1,1,1
2014,Vermont,45-54,Female,0,3,0
2014,Vermont,45-54,Male,1,7,0.14285714285714285
2014,Vermont,55-64,Female,0,0,NA
2014,Vermont,55-64,Male,1,5,0.2
2014,Vermont,65+,Female,0,4,0
2014,Vermont,65+,Male,0,4,0
2014,Virginia,0-14,Female,0,9,0
2014,Virginia,0-14,Male,0,12,0
2014,Virginia,15–19,Female,2,15,0.13333333333333333
2014,Virginia,15–19,Male,2,35,0.05714285714285714
2014,Virginia,20–24,Female,3,23,0.13043478260869565
2014,Virginia,20–24,Male,27,59,0.4576271186440678
2014,Virginia,25–34,Female,9,36,0.25
2014,Virginia,25–34,Male,34,87,0.39080459770114945
2014,Virginia,35–44,Female,7,26,0.2692307692307692
2014,Virginia,35–44,Male,20,61,0.32786885245901637
2014,Virginia,45-54,Female,6,25,0.24
2014,Virginia,45-54,Male,27,88,0.3068181818181818
2014,Virginia,55-64,Female,1,18,0.05555555555555555
2014,Virginia,55-64,Male,19,87,0.21839080459770116
2014,Virginia,65+,Female,2,50,0.04
2014,Virginia,65+,Male,7,71,0.09859154929577464
2014,Washington,0-14,Female,0,6,0
2014,Washington,0-14,Male,0,6,0
2014,Washington,15–19,Female,3,10,0.3
2014,Washington,15–19,Male,4,31,0.12903225806451613
2014,Washington,20–24,Female,7,21,0.3333333333333333
2014,Washington,20–24,Male,22,43,0.5116279069767442
2014,Washington,25–34,Female,9,21,0.42857142857142855
2014,Washington,25–34,Male,15,45,0.3333333333333333
2014,Washington,35–44,Female,7,13,0.5384615384615384
2014,Washington,35–44,Male,19,41,0.4634146341463415
2014,Washington,45-54,Female,2,17,0.11764705882352941
2014,Washington,45-54,Male,14,49,0.2857142857142857
2014,Washington,55-64,Female,3,15,0.2
2014,Washington,55-64,Male,13,50,0.26
2014,Washington,65+,Female,0,37,0
2014,Washington,65+,Male,2,57,0.03508771929824561
2014,West Virginia,0-14,Female,0,6,0
2014,West Virginia,0-14,Male,0,5,0
2014,West Virginia,15–19,Female,0,7,0
2014,West Virginia,15–19,Male,1,12,0.08333333333333333
2014,West Virginia,20–24,Female,1,7,0.14285714285714285
2014,West Virginia,20–24,Male,9,27,0.3333333333333333
2014,West Virginia,25–34,Female,3,12,0.25
2014,West Virginia,25–34,Male,13,25,0.52
2014,West Virginia,35–44,Female,6,15,0.4
2014,West Virginia,35–44,Male,8,24,0.3333333333333333
2014,West Virginia,45-54,Female,3,15,0.2
2014,West Virginia,45-54,Male,7,31,0.22580645161290322
2014,West Virginia,55-64,Female,0,6,0
2014,West Virginia,55-64,Male,7,26,0.2692307692307692
2014,West Virginia,65+,Female,0,19,0
2014,West Virginia,65+,Male,4,35,0.11428571428571428
2014,Wisconsin,0-14,Female,0,3,0
2014,Wisconsin,0-14,Male,0,10,0
2014,Wisconsin,15–19,Female,0,17,0
2014,Wisconsin,15–19,Male,8,31,0.25806451612903225
2014,Wisconsin,20–24,Female,3,17,0.17647058823529413
2014,Wisconsin,20–24,Male,20,48,0.4166666666666667
2014,Wisconsin,25–34,Female,10,21,0.47619047619047616
2014,Wisconsin,25–34,Male,42,72,0.5833333333333334
2014,Wisconsin,35–44,Female,5,13,0.38461538461538464
2014,Wisconsin,35–44,Male,16,44,0.36363636363636365
2014,Wisconsin,45-54,Female,3,16,0.1875
2014,Wisconsin,45-54,Male,19,46,0.41304347826086957
2014,Wisconsin,55-64,Female,0,26,0
2014,Wisconsin,55-64,Male,9,51,0.17647058823529413
2014,Wisconsin,65+,Female,0,37,0
2014,Wisconsin,65+,Male,4,54,0.07407407407407407
2014,Wyoming,0-14,Female,0,5,0
2014,Wyoming,0-14,Male,0,3,0
2014,Wyoming,15–19,Female,0,6,0
2014,Wyoming,15–19,Male,1,3,0.3333333333333333
2014,Wyoming,20–24,Female,0,4,0
2014,Wyoming,20–24,Male,7,14,0.5
2014,Wyoming,25–34,Female,1,7,0.14285714285714285
2014,Wyoming,25–34,Male,11,27,0.4074074074074074
2014,Wyoming,35–44,Female,1,2,0.5
2014,Wyoming,35–44,Male,6,19,0.3157894736842105
2014,Wyoming,45-54,Female,2,6,0.3333333333333333
2014,Wyoming,45-54,Male,3,9,0.3333333333333333
2014,Wyoming,55-64,Female,1,8,0.125
2014,Wyoming,55-64,Male,8,16,0.5
2014,Wyoming,65+,Female,0,6,0
2014,Wyoming,65+,Male,1,15,0.06666666666666667
2015,Alabama,0-14,Female,0,15,0
2015,Alabama,0-14,Male,0,12,0
2015,Alabama,15–19,Female,1,22,0.045454545454545456
2015,Alabama,15–19,Male,8,45,0.17777777777777778
2015,Alabama,20–24,Female,5,26,0.19230769230769232
2015,Alabama,20–24,Male,15,70,0.21428571428571427
2015,Alabama,25–34,Female,11,48,0.22916666666666666
2015,Alabama,25–34,Male,27,116,0.23275862068965517
2015,Alabama,35–44,Female,8,34,0.23529411764705882
2015,Alabama,35–44,Male,27,97,0.27835051546391754
2015,Alabama,45-54,Female,8,34,0.23529411764705882
2015,Alabama,45-54,Male,22,98,0.22448979591836735
2015,Alabama,55-64,Female,1,30,0.03333333333333333
2015,Alabama,55-64,Male,20,75,0.26666666666666666
2015,Alabama,65+,Female,0,51,0
2015,Alabama,65+,Male,7,74,0.0945945945945946
2015,Alaska,0-14,Female,0,1,0
2015,Alaska,0-14,Male,0,0,NA
2015,Alaska,15–19,Female,0,1,0
2015,Alaska,15–19,Male,0,1,0
2015,Alaska,20–24,Female,1,2,0.5
2015,Alaska,20–24,Male,3,7,0.42857142857142855
2015,Alaska,25–34,Female,2,6,0.3333333333333333
2015,Alaska,25–34,Male,3,5,0.6
2015,Alaska,35–44,Female,3,3,1
2015,Alaska,35–44,Male,5,11,0.45454545454545453
2015,Alaska,45-54,Female,1,3,0.3333333333333333
2015,Alaska,45-54,Male,3,6,0.5
2015,Alaska,55-64,Female,0,0,NA
2015,Alaska,55-64,Male,2,6,0.3333333333333333
2015,Alaska,65+,Female,0,3,0
2015,Alaska,65+,Male,1,10,0.1
2015,Arizona,0-14,Female,0,16,0
2015,Arizona,0-14,Male,0,10,0
2015,Arizona,15–19,Female,2,16,0.125
2015,Arizona,15–19,Male,3,31,0.0967741935483871
2015,Arizona,20–24,Female,3,26,0.11538461538461539
2015,Arizona,20–24,Male,24,72,0.3333333333333333
2015,Arizona,25–34,Female,14,50,0.28
2015,Arizona,25–34,Male,39,110,0.35454545454545455
2015,Arizona,35–44,Female,6,30,0.2
2015,Arizona,35–44,Male,37,109,0.3394495412844037
2015,Arizona,45-54,Female,9,40,0.225
2015,Arizona,45-54,Male,37,98,0.37755102040816324
2015,Arizona,55-64,Female,8,35,0.22857142857142856
2015,Arizona,55-64,Male,17,90,0.18888888888888888
2015,Arizona,65+,Female,1,53,0.018867924528301886
2015,Arizona,65+,Male,8,110,0.07272727272727272
2015,Arkansas,0-14,Female,0,7,0
2015,Arkansas,0-14,Male,0,13,0
2015,Arkansas,15–19,Female,2,9,0.2222222222222222
2015,Arkansas,15–19,Male,1,24,0.041666666666666664
2015,Arkansas,20–24,Female,3,20,0.15
2015,Arkansas,20–24,Male,12,52,0.23076923076923078
2015,Arkansas,25–34,Female,7,25,0.28
2015,Arkansas,25–34,Male,19,68,0.27941176470588236
2015,Arkansas,35–44,Female,3,18,0.16666666666666666
2015,Arkansas,35–44,Male,27,71,0.38028169014084506
2015,Arkansas,45-54,Female,1,21,0.047619047619047616
2015,Arkansas,45-54,Male,10,56,0.17857142857142858
2015,Arkansas,55-64,Female,2,20,0.1
2015,Arkansas,55-64,Male,11,57,0.19298245614035087
2015,Arkansas,65+,Female,0,28,0
2015,Arkansas,65+,Male,6,59,0.1016949152542373
2015,California,0-14,Female,1,32,0.03125
2015,California,0-14,Male,1,49,0.02040816326530612
2015,California,15–19,Female,12,82,0.14634146341463414
2015,California,15–19,Male,34,162,0.20987654320987653
2015,California,20–24,Female,30,90,0.3333333333333333
2015,California,20–24,Male,121,361,0.33518005540166207
2015,California,25–34,Female,30,146,0.2054794520547945
2015,California,25–34,Male,158,515,0.3067961165048544
2015,California,35–44,Female,22,107,0.205607476635514
2015,California,35–44,Male,92,315,0.2920634920634921
2015,California,45-54,Female,29,147,0.19727891156462585
2015,California,45-54,Male,95,347,0.2737752161383285
2015,California,55-64,Female,14,130,0.1076923076923077
2015,California,55-64,Male,64,353,0.1813031161473088
2015,California,65+,Female,11,188,0.05851063829787234
2015,California,65+,Male,30,355,0.08450704225352113
2015,Colorado,0-14,Female,0,4,0
2015,Colorado,0-14,Male,0,5,0
2015,Colorado,15–19,Female,2,6,0.3333333333333333
2015,Colorado,15–19,Male,3,27,0.1111111111111111
2015,Colorado,20–24,Female,6,19,0.3157894736842105
2015,Colorado,20–24,Male,18,51,0.35294117647058826
2015,Colorado,25–34,Female,6,30,0.2
2015,Colorado,25–34,Male,34,76,0.4473684210526316
2015,Colorado,35–44,Female,4,16,0.25
2015,Colorado,35–44,Male,15,57,0.2631578947368421
2015,Colorado,45-54,Female,5,17,0.29411764705882354
2015,Colorado,45-54,Male,24,59,0.4067796610169492
2015,Colorado,55-64,Female,2,25,0.08
2015,Colorado,55-64,Male,14,60,0.23333333333333334
2015,Colorado,65+,Female,0,33,0
2015,Colorado,65+,Male,1,62,0.016129032258064516
2015,Connecticut,0-14,Female,0,6,0
2015,Connecticut,0-14,Male,0,6,0
2015,Connecticut,15–19,Female,0,5,0
2015,Connecticut,15–19,Male,4,10,0.4
2015,Connecticut,20–24,Female,3,9,0.3333333333333333
2015,Connecticut,20–24,Male,7,20,0.35
2015,Connecticut,25–34,Female,6,11,0.5454545454545454
2015,Connecticut,25–34,Male,13,35,0.37142857142857144
2015,Connecticut,35–44,Female,0,5,0
2015,Connecticut,35–44,Male,14,29,0.4827586206896552
2015,Connecticut,45-54,Female,3,17,0.17647058823529413
2015,Connecticut,45-54,Male,11,36,0.3055555555555556
2015,Connecticut,55-64,Female,3,13,0.23076923076923078
2015,Connecticut,55-64,Male,6,24,0.25
2015,Connecticut,65+,Female,1,10,0.1
2015,Connecticut,65+,Male,3,34,0.08823529411764706
2015,Delaware,0-14,Female,0,1,0
2015,Delaware,0-14,Male,0,0,NA
2015,Delaware,15–19,Female,0,3,0
2015,Delaware,15–19,Male,2,8,0.25
2015,Delaware,20–24,Female,0,5,0
2015,Delaware,20–24,Male,4,8,0.5
2015,Delaware,25–34,Female,2,4,0.5
2015,Delaware,25–34,Male,5,13,0.38461538461538464
2015,Delaware,35–44,Female,3,7,0.42857142857142855
2015,Delaware,35–44,Male,11,22,0.5
2015,Delaware,45-54,Female,0,4,0
2015,Delaware,45-54,Male,8,13,0.6153846153846154
2015,Delaware,55-64,Female,1,7,0.14285714285714285
2015,Delaware,55-64,Male,6,18,0.3333333333333333
2015,Delaware,65+,Female,0,5,0
2015,Delaware,65+,Male,0,13,0
2015,District of Columbia,0-14,Female,0,0,NA
2015,District of Columbia,0-14,Male,0,0,NA
2015,District of Columbia,15–19,Female,0,0,NA
2015,District of Columbia,15–19,Male,0,0,NA
2015,District of Columbia,20–24,Female,0,0,NA
2015,District of Columbia,20–24,Male,0,2,0
2015,District of Columbia,25–34,Female,0,4,0
2015,District of Columbia,25–34,Male,1,4,0.25
2015,District of Columbia,35–44,Female,0,0,NA
2015,District of Columbia,35–44,Male,1,2,0.5
2015,District of Columbia,45-54,Female,0,0,NA
2015,District of Columbia,45-54,Male,0,3,0
2015,District of Columbia,55-64,Female,0,1,0
2015,District of Columbia,55-64,Male,0,3,0
2015,District of Columbia,65+,Female,0,3,0
2015,District of Columbia,65+,Male,0,1,0
2015,Florida,0-14,Female,1,28,0.03571428571428571
2015,Florida,0-14,Male,0,39,0
2015,Florida,15–19,Female,3,55,0.05454545454545454
2015,Florida,15–19,Male,24,129,0.18604651162790697
2015,Florida,20–24,Female,16,91,0.17582417582417584
2015,Florida,20–24,Male,56,286,0.1958041958041958
2015,Florida,25–34,Female,16,85,0.18823529411764706
2015,Florida,25–34,Male,104,384,0.2708333333333333
2015,Florida,35–44,Female,21,109,0.1926605504587156
2015,Florida,35–44,Male,80,283,0.2826855123674912
2015,Florida,45-54,Female,22,111,0.1981981981981982
2015,Florida,45-54,Male,91,339,0.26843657817109146
2015,Florida,55-64,Female,8,99,0.08080808080808081
2015,Florida,55-64,Male,78,328,0.23780487804878048
2015,Florida,65+,Female,4,186,0.021505376344086023
2015,Florida,65+,Male,19,353,0.053824362606232294
2015,Georgia,0-14,Female,0,17,0
2015,Georgia,0-14,Male,0,30,0
2015,Georgia,15–19,Female,0,35,0
2015,Georgia,15–19,Male,5,75,0.06666666666666667
2015,Georgia,20–24,Female,8,55,0.14545454545454545
2015,Georgia,20–24,Male,26,107,0.24299065420560748
2015,Georgia,25–34,Female,16,69,0.2318840579710145
2015,Georgia,25–34,Male,54,191,0.28272251308900526
2015,Georgia,35–44,Female,14,50,0.28
2015,Georgia,35–44,Male,32,144,0.2222222222222222
2015,Georgia,45-54,Female,8,59,0.13559322033898305
2015,Georgia,45-54,Male,29,138,0.21014492753623187
2015,Georgia,55-64,Female,5,57,0.08771929824561403
2015,Georgia,55-64,Male,23,143,0.16083916083916083
2015,Georgia,65+,Female,1,89,0.011235955056179775
2015,Georgia,65+,Male,7,171,0.04093567251461988
2015,Hawaii,0-14,Female,0,0,NA
2015,Hawaii,0-14,Male,0,1,0
2015,Hawaii,15–19,Female,2,5,0.4
2015,Hawaii,15–19,Male,2,7,0.2857142857142857
2015,Hawaii,20–24,Female,2,2,1
2015,Hawaii,20–24,Male,2,6,0.3333333333333333
2015,Hawaii,25–34,Female,0,5,0
2015,Hawaii,25–34,Male,5,13,0.38461538461538464
2015,Hawaii,35–44,Female,1,1,1
2015,Hawaii,35–44,Male,4,7,0.5714285714285714
2015,Hawaii,45-54,Female,0,4,0
2015,Hawaii,45-54,Male,2,13,0.15384615384615385
2015,Hawaii,55-64,Female,0,3,0
2015,Hawaii,55-64,Male,2,9,0.2222222222222222
2015,Hawaii,65+,Female,1,7,0.14285714285714285
2015,Hawaii,65+,Male,0,8,0
2015,Idaho,0-14,Female,0,4,0
2015,Idaho,0-14,Male,0,8,0
2015,Idaho,15–19,Female,1,6,0.16666666666666666
2015,Idaho,15–19,Male,3,15,0.2
2015,Idaho,20–24,Female,0,8,0
2015,Idaho,20–24,Male,5,16,0.3125
2015,Idaho,25–34,Female,1,5,0.2
2015,Idaho,25–34,Male,10,24,0.4166666666666667
2015,Idaho,35–44,Female,3,10,0.3
2015,Idaho,35–44,Male,8,21,0.38095238095238093
2015,Idaho,45-54,Female,2,11,0.18181818181818182
2015,Idaho,45-54,Male,7,22,0.3181818181818182
2015,Idaho,55-64,Female,0,8,0
2015,Idaho,55-64,Male,8,21,0.38095238095238093
2015,Idaho,65+,Female,0,11,0
2015,Idaho,65+,Male,3,26,0.11538461538461539
2015,Illinois,0-14,Female,0,13,0
2015,Illinois,0-14,Male,0,20,0
2015,Illinois,15–19,Female,2,25,0.08
2015,Illinois,15–19,Male,7,60,0.11666666666666667
2015,Illinois,20–24,Female,9,24,0.375
2015,Illinois,20–24,Male,34,88,0.38636363636363635
2015,Illinois,25–34,Female,15,51,0.29411764705882354
2015,Illinois,25–34,Male,54,117,0.46153846153846156
2015,Illinois,35–44,Female,4,25,0.16
2015,Illinois,35–44,Male,36,94,0.3829787234042553
2015,Illinois,45-54,Female,11,32,0.34375
2015,Illinois,45-54,Male,51,113,0.45132743362831856
2015,Illinois,55-64,Female,5,38,0.13157894736842105
2015,Illinois,55-64,Male,19,107,0.17757009345794392
2015,Illinois,65+,Female,1,71,0.014084507042253521
2015,Illinois,65+,Male,10,119,0.08403361344537816
2015,Indiana,0-14,Female,0,21,0
2015,Indiana,0-14,Male,0,15,0
2015,Indiana,15–19,Female,2,30,0.06666666666666667
2015,Indiana,15–19,Male,5,44,0.11363636363636363
2015,Indiana,20–24,Female,3,23,0.13043478260869565
2015,Indiana,20–24,Male,11,65,0.16923076923076924
2015,Indiana,25–34,Female,9,40,0.225
2015,Indiana,25–34,Male,16,81,0.19753086419753085
2015,Indiana,35–44,Female,2,22,0.09090909090909091
2015,Indiana,35–44,Male,18,81,0.2222222222222222
2015,Indiana,45-54,Female,2,38,0.05263157894736842
2015,Indiana,45-54,Male,14,91,0.15384615384615385
2015,Indiana,55-64,Female,2,31,0.06451612903225806
2015,Indiana,55-64,Male,8,90,0.08888888888888889
2015,Indiana,65+,Female,0,64,0
2015,Indiana,65+,Male,3,81,0.037037037037037035
2015,Iowa,0-14,Female,0,4,0
2015,Iowa,0-14,Male,0,11,0
2015,Iowa,15–19,Female,0,15,0
2015,Iowa,15–19,Male,2,15,0.13333333333333333
2015,Iowa,20–24,Female,0,13,0
2015,Iowa,20–24,Male,12,25,0.48
2015,Iowa,25–34,Female,2,11,0.18181818181818182
2015,Iowa,25–34,Male,9,32,0.28125
2015,Iowa,35–44,Female,0,5,0
2015,Iowa,35–44,Male,10,24,0.4166666666666667
2015,Iowa,45-54,Female,2,16,0.125
2015,Iowa,45-54,Male,7,26,0.2692307692307692
2015,Iowa,55-64,Female,0,8,0
2015,Iowa,55-64,Male,10,42,0.23809523809523808
2015,Iowa,65+,Female,0,30,0
2015,Iowa,65+,Male,1,43,0.023255813953488372
2015,Kansas,0-14,Female,0,9,0
2015,Kansas,0-14,Male,0,6,0
2015,Kansas,15–19,Female,0,13,0
2015,Kansas,15–19,Male,0,21,0
2015,Kansas,20–24,Female,1,10,0.1
2015,Kansas,20–24,Male,6,31,0.1935483870967742
2015,Kansas,25–34,Female,4,9,0.4444444444444444
2015,Kansas,25–34,Male,10,41,0.24390243902439024
2015,Kansas,35–44,Female,3,10,0.3
2015,Kansas,35–44,Male,6,33,0.18181818181818182
2015,Kansas,45-54,Female,0,20,0
2015,Kansas,45-54,Male,5,33,0.15151515151515152
2015,Kansas,55-64,Female,3,19,0.15789473684210525
2015,Kansas,55-64,Male,8,34,0.23529411764705882
2015,Kansas,65+,Female,1,26,0.038461538461538464
2015,Kansas,65+,Male,0,40,0
2015,Kentucky,0-14,Female,0,17,0
2015,Kentucky,0-14,Male,0,19,0
2015,Kentucky,15–19,Female,1,13,0.07692307692307693
2015,Kentucky,15–19,Male,3,32,0.09375
2015,Kentucky,20–24,Female,7,29,0.2413793103448276
2015,Kentucky,20–24,Male,22,72,0.3055555555555556
2015,Kentucky,25–34,Female,5,31,0.16129032258064516
2015,Kentucky,25–34,Male,29,92,0.31521739130434784
2015,Kentucky,35–44,Female,4,26,0.15384615384615385
2015,Kentucky,35–44,Male,25,91,0.27472527472527475
2015,Kentucky,45-54,Female,3,37,0.08108108108108109
2015,Kentucky,45-54,Male,27,83,0.3253012048192771
2015,Kentucky,55-64,Female,1,27,0.037037037037037035
2015,Kentucky,55-64,Male,16,73,0.2191780821917808
2015,Kentucky,65+,Female,1,44,0.022727272727272728
2015,Kentucky,65+,Male,4,74,0.05405405405405406
2015,Louisiana,0-14,Female,0,17,0
2015,Louisiana,0-14,Male,0,16,0
2015,Louisiana,15–19,Female,0,20,0
2015,Louisiana,15–19,Male,4,31,0.12903225806451613
2015,Louisiana,20–24,Female,4,21,0.19047619047619047
2015,Louisiana,20–24,Male,21,65,0.3230769230769231
2015,Louisiana,25–34,Female,13,43,0.3023255813953488
2015,Louisiana,25–34,Male,53,116,0.45689655172413796
2015,Louisiana,35–44,Female,6,29,0.20689655172413793
2015,Louisiana,35–44,Male,30,74,0.40540540540540543
2015,Louisiana,45-54,Female,6,31,0.1935483870967742
2015,Louisiana,45-54,Male,26,85,0.3058823529411765
2015,Louisiana,55-64,Female,4,33,0.12121212121212122
2015,Louisiana,55-64,Male,25,71,0.352112676056338
2015,Louisiana,65+,Female,2,34,0.058823529411764705
2015,Louisiana,65+,Male,10,64,0.15625
2015,Maine,0-14,Female,0,1,0
2015,Maine,0-14,Male,0,1,0
2015,Maine,15–19,Female,0,3,0
2015,Maine,15–19,Male,2,3,0.6666666666666666
2015,Maine,20–24,Female,0,4,0
2015,Maine,20–24,Male,8,16,0.5
2015,Maine,25–34,Female,4,8,0.5
2015,Maine,25–34,Male,12,19,0.631578947368421
2015,Maine,35–44,Female,1,5,0.2
2015,Maine,35–44,Male,7,15,0.4666666666666667
2015,Maine,45-54,Female,1,11,0.09090909090909091
2015,Maine,45-54,Male,5,17,0.29411764705882354
2015,Maine,55-64,Female,1,7,0.14285714285714285
2015,Maine,55-64,Male,1,12,0.08333333333333333
2015,Maine,65+,Female,0,14,0
2015,Maine,65+,Male,0,20,0
2015,Maryland,0-14,Female,0,7,0
2015,Maryland,0-14,Male,0,12,0
2015,Maryland,15–19,Female,0,7,0
2015,Maryland,15–19,Male,5,23,0.21739130434782608
2015,Maryland,20–24,Female,4,19,0.21052631578947367
2015,Maryland,20–24,Male,16,45,0.35555555555555557
2015,Maryland,25–34,Female,6,28,0.21428571428571427
2015,Maryland,25–34,Male,27,69,0.391304347826087
2015,Maryland,35–44,Female,0,6,0
2015,Maryland,35–44,Male,21,49,0.42857142857142855
2015,Maryland,45-54,Female,5,26,0.19230769230769232
2015,Maryland,45-54,Male,24,58,0.41379310344827586
2015,Maryland,55-64,Female,0,17,0
2015,Maryland,55-64,Male,14,62,0.22580645161290322
2015,Maryland,65+,Female,1,41,0.024390243902439025
2015,Maryland,65+,Male,4,50,0.08
2015,Massachusetts,0-14,Female,0,3,0
2015,Massachusetts,0-14,Male,0,2,0
2015,Massachusetts,15–19,Female,0,5,0
2015,Massachusetts,15–19,Male,1,13,0.07692307692307693
2015,Massachusetts,20–24,Female,3,18,0.16666666666666666
2015,Massachusetts,20–24,Male,13,42,0.30952380952380953
2015,Massachusetts,25–34,Female,4,15,0.26666666666666666
2015,Massachusetts,25–34,Male,15,50,0.3
2015,Massachusetts,35–44,Female,2,8,0.25
2015,Massachusetts,35–44,Male,5,25,0.2
2015,Massachusetts,45-54,Female,3,11,0.2727272727272727
2015,Massachusetts,45-54,Male,7,30,0.23333333333333334
2015,Massachusetts,55-64,Female,2,13,0.15384615384615385
2015,Massachusetts,55-64,Male,4,29,0.13793103448275862
2015,Massachusetts,65+,Female,0,30,0
2015,Massachusetts,65+,Male,3,48,0.0625
2015,Michigan,0-14,Female,0,10,0
2015,Michigan,0-14,Male,0,26,0
2015,Michigan,15–19,Female,1,25,0.04
2015,Michigan,15–19,Male,6,68,0.08823529411764706
2015,Michigan,20–24,Female,6,27,0.2222222222222222
2015,Michigan,20–24,Male,18,73,0.2465753424657534
2015,Michigan,25–34,Female,6,31,0.1935483870967742
2015,Michigan,25–34,Male,45,132,0.3409090909090909
2015,Michigan,35–44,Female,4,24,0.16666666666666666
2015,Michigan,35–44,Male,19,93,0.20430107526881722
2015,Michigan,45-54,Female,6,44,0.13636363636363635
2015,Michigan,45-54,Male,17,97,0.17525773195876287
2015,Michigan,55-64,Female,1,35,0.02857142857142857
2015,Michigan,55-64,Male,13,97,0.13402061855670103
2015,Michigan,65+,Female,0,67,0
2015,Michigan,65+,Male,4,118,0.03389830508474576
2015,Minnesota,0-14,Female,0,6,0
2015,Minnesota,0-14,Male,0,7,0
2015,Minnesota,15–19,Female,0,9,0
2015,Minnesota,15–19,Male,2,17,0.11764705882352941
2015,Minnesota,20–24,Female,0,10,0
2015,Minnesota,20–24,Male,16,35,0.45714285714285713
2015,Minnesota,25–34,Female,3,12,0.25
2015,Minnesota,25–34,Male,22,46,0.4782608695652174
2015,Minnesota,35–44,Female,5,17,0.29411764705882354
2015,Minnesota,35–44,Male,14,29,0.4827586206896552
2015,Minnesota,45-54,Female,3,18,0.16666666666666666
2015,Minnesota,45-54,Male,19,50,0.38
2015,Minnesota,55-64,Female,0,13,0
2015,Minnesota,55-64,Male,10,43,0.23255813953488372
2015,Minnesota,65+,Female,0,34,0
2015,Minnesota,65+,Male,4,65,0.06153846153846154
2015,Mississippi,0-14,Female,0,20,0
2015,Mississippi,0-14,Male,0,18,0
2015,Mississippi,15–19,Female,1,33,0.030303030303030304
2015,Mississippi,15–19,Male,3,35,0.08571428571428572
2015,Mississippi,20–24,Female,0,20,0
2015,Mississippi,20–24,Male,4,32,0.125
2015,Mississippi,25–34,Female,4,37,0.10810810810810811
2015,Mississippi,25–34,Male,22,88,0.25
2015,Mississippi,35–44,Female,5,34,0.14705882352941177
2015,Mississippi,35–44,Male,12,78,0.15384615384615385
2015,Mississippi,45-54,Female,1,27,0.037037037037037035
2015,Mississippi,45-54,Male,15,75,0.2
2015,Mississippi,55-64,Female,0,20,0
2015,Mississippi,55-64,Male,9,66,0.13636363636363635
2015,Mississippi,65+,Female,0,37,0
2015,Mississippi,65+,Male,5,57,0.08771929824561403
2015,Missouri,0-14,Female,0,11,0
2015,Missouri,0-14,Male,0,9,0
2015,Missouri,15–19,Female,1,25,0.04
2015,Missouri,15–19,Male,7,51,0.13725490196078433
2015,Missouri,20–24,Female,7,27,0.25925925925925924
2015,Missouri,20–24,Male,23,70,0.32857142857142857
2015,Missouri,25–34,Female,10,56,0.17857142857142858
2015,Missouri,25–34,Male,42,109,0.3853211009174312
2015,Missouri,35–44,Female,8,24,0.3333333333333333
2015,Missouri,35–44,Male,24,73,0.3287671232876712
2015,Missouri,45-54,Female,6,37,0.16216216216216217
2015,Missouri,45-54,Male,27,99,0.2727272727272727
2015,Missouri,55-64,Female,4,32,0.125
2015,Missouri,55-64,Male,16,80,0.2
2015,Missouri,65+,Female,0,57,0
2015,Missouri,65+,Male,9,109,0.08256880733944955
2015,Montana,0-14,Female,0,3,0
2015,Montana,0-14,Male,0,2,0
2015,Montana,15–19,Female,3,7,0.42857142857142855
2015,Montana,15–19,Male,1,16,0.0625
2015,Montana,20–24,Female,5,14,0.35714285714285715
2015,Montana,20–24,Male,5,16,0.3125
2015,Montana,25–34,Female,4,13,0.3076923076923077
2015,Montana,25–34,Male,17,31,0.5483870967741935
2015,Montana,35–44,Female,2,8,0.25
2015,Montana,35–44,Male,14,21,0.6666666666666666
2015,Montana,45-54,Female,4,10,0.4
2015,Montana,45-54,Male,9,21,0.42857142857142855
2015,Montana,55-64,Female,0,7,0
2015,Montana,55-64,Male,2,15,0.13333333333333333
2015,Montana,65+,Female,0,14,0
2015,Montana,65+,Male,4,26,0.15384615384615385
2015,Nebraska,0-14,Female,0,1,0
2015,Nebraska,0-14,Male,0,5,0
2015,Nebraska,15–19,Female,0,6,0
2015,Nebraska,15–19,Male,3,14,0.21428571428571427
2015,Nebraska,20–24,Female,4,13,0.3076923076923077
2015,Nebraska,20–24,Male,7,21,0.3333333333333333
2015,Nebraska,25–34,Female,2,11,0.18181818181818182
2015,Nebraska,25–34,Male,11,40,0.275
2015,Nebraska,35–44,Female,2,9,0.2222222222222222
2015,Nebraska,35–44,Male,8,19,0.42105263157894735
2015,Nebraska,45-54,Female,5,11,0.45454545454545453
2015,Nebraska,45-54,Male,3,22,0.13636363636363635
2015,Nebraska,55-64,Female,0,14,0
2015,Nebraska,55-64,Male,3,25,0.12
2015,Nebraska,65+,Female,0,13,0
2015,Nebraska,65+,Male,1,22,0.045454545454545456
2015,Nevada,0-14,Female,0,7,0
2015,Nevada,0-14,Male,0,4,0
2015,Nevada,15–19,Female,0,10,0
2015,Nevada,15–19,Male,2,17,0.11764705882352941
2015,Nevada,20–24,Female,2,4,0.5
2015,Nevada,20–24,Male,7,31,0.22580645161290322
2015,Nevada,25–34,Female,4,13,0.3076923076923077
2015,Nevada,25–34,Male,19,47,0.40425531914893614
2015,Nevada,35–44,Female,6,14,0.42857142857142855
2015,Nevada,35–44,Male,15,35,0.42857142857142855
2015,Nevada,45-54,Female,1,7,0.14285714285714285
2015,Nevada,45-54,Male,11,33,0.3333333333333333
2015,Nevada,55-64,Female,3,11,0.2727272727272727
2015,Nevada,55-64,Male,12,33,0.36363636363636365
2015,Nevada,65+,Female,0,22,0
2015,Nevada,65+,Male,3,38,0.07894736842105263
2015,New Hampshire,0-14,Female,0,0,NA
2015,New Hampshire,0-14,Male,0,0,NA
2015,New Hampshire,15–19,Female,0,3,0
2015,New Hampshire,15–19,Male,0,2,0
2015,New Hampshire,20–24,Female,2,2,1
2015,New Hampshire,20–24,Male,6,11,0.5454545454545454
2015,New Hampshire,25–34,Female,0,6,0
2015,New Hampshire,25–34,Male,6,11,0.5454545454545454
2015,New Hampshire,35–44,Female,1,6,0.16666666666666666
2015,New Hampshire,35–44,Male,4,8,0.5
2015,New Hampshire,45-54,Female,0,4,0
2015,New Hampshire,45-54,Male,5,14,0.35714285714285715
2015,New Hampshire,55-64,Female,0,7,0
2015,New Hampshire,55-64,Male,1,17,0.058823529411764705
2015,New Hampshire,65+,Female,0,8,0
2015,New Hampshire,65+,Male,0,15,0
2015,New Jersey,0-14,Female,0,7,0
2015,New Jersey,0-14,Male,0,10,0
2015,New Jersey,15–19,Female,2,10,0.2
2015,New Jersey,15–19,Male,3,23,0.13043478260869565
2015,New Jersey,20–24,Female,3,15,0.2
2015,New Jersey,20–24,Male,13,50,0.26
2015,New Jersey,25–34,Female,4,21,0.19047619047619047
2015,New Jersey,25–34,Male,24,71,0.3380281690140845
2015,New Jersey,35–44,Female,7,19,0.3684210526315789
2015,New Jersey,35–44,Male,14,50,0.28
2015,New Jersey,45-54,Female,4,26,0.15384615384615385
2015,New Jersey,45-54,Male,18,55,0.32727272727272727
2015,New Jersey,55-64,Female,4,19,0.21052631578947367
2015,New Jersey,55-64,Male,4,57,0.07017543859649122
2015,New Jersey,65+,Female,0,48,0
2015,New Jersey,65+,Male,7,80,0.0875
2015,New Mexico,0-14,Female,0,7,0
2015,New Mexico,0-14,Male,0,7,0
2015,New Mexico,15–19,Female,3,6,0.5
2015,New Mexico,15–19,Male,1,6,0.16666666666666666
2015,New Mexico,20–24,Female,4,16,0.25
2015,New Mexico,20–24,Male,10,26,0.38461538461538464
2015,New Mexico,25–34,Female,10,20,0.5
2015,New Mexico,25–34,Male,23,53,0.4339622641509434
2015,New Mexico,35–44,Female,5,12,0.4166666666666667
2015,New Mexico,35–44,Male,10,33,0.30303030303030304
2015,New Mexico,45-54,Female,1,10,0.1
2015,New Mexico,45-54,Male,10,29,0.3448275862068966
2015,New Mexico,55-64,Female,2,8,0.25
2015,New Mexico,55-64,Male,10,29,0.3448275862068966
2015,New Mexico,65+,Female,0,11,0
2015,New Mexico,65+,Male,3,25,0.12
2015,New York,0-14,Female,0,19,0
2015,New York,0-14,Male,0,17,0
2015,New York,15–19,Female,1,20,0.05
2015,New York,15–19,Male,2,38,0.05263157894736842
2015,New York,20–24,Female,11,39,0.28205128205128205
2015,New York,20–24,Male,23,93,0.24731182795698925
2015,New York,25–34,Female,8,52,0.15384615384615385
2015,New York,25–34,Male,47,144,0.3263888888888889
2015,New York,35–44,Female,6,30,0.2
2015,New York,35–44,Male,39,93,0.41935483870967744
2015,New York,45-54,Female,11,45,0.24444444444444444
2015,New York,45-54,Male,31,113,0.2743362831858407
2015,New York,55-64,Female,5,50,0.1
2015,New York,55-64,Male,19,122,0.1557377049180328
2015,New York,65+,Female,0,111,0
2015,New York,65+,Male,7,146,0.04794520547945205
2015,North Carolina,0-14,Female,0,19,0
2015,North Carolina,0-14,Male,0,29,0
2015,North Carolina,15–19,Female,5,32,0.15625
2015,North Carolina,15–19,Male,9,61,0.14754098360655737
2015,North Carolina,20–24,Female,13,50,0.26
2015,North Carolina,20–24,Male,34,117,0.2905982905982906
2015,North Carolina,25–34,Female,12,55,0.21818181818181817
2015,North Carolina,25–34,Male,77,185,0.41621621621621624
2015,North Carolina,35–44,Female,10,40,0.25
2015,North Carolina,35–44,Male,57,134,0.4253731343283582
2015,North Carolina,45-54,Female,7,59,0.11864406779661017
2015,North Carolina,45-54,Male,50,151,0.33112582781456956
2015,North Carolina,55-64,Female,2,35,0.05714285714285714
2015,North Carolina,55-64,Male,30,141,0.2127659574468085
2015,North Carolina,65+,Female,3,104,0.028846153846153848
2015,North Carolina,65+,Male,9,165,0.05454545454545454
2015,North Dakota,0-14,Female,0,0,NA
2015,North Dakota,0-14,Male,0,1,0
2015,North Dakota,15–19,Female,0,4,0
2015,North Dakota,15–19,Male,0,10,0
2015,North Dakota,20–24,Female,2,4,0.5
2015,North Dakota,20–24,Male,6,14,0.42857142857142855
2015,North Dakota,25–34,Female,4,8,0.5
2015,North Dakota,25–34,Male,16,25,0.64
2015,North Dakota,35–44,Female,1,2,0.5
2015,North Dakota,35–44,Male,5,15,0.3333333333333333
2015,North Dakota,45-54,Female,0,1,0
2015,North Dakota,45-54,Male,6,13,0.46153846153846156
2015,North Dakota,55-64,Female,1,5,0.2
2015,North Dakota,55-64,Male,2,12,0.16666666666666666
2015,North Dakota,65+,Female,0,6,0
2015,North Dakota,65+,Male,0,11,0
2015,Ohio,0-14,Female,0,13,0
2015,Ohio,0-14,Male,0,14,0
2015,Ohio,15–19,Female,4,34,0.11764705882352941
2015,Ohio,15–19,Male,4,56,0.07142857142857142
2015,Ohio,20–24,Female,4,29,0.13793103448275862
2015,Ohio,20–24,Male,39,114,0.34210526315789475
2015,Ohio,25–34,Female,14,44,0.3181818181818182
2015,Ohio,25–34,Male,51,134,0.3805970149253731
2015,Ohio,35–44,Female,15,49,0.30612244897959184
2015,Ohio,35–44,Male,37,98,0.37755102040816324
2015,Ohio,45-54,Female,11,35,0.3142857142857143
2015,Ohio,45-54,Male,46,129,0.35658914728682173
2015,Ohio,55-64,Female,6,27,0.2222222222222222
2015,Ohio,55-64,Male,17,109,0.1559633027522936
2015,Ohio,65+,Female,1,90,0.011111111111111112
2015,Ohio,65+,Male,10,134,0.07462686567164178
2015,Oklahoma,0-14,Female,0,9,0
2015,Oklahoma,0-14,Male,0,15,0
2015,Oklahoma,15–19,Female,0,19,0
2015,Oklahoma,15–19,Male,6,40,0.15
2015,Oklahoma,20–24,Female,4,17,0.23529411764705882
2015,Oklahoma,20–24,Male,17,59,0.288135593220339
2015,Oklahoma,25–34,Female,5,27,0.18518518518518517
2015,Oklahoma,25–34,Male,24,84,0.2857142857142857
2015,Oklahoma,35–44,Female,6,27,0.2222222222222222
2015,Oklahoma,35–44,Male,17,52,0.3269230769230769
2015,Oklahoma,45-54,Female,7,29,0.2413793103448276
2015,Oklahoma,45-54,Male,20,73,0.273972602739726
2015,Oklahoma,55-64,Female,2,21,0.09523809523809523
2015,Oklahoma,55-64,Male,16,62,0.25806451612903225
2015,Oklahoma,65+,Female,0,37,0
2015,Oklahoma,65+,Male,6,74,0.08108108108108109
2015,Oregon,0-14,Female,0,8,0
2015,Oregon,0-14,Male,0,5,0
2015,Oregon,15–19,Female,1,8,0.125
2015,Oregon,15–19,Male,3,7,0.42857142857142855
2015,Oregon,20–24,Female,2,9,0.2222222222222222
2015,Oregon,20–24,Male,12,37,0.32432432432432434
2015,Oregon,25–34,Female,7,25,0.28
2015,Oregon,25–34,Male,27,46,0.5869565217391305
2015,Oregon,35–44,Female,4,21,0.19047619047619047
2015,Oregon,35–44,Male,35,63,0.5555555555555556
2015,Oregon,45-54,Female,7,15,0.4666666666666667
2015,Oregon,45-54,Male,16,45,0.35555555555555557
2015,Oregon,55-64,Female,2,22,0.09090909090909091
2015,Oregon,55-64,Male,12,57,0.21052631578947367
2015,Oregon,65+,Female,0,25,0
2015,Oregon,65+,Male,11,53,0.20754716981132076
2015,Pennsylvania,0-14,Female,0,11,0
2015,Pennsylvania,0-14,Male,0,17,0
2015,Pennsylvania,15–19,Female,1,30,0.03333333333333333
2015,Pennsylvania,15–19,Male,8,72,0.1111111111111111
2015,Pennsylvania,20–24,Female,8,30,0.26666666666666666
2015,Pennsylvania,20–24,Male,29,96,0.3020833333333333
2015,Pennsylvania,25–34,Female,9,48,0.1875
2015,Pennsylvania,25–34,Male,52,161,0.32298136645962733
2015,Pennsylvania,35–44,Female,10,39,0.2564102564102564
2015,Pennsylvania,35–44,Male,25,96,0.2604166666666667
2015,Pennsylvania,45-54,Female,7,55,0.12727272727272726
2015,Pennsylvania,45-54,Male,52,151,0.3443708609271523
2015,Pennsylvania,55-64,Female,4,40,0.1
2015,Pennsylvania,55-64,Male,24,111,0.21621621621621623
2015,Pennsylvania,65+,Female,1,92,0.010869565217391304
2015,Pennsylvania,65+,Male,10,150,0.06666666666666667
2015,Puerto Rico,0-14,Female,0,1,0
2015,Puerto Rico,0-14,Male,0,5,0
2015,Puerto Rico,15–19,Female,0,7,0
2015,Puerto Rico,15–19,Male,3,19,0.15789473684210525
2015,Puerto Rico,20–24,Female,3,8,0.375
2015,Puerto Rico,20–24,Male,12,43,0.27906976744186046
2015,Puerto Rico,25–34,Female,2,5,0.4
2015,Puerto Rico,25–34,Male,12,42,0.2857142857142857
2015,Puerto Rico,35–44,Female,2,5,0.4
2015,Puerto Rico,35–44,Male,12,28,0.42857142857142855
2015,Puerto Rico,45-54,Female,2,7,0.2857142857142857
2015,Puerto Rico,45-54,Male,23,38,0.6052631578947368
2015,Puerto Rico,55-64,Female,1,7,0.14285714285714285
2015,Puerto Rico,55-64,Male,12,28,0.42857142857142855
2015,Puerto Rico,65+,Female,1,21,0.047619047619047616
2015,Puerto Rico,65+,Male,14,43,0.32558139534883723
2015,Rhode Island,0-14,Female,0,1,0
2015,Rhode Island,0-14,Male,0,1,0
2015,Rhode Island,15–19,Female,0,1,0
2015,Rhode Island,15–19,Male,0,2,0
2015,Rhode Island,20–24,Female,2,3,0.6666666666666666
2015,Rhode Island,20–24,Male,5,9,0.5555555555555556
2015,Rhode Island,25–34,Female,1,1,1
2015,Rhode Island,25–34,Male,6,7,0.8571428571428571
2015,Rhode Island,35–44,Female,0,1,0
2015,Rhode Island,35–44,Male,1,2,0.5
2015,Rhode Island,45-54,Female,0,2,0
2015,Rhode Island,45-54,Male,1,3,0.3333333333333333
2015,Rhode Island,55-64,Female,0,2,0
2015,Rhode Island,55-64,Male,0,5,0
2015,Rhode Island,65+,Female,0,1,0
2015,Rhode Island,65+,Male,0,4,0
2015,South Carolina,0-14,Female,0,13,0
2015,South Carolina,0-14,Male,0,18,0
2015,South Carolina,15–19,Female,3,23,0.13043478260869565
2015,South Carolina,15–19,Male,7,43,0.16279069767441862
2015,South Carolina,20–24,Female,7,40,0.175
2015,South Carolina,20–24,Male,27,87,0.3103448275862069
2015,South Carolina,25–34,Female,8,43,0.18604651162790697
2015,South Carolina,25–34,Male,48,142,0.3380281690140845
2015,South Carolina,35–44,Female,6,29,0.20689655172413793
2015,South Carolina,35–44,Male,35,112,0.3125
2015,South Carolina,45-54,Female,10,38,0.2631578947368421
2015,South Carolina,45-54,Male,35,106,0.330188679245283
2015,South Carolina,55-64,Female,5,35,0.14285714285714285
2015,South Carolina,55-64,Male,41,116,0.35344827586206895
2015,South Carolina,65+,Female,0,42,0
2015,South Carolina,65+,Male,7,92,0.07608695652173914
2015,South Dakota,0-14,Female,0,2,0
2015,South Dakota,0-14,Male,0,4,0
2015,South Dakota,15–19,Female,0,1,0
2015,South Dakota,15–19,Male,1,6,0.16666666666666666
2015,South Dakota,20–24,Female,0,4,0
2015,South Dakota,20–24,Male,6,10,0.6
2015,South Dakota,25–34,Female,1,7,0.14285714285714285
2015,South Dakota,25–34,Male,6,13,0.46153846153846156
2015,South Dakota,35–44,Female,0,1,0
2015,South Dakota,35–44,Male,6,12,0.5
2015,South Dakota,45-54,Female,0,5,0
2015,South Dakota,45-54,Male,8,21,0.38095238095238093
2015,South Dakota,55-64,Female,2,5,0.4
2015,South Dakota,55-64,Male,5,22,0.22727272727272727
2015,South Dakota,65+,Female,0,8,0
2015,South Dakota,65+,Male,1,13,0.07692307692307693
2015,Tennessee,0-14,Female,0,11,0
2015,Tennessee,0-14,Male,0,24,0
2015,Tennessee,15–19,Female,0,20,0
2015,Tennessee,15–19,Male,6,45,0.13333333333333333
2015,Tennessee,20–24,Female,6,25,0.24
2015,Tennessee,20–24,Male,18,71,0.2535211267605634
2015,Tennessee,25–34,Female,15,60,0.25
2015,Tennessee,25–34,Male,29,113,0.25663716814159293
2015,Tennessee,35–44,Female,11,40,0.275
2015,Tennessee,35–44,Male,31,88,0.3522727272727273
2015,Tennessee,45-54,Female,7,33,0.21212121212121213
2015,Tennessee,45-54,Male,41,114,0.35964912280701755
2015,Tennessee,55-64,Female,0,28,0
2015,Tennessee,55-64,Male,28,108,0.25925925925925924
2015,Tennessee,65+,Female,0,64,0
2015,Tennessee,65+,Male,10,118,0.0847457627118644
2015,Texas,0-14,Female,0,54,0
2015,Texas,0-14,Male,0,93,0
2015,Texas,15–19,Female,6,95,0.06315789473684211
2015,Texas,15–19,Male,18,173,0.10404624277456648
2015,Texas,20–24,Female,19,139,0.1366906474820144
2015,Texas,20–24,Male,93,355,0.2619718309859155
2015,Texas,25–34,Female,30,166,0.18072289156626506
2015,Texas,25–34,Male,136,541,0.2513863216266174
2015,Texas,35–44,Female,21,157,0.1337579617834395
2015,Texas,35–44,Male,100,378,0.26455026455026454
2015,Texas,45-54,Female,13,133,0.09774436090225563
2015,Texas,45-54,Male,96,398,0.24120603015075376
2015,Texas,55-64,Female,9,96,0.09375
2015,Texas,55-64,Male,54,318,0.16981132075471697
2015,Texas,65+,Female,2,180,0.011111111111111112
2015,Texas,65+,Male,15,287,0.05226480836236934
2015,Utah,0-14,Female,0,10,0
2015,Utah,0-14,Male,0,10,0
2015,Utah,15–19,Female,1,11,0.09090909090909091
2015,Utah,15–19,Male,0,10,0
2015,Utah,20–24,Female,3,10,0.3
2015,Utah,20–24,Male,5,22,0.22727272727272727
2015,Utah,25–34,Female,7,13,0.5384615384615384
2015,Utah,25–34,Male,10,35,0.2857142857142857
2015,Utah,35–44,Female,4,11,0.36363636363636365
2015,Utah,35–44,Male,4,24,0.16666666666666666
2015,Utah,45-54,Female,1,12,0.08333333333333333
2015,Utah,45-54,Male,8,30,0.26666666666666666
2015,Utah,55-64,Female,0,6,0
2015,Utah,55-64,Male,2,21,0.09523809523809523
2015,Utah,65+,Female,0,15,0
2015,Utah,65+,Male,0,38,0
2015,Vermont,0-14,Female,0,0,NA
2015,Vermont,0-14,Male,0,1,0
2015,Vermont,15–19,Female,0,1,0
2015,Vermont,15–19,Male,0,2,0
2015,Vermont,20–24,Female,0,0,NA
2015,Vermont,20–24,Male,3,8,0.375
2015,Vermont,25–34,Female,1,2,0.5
2015,Vermont,25–34,Male,1,3,0.3333333333333333
2015,Vermont,35–44,Female,0,3,0
2015,Vermont,35–44,Male,1,4,0.25
2015,Vermont,45-54,Female,0,2,0
2015,Vermont,45-54,Male,3,10,0.3
2015,Vermont,55-64,Female,1,2,0.5
2015,Vermont,55-64,Male,0,7,0
2015,Vermont,65+,Female,1,5,0.2
2015,Vermont,65+,Male,0,7,0
2015,Virginia,0-14,Female,0,8,0
2015,Virginia,0-14,Male,0,10,0
2015,Virginia,15–19,Female,4,18,0.2222222222222222
2015,Virginia,15–19,Male,2,31,0.06451612903225806
2015,Virginia,20–24,Female,6,20,0.3
2015,Virginia,20–24,Male,12,50,0.24
2015,Virginia,25–34,Female,10,41,0.24390243902439024
2015,Virginia,25–34,Male,17,88,0.19318181818181818
2015,Virginia,35–44,Female,3,27,0.1111111111111111
2015,Virginia,35–44,Male,32,81,0.3950617283950617
2015,Virginia,45-54,Female,3,26,0.11538461538461539
2015,Virginia,45-54,Male,20,87,0.22988505747126436
2015,Virginia,55-64,Female,6,38,0.15789473684210525
2015,Virginia,55-64,Male,14,75,0.18666666666666668
2015,Virginia,65+,Female,1,57,0.017543859649122806
2015,Virginia,65+,Male,11,91,0.12087912087912088
2015,Washington,0-14,Female,0,7,0
2015,Washington,0-14,Male,0,13,0
2015,Washington,15–19,Female,2,10,0.2
2015,Washington,15–19,Male,4,34,0.11764705882352941
2015,Washington,20–24,Female,3,18,0.16666666666666666
2015,Washington,20–24,Male,16,42,0.38095238095238093
2015,Washington,25–34,Female,7,31,0.22580645161290322
2015,Washington,25–34,Male,30,64,0.46875
2015,Washington,35–44,Female,4,26,0.15384615384615385
2015,Washington,35–44,Male,17,46,0.3695652173913043
2015,Washington,45-54,Female,4,23,0.17391304347826086
2015,Washington,45-54,Male,11,49,0.22448979591836735
2015,Washington,55-64,Female,4,23,0.17391304347826086
2015,Washington,55-64,Male,6,46,0.13043478260869565
2015,Washington,65+,Female,0,49,0
2015,Washington,65+,Male,5,70,0.07142857142857142
2015,West Virginia,0-14,Female,0,3,0
2015,West Virginia,0-14,Male,0,3,0
2015,West Virginia,15–19,Female,0,9,0
2015,West Virginia,15–19,Male,2,6,0.3333333333333333
2015,West Virginia,20–24,Female,1,8,0.125
2015,West Virginia,20–24,Male,6,23,0.2608695652173913
2015,West Virginia,25–34,Female,4,11,0.36363636363636365
2015,West Virginia,25–34,Male,10,42,0.23809523809523808
2015,West Virginia,35–44,Female,3,10,0.3
2015,West Virginia,35–44,Male,11,32,0.34375
2015,West Virginia,45-54,Female,5,11,0.45454545454545453
2015,West Virginia,45-54,Male,10,31,0.3225806451612903
2015,West Virginia,55-64,Female,0,5,0
2015,West Virginia,55-64,Male,5,30,0.16666666666666666
2015,West Virginia,65+,Female,0,13,0
2015,West Virginia,65+,Male,0,31,0
2015,Wisconsin,0-14,Female,0,7,0
2015,Wisconsin,0-14,Male,0,9,0
2015,Wisconsin,15–19,Female,1,11,0.09090909090909091
2015,Wisconsin,15–19,Male,3,22,0.13636363636363635
2015,Wisconsin,20–24,Female,3,14,0.21428571428571427
2015,Wisconsin,20–24,Male,20,44,0.45454545454545453
2015,Wisconsin,25–34,Female,7,15,0.4666666666666667
2015,Wisconsin,25–34,Male,38,86,0.4418604651162791
2015,Wisconsin,35–44,Female,0,8,0
2015,Wisconsin,35–44,Male,22,47,0.46808510638297873
2015,Wisconsin,45-54,Female,3,15,0.2
2015,Wisconsin,45-54,Male,29,77,0.37662337662337664
2015,Wisconsin,55-64,Female,3,19,0.15789473684210525
2015,Wisconsin,55-64,Male,24,53,0.4528301886792453
2015,Wisconsin,65+,Female,1,56,0.017857142857142856
2015,Wisconsin,65+,Male,6,83,0.07228915662650602
2015,Wyoming,0-14,Female,0,4,0
2015,Wyoming,0-14,Male,0,2,0
2015,Wyoming,15–19,Female,0,3,0
2015,Wyoming,15–19,Male,0,5,0
2015,Wyoming,20–24,Female,0,2,0
2015,Wyoming,20–24,Male,6,16,0.375
2015,Wyoming,25–34,Female,4,13,0.3076923076923077
2015,Wyoming,25–34,Male,6,24,0.25
2015,Wyoming,35–44,Female,1,6,0.16666666666666666
2015,Wyoming,35–44,Male,7,16,0.4375
2015,Wyoming,45-54,Female,0,2,0
2015,Wyoming,45-54,Male,7,18,0.3888888888888889
2015,Wyoming,55-64,Female,0,5,0
2015,Wyoming,55-64,Male,3,18,0.16666666666666666
2015,Wyoming,65+,Female,1,3,0.3333333333333333
2015,Wyoming,65+,Male,1,8,0.125
2016,Alabama,0-14,Female,0,17,0
2016,Alabama,0-14,Male,0,17,0
2016,Alabama,15–19,Female,3,34,0.08823529411764706
2016,Alabama,15–19,Male,5,63,0.07936507936507936
2016,Alabama,20–24,Female,4,27,0.14814814814814814
2016,Alabama,20–24,Male,15,73,0.2054794520547945
2016,Alabama,25–34,Female,8,53,0.1509433962264151
2016,Alabama,25–34,Male,56,183,0.30601092896174864
2016,Alabama,35–44,Female,7,45,0.15555555555555556
2016,Alabama,35–44,Male,36,125,0.288
2016,Alabama,45-54,Female,7,45,0.15555555555555556
2016,Alabama,45-54,Male,24,114,0.21052631578947367
2016,Alabama,55-64,Female,3,32,0.09375
2016,Alabama,55-64,Male,21,96,0.21875
2016,Alabama,65+,Female,0,54,0
2016,Alabama,65+,Male,7,101,0.06930693069306931
2016,Alaska,0-14,Female,0,2,0
2016,Alaska,0-14,Male,0,1,0
2016,Alaska,15–19,Female,1,7,0.14285714285714285
2016,Alaska,15–19,Male,1,8,0.125
2016,Alaska,20–24,Female,0,2,0
2016,Alaska,20–24,Male,2,8,0.25
2016,Alaska,25–34,Female,3,6,0.5
2016,Alaska,25–34,Male,6,11,0.5454545454545454
2016,Alaska,35–44,Female,2,2,1
2016,Alaska,35–44,Male,2,8,0.25
2016,Alaska,45-54,Female,0,3,0
2016,Alaska,45-54,Male,1,4,0.25
2016,Alaska,55-64,Female,1,4,0.25
2016,Alaska,55-64,Male,2,9,0.2222222222222222
2016,Alaska,65+,Female,0,4,0
2016,Alaska,65+,Male,2,5,0.4
2016,Arizona,0-14,Female,0,13,0
2016,Arizona,0-14,Male,0,22,0
2016,Arizona,15–19,Female,1,27,0.037037037037037035
2016,Arizona,15–19,Male,3,33,0.09090909090909091
2016,Arizona,20–24,Female,6,29,0.20689655172413793
2016,Arizona,20–24,Male,21,82,0.25609756097560976
2016,Arizona,25–34,Female,10,42,0.23809523809523808
2016,Arizona,25–34,Male,28,101,0.27722772277227725
2016,Arizona,35–44,Female,5,36,0.1388888888888889
2016,Arizona,35–44,Male,28,94,0.2978723404255319
2016,Arizona,45-54,Female,0,32,0
2016,Arizona,45-54,Male,33,128,0.2578125
2016,Arizona,55-64,Female,6,35,0.17142857142857143
2016,Arizona,55-64,Male,22,100,0.22
2016,Arizona,65+,Female,0,63,0
2016,Arizona,65+,Male,7,113,0.061946902654867256
2016,Arkansas,0-14,Female,0,6,0
2016,Arkansas,0-14,Male,0,10,0
2016,Arkansas,15–19,Female,0,5,0
2016,Arkansas,15–19,Male,3,29,0.10344827586206896
2016,Arkansas,20–24,Female,1,16,0.0625
2016,Arkansas,20–24,Male,12,41,0.2926829268292683
2016,Arkansas,25–34,Female,2,34,0.058823529411764705
2016,Arkansas,25–34,Male,13,64,0.203125
2016,Arkansas,35–44,Female,3,26,0.11538461538461539
2016,Arkansas,35–44,Male,13,55,0.23636363636363636
2016,Arkansas,45-54,Female,2,24,0.08333333333333333
2016,Arkansas,45-54,Male,12,56,0.21428571428571427
2016,Arkansas,55-64,Female,1,25,0.04
2016,Arkansas,55-64,Male,8,68,0.11764705882352941
2016,Arkansas,65+,Female,0,39,0
2016,Arkansas,65+,Male,5,61,0.08196721311475409
2016,California,0-14,Female,1,57,0.017543859649122806
2016,California,0-14,Male,0,50,0
2016,California,15–19,Female,8,77,0.1038961038961039
2016,California,15–19,Male,31,179,0.17318435754189945
2016,California,20–24,Female,32,127,0.25196850393700787
2016,California,20–24,Male,98,403,0.24317617866004962
2016,California,25–34,Female,53,172,0.3081395348837209
2016,California,25–34,Male,199,562,0.3540925266903915
2016,California,35–44,Female,20,116,0.1724137931034483
2016,California,35–44,Male,108,341,0.31671554252199413
2016,California,45-54,Female,27,143,0.1888111888111888
2016,California,45-54,Male,126,399,0.3157894736842105
2016,California,55-64,Female,17,129,0.13178294573643412
2016,California,55-64,Male,96,401,0.23940149625935161
2016,California,65+,Female,8,252,0.031746031746031744
2016,California,65+,Male,39,426,0.09154929577464789
2016,Colorado,0-14,Female,0,11,0
2016,Colorado,0-14,Male,0,10,0
2016,Colorado,15–19,Female,4,17,0.23529411764705882
2016,Colorado,15–19,Male,5,33,0.15151515151515152
2016,Colorado,20–24,Female,7,21,0.3333333333333333
2016,Colorado,20–24,Male,21,52,0.40384615384615385
2016,Colorado,25–34,Female,7,28,0.25
2016,Colorado,25–34,Male,27,84,0.32142857142857145
2016,Colorado,35–44,Female,4,13,0.3076923076923077
2016,Colorado,35–44,Male,21,54,0.3888888888888889
2016,Colorado,45-54,Female,2,19,0.10526315789473684
2016,Colorado,45-54,Male,24,63,0.38095238095238093
2016,Colorado,55-64,Female,1,24,0.041666666666666664
2016,Colorado,55-64,Male,15,70,0.21428571428571427
2016,Colorado,65+,Female,1,36,0.027777777777777776
2016,Colorado,65+,Male,5,73,0.0684931506849315
2016,Connecticut,0-14,Female,0,3,0
2016,Connecticut,0-14,Male,0,5,0
2016,Connecticut,15–19,Female,1,4,0.25
2016,Connecticut,15–19,Male,2,8,0.25
2016,Connecticut,20–24,Female,3,12,0.25
2016,Connecticut,20–24,Male,10,27,0.37037037037037035
2016,Connecticut,25–34,Female,5,16,0.3125
2016,Connecticut,25–34,Male,19,39,0.48717948717948717
2016,Connecticut,35–44,Female,3,7,0.42857142857142855
2016,Connecticut,35–44,Male,11,29,0.3793103448275862
2016,Connecticut,45-54,Female,2,10,0.2
2016,Connecticut,45-54,Male,15,33,0.45454545454545453
2016,Connecticut,55-64,Female,1,11,0.09090909090909091
2016,Connecticut,55-64,Male,13,38,0.34210526315789475
2016,Connecticut,65+,Female,0,20,0
2016,Connecticut,65+,Male,5,42,0.11904761904761904
2016,Delaware,0-14,Female,0,0,NA
2016,Delaware,0-14,Male,0,2,0
2016,Delaware,15–19,Female,0,0,NA
2016,Delaware,15–19,Male,0,4,0
2016,Delaware,20–24,Female,2,6,0.3333333333333333
2016,Delaware,20–24,Male,5,12,0.4166666666666667
2016,Delaware,25–34,Female,2,4,0.5
2016,Delaware,25–34,Male,7,15,0.4666666666666667
2016,Delaware,35–44,Female,0,4,0
2016,Delaware,35–44,Male,8,18,0.4444444444444444
2016,Delaware,45-54,Female,2,6,0.3333333333333333
2016,Delaware,45-54,Male,6,11,0.5454545454545454
2016,Delaware,55-64,Female,1,4,0.25
2016,Delaware,55-64,Male,3,12,0.25
2016,Delaware,65+,Female,0,7,0
2016,Delaware,65+,Male,1,14,0.07142857142857142
2016,District of Columbia,0-14,Female,0,0,NA
2016,District of Columbia,0-14,Male,0,0,NA
2016,District of Columbia,15–19,Female,0,0,NA
2016,District of Columbia,15–19,Male,0,1,0
2016,District of Columbia,20–24,Female,0,1,0
2016,District of Columbia,20–24,Male,1,5,0.2
2016,District of Columbia,25–34,Female,0,0,NA
2016,District of Columbia,25–34,Male,4,8,0.5
2016,District of Columbia,35–44,Female,0,0,NA
2016,District of Columbia,35–44,Male,3,5,0.6
2016,District of Columbia,45-54,Female,0,2,0
2016,District of Columbia,45-54,Male,0,2,0
2016,District of Columbia,55-64,Female,0,1,0
2016,District of Columbia,55-64,Male,0,1,0
2016,District of Columbia,65+,Female,0,1,0
2016,District of Columbia,65+,Male,0,0,NA
2016,Florida,0-14,Female,0,41,0
2016,Florida,0-14,Male,0,50,0
2016,Florida,15–19,Female,4,59,0.06779661016949153
2016,Florida,15–19,Male,10,133,0.07518796992481203
2016,Florida,20–24,Female,16,85,0.18823529411764706
2016,Florida,20–24,Male,70,289,0.2422145328719723
2016,Florida,25–34,Female,35,139,0.2517985611510791
2016,Florida,25–34,Male,122,424,0.28773584905660377
2016,Florida,35–44,Female,21,95,0.22105263157894736
2016,Florida,35–44,Male,94,295,0.31864406779661014
2016,Florida,45-54,Female,23,124,0.18548387096774194
2016,Florida,45-54,Male,94,336,0.27976190476190477
2016,Florida,55-64,Female,13,105,0.12380952380952381
2016,Florida,55-64,Male,67,319,0.21003134796238246
2016,Florida,65+,Female,6,218,0.027522935779816515
2016,Florida,65+,Male,31,414,0.0748792270531401
2016,Georgia,0-14,Female,0,31,0
2016,Georgia,0-14,Male,0,32,0
2016,Georgia,15–19,Female,1,36,0.027777777777777776
2016,Georgia,15–19,Male,3,70,0.04285714285714286
2016,Georgia,20–24,Female,11,55,0.2
2016,Georgia,20–24,Male,27,125,0.216
2016,Georgia,25–34,Female,15,80,0.1875
2016,Georgia,25–34,Male,51,219,0.2328767123287671
2016,Georgia,35–44,Female,13,51,0.2549019607843137
2016,Georgia,35–44,Male,45,161,0.2795031055900621
2016,Georgia,45-54,Female,3,54,0.05555555555555555
2016,Georgia,45-54,Male,29,161,0.18012422360248448
2016,Georgia,55-64,Female,3,54,0.05555555555555555
2016,Georgia,55-64,Male,26,157,0.16560509554140126
2016,Georgia,65+,Female,0,100,0
2016,Georgia,65+,Male,8,168,0.047619047619047616
2016,Hawaii,0-14,Female,0,1,0
2016,Hawaii,0-14,Male,0,1,0
2016,Hawaii,15–19,Female,1,2,0.5
2016,Hawaii,15–19,Male,1,8,0.125
2016,Hawaii,20–24,Female,3,8,0.375
2016,Hawaii,20–24,Male,2,7,0.2857142857142857
2016,Hawaii,25–34,Female,2,8,0.25
2016,Hawaii,25–34,Male,7,19,0.3684210526315789
2016,Hawaii,35–44,Female,1,1,1
2016,Hawaii,35–44,Male,4,9,0.4444444444444444
2016,Hawaii,45-54,Female,1,5,0.2
2016,Hawaii,45-54,Male,2,11,0.18181818181818182
2016,Hawaii,55-64,Female,0,5,0
2016,Hawaii,55-64,Male,3,9,0.3333333333333333
2016,Hawaii,65+,Female,1,12,0.08333333333333333
2016,Hawaii,65+,Male,0,13,0
2016,Idaho,0-14,Female,0,6,0
2016,Idaho,0-14,Male,0,5,0
2016,Idaho,15–19,Female,0,6,0
2016,Idaho,15–19,Male,1,13,0.07692307692307693
2016,Idaho,20–24,Female,2,9,0.2222222222222222
2016,Idaho,20–24,Male,9,17,0.5294117647058824
2016,Idaho,25–34,Female,1,14,0.07142857142857142
2016,Idaho,25–34,Male,14,33,0.42424242424242425
2016,Idaho,35–44,Female,5,9,0.5555555555555556
2016,Idaho,35–44,Male,6,23,0.2608695652173913
2016,Idaho,45-54,Female,3,6,0.5
2016,Idaho,45-54,Male,4,24,0.16666666666666666
2016,Idaho,55-64,Female,0,8,0
2016,Idaho,55-64,Male,6,30,0.2
2016,Idaho,65+,Female,0,17,0
2016,Idaho,65+,Male,1,33,0.030303030303030304
2016,Illinois,0-14,Female,0,11,0
2016,Illinois,0-14,Male,0,14,0
2016,Illinois,15–19,Female,2,29,0.06896551724137931
2016,Illinois,15–19,Male,4,56,0.07142857142857142
2016,Illinois,20–24,Female,9,31,0.2903225806451613
2016,Illinois,20–24,Male,32,84,0.38095238095238093
2016,Illinois,25–34,Female,19,60,0.31666666666666665
2016,Illinois,25–34,Male,69,170,0.40588235294117647
2016,Illinois,35–44,Female,9,27,0.3333333333333333
2016,Illinois,35–44,Male,42,95,0.4421052631578947
2016,Illinois,45-54,Female,5,33,0.15151515151515152
2016,Illinois,45-54,Male,37,104,0.3557692307692308
2016,Illinois,55-64,Female,4,44,0.09090909090909091
2016,Illinois,55-64,Male,22,99,0.2222222222222222
2016,Illinois,65+,Female,2,88,0.022727272727272728
2016,Illinois,65+,Male,8,133,0.06015037593984962
2016,Indiana,0-14,Female,0,7,0
2016,Indiana,0-14,Male,0,7,0
2016,Indiana,15–19,Female,0,20,0
2016,Indiana,15–19,Male,4,46,0.08695652173913043
2016,Indiana,20–24,Female,2,26,0.07692307692307693
2016,Indiana,20–24,Male,14,77,0.18181818181818182
2016,Indiana,25–34,Female,6,35,0.17142857142857143
2016,Indiana,25–34,Male,17,109,0.1559633027522936
2016,Indiana,35–44,Female,4,31,0.12903225806451613
2016,Indiana,35–44,Male,19,86,0.22093023255813954
2016,Indiana,45-54,Female,3,28,0.10714285714285714
2016,Indiana,45-54,Male,11,79,0.13924050632911392
2016,Indiana,55-64,Female,0,30,0
2016,Indiana,55-64,Male,8,90,0.08888888888888889
2016,Indiana,65+,Female,0,54,0
2016,Indiana,65+,Male,1,102,0.00980392156862745
2016,Iowa,0-14,Female,0,9,0
2016,Iowa,0-14,Male,0,14,0
2016,Iowa,15–19,Female,0,8,0
2016,Iowa,15–19,Male,2,17,0.11764705882352941
2016,Iowa,20–24,Female,3,14,0.21428571428571427
2016,Iowa,20–24,Male,11,40,0.275
2016,Iowa,25–34,Female,4,20,0.2
2016,Iowa,25–34,Male,14,54,0.25925925925925924
2016,Iowa,35–44,Female,0,12,0
2016,Iowa,35–44,Male,11,39,0.28205128205128205
2016,Iowa,45-54,Female,0,10,0
2016,Iowa,45-54,Male,9,38,0.23684210526315788
2016,Iowa,55-64,Female,1,9,0.1111111111111111
2016,Iowa,55-64,Male,5,36,0.1388888888888889
2016,Iowa,65+,Female,0,28,0
2016,Iowa,65+,Male,2,53,0.03773584905660377
2016,Kansas,0-14,Female,0,7,0
2016,Kansas,0-14,Male,0,10,0
2016,Kansas,15–19,Female,1,9,0.1111111111111111
2016,Kansas,15–19,Male,1,17,0.058823529411764705
2016,Kansas,20–24,Female,0,13,0
2016,Kansas,20–24,Male,7,32,0.21875
2016,Kansas,25–34,Female,2,19,0.10526315789473684
2016,Kansas,25–34,Male,12,50,0.24
2016,Kansas,35–44,Female,0,8,0
2016,Kansas,35–44,Male,10,49,0.20408163265306123
2016,Kansas,45-54,Female,2,16,0.125
2016,Kansas,45-54,Male,7,41,0.17073170731707318
2016,Kansas,55-64,Female,1,15,0.06666666666666667
2016,Kansas,55-64,Male,7,46,0.15217391304347827
2016,Kansas,65+,Female,1,34,0.029411764705882353
2016,Kansas,65+,Male,4,62,0.06451612903225806
2016,Kentucky,0-14,Female,0,12,0
2016,Kentucky,0-14,Male,0,15,0
2016,Kentucky,15–19,Female,1,22,0.045454545454545456
2016,Kentucky,15–19,Male,2,30,0.06666666666666667
2016,Kentucky,20–24,Female,2,21,0.09523809523809523
2016,Kentucky,20–24,Male,18,73,0.2465753424657534
2016,Kentucky,25–34,Female,4,51,0.0784313725490196
2016,Kentucky,25–34,Male,21,87,0.2413793103448276
2016,Kentucky,35–44,Female,5,25,0.2
2016,Kentucky,35–44,Male,28,83,0.3373493975903614
2016,Kentucky,45-54,Female,5,42,0.11904761904761904
2016,Kentucky,45-54,Male,19,85,0.2235294117647059
2016,Kentucky,55-64,Female,2,22,0.09090909090909091
2016,Kentucky,55-64,Male,17,111,0.15315315315315314
2016,Kentucky,65+,Female,1,48,0.020833333333333332
2016,Kentucky,65+,Male,7,104,0.0673076923076923
2016,Louisiana,0-14,Female,0,18,0
2016,Louisiana,0-14,Male,0,14,0
2016,Louisiana,15–19,Female,0,21,0
2016,Louisiana,15–19,Male,3,33,0.09090909090909091
2016,Louisiana,20–24,Female,5,20,0.25
2016,Louisiana,20–24,Male,18,59,0.3050847457627119
2016,Louisiana,25–34,Female,6,35,0.17142857142857143
2016,Louisiana,25–34,Male,49,132,0.3712121212121212
2016,Louisiana,35–44,Female,10,31,0.3225806451612903
2016,Louisiana,35–44,Male,28,76,0.3684210526315789
2016,Louisiana,45-54,Female,4,27,0.14814814814814814
2016,Louisiana,45-54,Male,35,97,0.36082474226804123
2016,Louisiana,55-64,Female,1,28,0.03571428571428571
2016,Louisiana,55-64,Male,18,66,0.2727272727272727
2016,Louisiana,65+,Female,1,30,0.03333333333333333
2016,Louisiana,65+,Male,8,65,0.12307692307692308
2016,Maine,0-14,Female,0,2,0
2016,Maine,0-14,Male,0,2,0
2016,Maine,15–19,Female,0,1,0
2016,Maine,15–19,Male,3,10,0.3
2016,Maine,20–24,Female,1,3,0.3333333333333333
2016,Maine,20–24,Male,4,11,0.36363636363636365
2016,Maine,25–34,Female,2,5,0.4
2016,Maine,25–34,Male,12,25,0.48
2016,Maine,35–44,Female,1,6,0.16666666666666666
2016,Maine,35–44,Male,6,10,0.6
2016,Maine,45-54,Female,6,12,0.5
2016,Maine,45-54,Male,5,18,0.2777777777777778
2016,Maine,55-64,Female,0,3,0
2016,Maine,55-64,Male,1,11,0.09090909090909091
2016,Maine,65+,Female,1,15,0.06666666666666667
2016,Maine,65+,Male,3,25,0.12
2016,Maryland,0-14,Female,0,6,0
2016,Maryland,0-14,Male,0,9,0
2016,Maryland,15–19,Female,0,11,0
2016,Maryland,15–19,Male,1,18,0.05555555555555555
2016,Maryland,20–24,Female,4,14,0.2857142857142857
2016,Maryland,20–24,Male,18,57,0.3157894736842105
2016,Maryland,25–34,Female,4,26,0.15384615384615385
2016,Maryland,25–34,Male,28,73,0.3835616438356164
2016,Maryland,35–44,Female,4,14,0.2857142857142857
2016,Maryland,35–44,Male,19,51,0.37254901960784315
2016,Maryland,45-54,Female,5,21,0.23809523809523808
2016,Maryland,45-54,Male,15,61,0.2459016393442623
2016,Maryland,55-64,Female,3,16,0.1875
2016,Maryland,55-64,Male,12,48,0.25
2016,Maryland,65+,Female,0,29,0
2016,Maryland,65+,Male,4,59,0.06779661016949153
2016,Massachusetts,0-14,Female,0,3,0
2016,Massachusetts,0-14,Male,1,6,0.16666666666666666
2016,Massachusetts,15–19,Female,3,12,0.25
2016,Massachusetts,15–19,Male,5,19,0.2631578947368421
2016,Massachusetts,20–24,Female,6,17,0.35294117647058826
2016,Massachusetts,20–24,Male,14,41,0.34146341463414637
2016,Massachusetts,25–34,Female,8,18,0.4444444444444444
2016,Massachusetts,25–34,Male,19,47,0.40425531914893614
2016,Massachusetts,35–44,Female,5,13,0.38461538461538464
2016,Massachusetts,35–44,Male,8,25,0.32
2016,Massachusetts,45-54,Female,5,17,0.29411764705882354
2016,Massachusetts,45-54,Male,5,31,0.16129032258064516
2016,Massachusetts,55-64,Female,2,17,0.11764705882352941
2016,Massachusetts,55-64,Male,7,35,0.2
2016,Massachusetts,65+,Female,1,28,0.03571428571428571
2016,Massachusetts,65+,Male,6,58,0.10344827586206896
2016,Michigan,0-14,Female,0,19,0
2016,Michigan,0-14,Male,0,15,0
2016,Michigan,15–19,Female,0,32,0
2016,Michigan,15–19,Male,3,53,0.05660377358490566
2016,Michigan,20–24,Female,5,36,0.1388888888888889
2016,Michigan,20–24,Male,18,77,0.23376623376623376
2016,Michigan,25–34,Female,9,36,0.25
2016,Michigan,25–34,Male,31,127,0.2440944881889764
2016,Michigan,35–44,Female,4,40,0.1
2016,Michigan,35–44,Male,18,98,0.1836734693877551
2016,Michigan,45-54,Female,6,43,0.13953488372093023
2016,Michigan,45-54,Male,23,99,0.23232323232323232
2016,Michigan,55-64,Female,4,44,0.09090909090909091
2016,Michigan,55-64,Male,10,119,0.08403361344537816
2016,Michigan,65+,Female,1,92,0.010869565217391304
2016,Michigan,65+,Male,1,135,0.007407407407407408
2016,Minnesota,0-14,Female,0,5,0
2016,Minnesota,0-14,Male,0,9,0
2016,Minnesota,15–19,Female,0,10,0
2016,Minnesota,15–19,Male,2,11,0.18181818181818182
2016,Minnesota,20–24,Female,3,14,0.21428571428571427
2016,Minnesota,20–24,Male,9,27,0.3333333333333333
2016,Minnesota,25–34,Female,1,16,0.0625
2016,Minnesota,25–34,Male,25,49,0.5102040816326531
2016,Minnesota,35–44,Female,2,15,0.13333333333333333
2016,Minnesota,35–44,Male,8,35,0.22857142857142856
2016,Minnesota,45-54,Female,3,16,0.1875
2016,Minnesota,45-54,Male,14,38,0.3684210526315789
2016,Minnesota,55-64,Female,2,14,0.14285714285714285
2016,Minnesota,55-64,Male,9,40,0.225
2016,Minnesota,65+,Female,0,39,0
2016,Minnesota,65+,Male,3,54,0.05555555555555555
2016,Mississippi,0-14,Female,0,16,0
2016,Mississippi,0-14,Male,1,19,0.05263157894736842
2016,Mississippi,15–19,Female,0,18,0
2016,Mississippi,15–19,Male,1,36,0.027777777777777776
2016,Mississippi,20–24,Female,3,21,0.14285714285714285
2016,Mississippi,20–24,Male,8,51,0.1568627450980392
2016,Mississippi,25–34,Female,2,26,0.07692307692307693
2016,Mississippi,25–34,Male,14,93,0.15053763440860216
2016,Mississippi,35–44,Female,0,23,0
2016,Mississippi,35–44,Male,10,72,0.1388888888888889
2016,Mississippi,45-54,Female,3,30,0.1
2016,Mississippi,45-54,Male,11,78,0.14102564102564102
2016,Mississippi,55-64,Female,1,28,0.03571428571428571
2016,Mississippi,55-64,Male,6,64,0.09375
2016,Mississippi,65+,Female,0,35,0
2016,Mississippi,65+,Male,6,77,0.07792207792207792
2016,Missouri,0-14,Female,0,15,0
2016,Missouri,0-14,Male,0,21,0
2016,Missouri,15–19,Female,0,25,0
2016,Missouri,15–19,Male,6,57,0.10526315789473684
2016,Missouri,20–24,Female,4,27,0.14814814814814814
2016,Missouri,20–24,Male,22,80,0.275
2016,Missouri,25–34,Female,11,46,0.2391304347826087
2016,Missouri,25–34,Male,34,113,0.3008849557522124
2016,Missouri,35–44,Female,11,33,0.3333333333333333
2016,Missouri,35–44,Male,43,111,0.38738738738738737
2016,Missouri,45-54,Female,8,31,0.25806451612903225
2016,Missouri,45-54,Male,21,82,0.25609756097560976
2016,Missouri,55-64,Female,4,31,0.12903225806451613
2016,Missouri,55-64,Male,20,95,0.21052631578947367
2016,Missouri,65+,Female,2,62,0.03225806451612903
2016,Missouri,65+,Male,3,116,0.02586206896551724
2016,Montana,0-14,Female,0,3,0
2016,Montana,0-14,Male,0,4,0
2016,Montana,15–19,Female,1,4,0.25
2016,Montana,15–19,Male,2,11,0.18181818181818182
2016,Montana,20–24,Female,2,7,0.2857142857142857
2016,Montana,20–24,Male,8,13,0.6153846153846154
2016,Montana,25–34,Female,3,8,0.375
2016,Montana,25–34,Male,19,26,0.7307692307692307
2016,Montana,35–44,Female,4,10,0.4
2016,Montana,35–44,Male,6,18,0.3333333333333333
2016,Montana,45-54,Female,2,5,0.4
2016,Montana,45-54,Male,10,17,0.5882352941176471
2016,Montana,55-64,Female,2,9,0.2222222222222222
2016,Montana,55-64,Male,9,27,0.3333333333333333
2016,Montana,65+,Female,0,10,0
2016,Montana,65+,Male,1,18,0.05555555555555555
2016,Nebraska,0-14,Female,0,5,0
2016,Nebraska,0-14,Male,0,5,0
2016,Nebraska,15–19,Female,0,10,0
2016,Nebraska,15–19,Male,0,8,0
2016,Nebraska,20–24,Female,3,7,0.42857142857142855
2016,Nebraska,20–24,Male,4,18,0.2222222222222222
2016,Nebraska,25–34,Female,3,11,0.2727272727272727
2016,Nebraska,25–34,Male,15,37,0.40540540540540543
2016,Nebraska,35–44,Female,0,2,0
2016,Nebraska,35–44,Male,6,22,0.2727272727272727
2016,Nebraska,45-54,Female,0,3,0
2016,Nebraska,45-54,Male,8,20,0.4
2016,Nebraska,55-64,Female,1,10,0.1
2016,Nebraska,55-64,Male,1,13,0.07692307692307693
2016,Nebraska,65+,Female,0,17,0
2016,Nebraska,65+,Male,0,30,0
2016,Nevada,0-14,Female,0,2,0
2016,Nevada,0-14,Male,0,4,0
2016,Nevada,15–19,Female,0,0,NA
2016,Nevada,15–19,Male,3,13,0.23076923076923078
2016,Nevada,20–24,Female,3,16,0.1875
2016,Nevada,20–24,Male,8,24,0.3333333333333333
2016,Nevada,25–34,Female,3,16,0.1875
2016,Nevada,25–34,Male,19,48,0.3958333333333333
2016,Nevada,35–44,Female,5,13,0.38461538461538464
2016,Nevada,35–44,Male,7,30,0.23333333333333334
2016,Nevada,45-54,Female,2,12,0.16666666666666666
2016,Nevada,45-54,Male,15,35,0.42857142857142855
2016,Nevada,55-64,Female,1,14,0.07142857142857142
2016,Nevada,55-64,Male,10,37,0.2702702702702703
2016,Nevada,65+,Female,0,21,0
2016,Nevada,65+,Male,3,44,0.06818181818181818
2016,New Hampshire,0-14,Female,0,0,NA
2016,New Hampshire,0-14,Male,0,0,NA
2016,New Hampshire,15–19,Female,0,5,0
2016,New Hampshire,15–19,Male,1,5,0.2
2016,New Hampshire,20–24,Female,1,3,0.3333333333333333
2016,New Hampshire,20–24,Male,7,18,0.3888888888888889
2016,New Hampshire,25–34,Female,3,8,0.375
2016,New Hampshire,25–34,Male,6,14,0.42857142857142855
2016,New Hampshire,35–44,Female,0,5,0
2016,New Hampshire,35–44,Male,3,13,0.23076923076923078
2016,New Hampshire,45-54,Female,2,5,0.4
2016,New Hampshire,45-54,Male,5,11,0.45454545454545453
2016,New Hampshire,55-64,Female,1,5,0.2
2016,New Hampshire,55-64,Male,4,18,0.2222222222222222
2016,New Hampshire,65+,Female,0,12,0
2016,New Hampshire,65+,Male,1,14,0.07142857142857142
2016,New Jersey,0-14,Female,0,5,0
2016,New Jersey,0-14,Male,0,7,0
2016,New Jersey,15–19,Female,0,8,0
2016,New Jersey,15–19,Male,2,22,0.09090909090909091
2016,New Jersey,20–24,Female,5,19,0.2631578947368421
2016,New Jersey,20–24,Male,12,35,0.34285714285714286
2016,New Jersey,25–34,Female,5,26,0.19230769230769232
2016,New Jersey,25–34,Male,46,109,0.42201834862385323
2016,New Jersey,35–44,Female,4,19,0.21052631578947367
2016,New Jersey,35–44,Male,24,55,0.43636363636363634
2016,New Jersey,45-54,Female,5,27,0.18518518518518517
2016,New Jersey,45-54,Male,7,46,0.15217391304347827
2016,New Jersey,55-64,Female,3,21,0.14285714285714285
2016,New Jersey,55-64,Male,14,66,0.21212121212121213
2016,New Jersey,65+,Female,1,53,0.018867924528301886
2016,New Jersey,65+,Male,4,81,0.04938271604938271
2016,New Mexico,0-14,Female,0,11,0
2016,New Mexico,0-14,Male,0,9,0
2016,New Mexico,15–19,Female,0,12,0
2016,New Mexico,15–19,Male,6,22,0.2727272727272727
2016,New Mexico,20–24,Female,6,13,0.46153846153846156
2016,New Mexico,20–24,Male,8,34,0.23529411764705882
2016,New Mexico,25–34,Female,13,29,0.4482758620689655
2016,New Mexico,25–34,Male,22,57,0.38596491228070173
2016,New Mexico,35–44,Female,4,15,0.26666666666666666
2016,New Mexico,35–44,Male,17,39,0.4358974358974359
2016,New Mexico,45-54,Female,2,14,0.14285714285714285
2016,New Mexico,45-54,Male,19,41,0.4634146341463415
2016,New Mexico,55-64,Female,1,12,0.08333333333333333
2016,New Mexico,55-64,Male,10,36,0.2777777777777778
2016,New Mexico,65+,Female,0,25,0
2016,New Mexico,65+,Male,3,34,0.08823529411764706
2016,New York,0-14,Female,0,12,0
2016,New York,0-14,Male,0,12,0
2016,New York,15–19,Female,1,20,0.05
2016,New York,15–19,Male,6,39,0.15384615384615385
2016,New York,20–24,Female,2,14,0.14285714285714285
2016,New York,20–24,Male,23,95,0.24210526315789474
2016,New York,25–34,Female,6,33,0.18181818181818182
2016,New York,25–34,Male,52,151,0.3443708609271523
2016,New York,35–44,Female,4,24,0.16666666666666666
2016,New York,35–44,Male,30,92,0.32608695652173914
2016,New York,45-54,Female,5,34,0.14705882352941177
2016,New York,45-54,Male,24,99,0.24242424242424243
2016,New York,55-64,Female,2,45,0.044444444444444446
2016,New York,55-64,Male,15,107,0.14018691588785046
2016,New York,65+,Female,4,101,0.039603960396039604
2016,New York,65+,Male,6,157,0.03821656050955414
2016,North Carolina,0-14,Female,0,23,0
2016,North Carolina,0-14,Male,0,33,0
2016,North Carolina,15–19,Female,3,35,0.08571428571428572
2016,North Carolina,15–19,Male,6,72,0.08333333333333333
2016,North Carolina,20–24,Female,5,40,0.125
2016,North Carolina,20–24,Male,39,123,0.3170731707317073
2016,North Carolina,25–34,Female,21,74,0.28378378378378377
2016,North Carolina,25–34,Male,76,188,0.40425531914893614
2016,North Carolina,35–44,Female,10,50,0.2
2016,North Carolina,35–44,Male,46,165,0.2787878787878788
2016,North Carolina,45-54,Female,13,63,0.20634920634920634
2016,North Carolina,45-54,Male,52,145,0.3586206896551724
2016,North Carolina,55-64,Female,0,52,0
2016,North Carolina,55-64,Male,39,142,0.2746478873239437
2016,North Carolina,65+,Female,0,99,0
2016,North Carolina,65+,Male,7,144,0.04861111111111111
2016,North Dakota,0-14,Female,0,3,0
2016,North Dakota,0-14,Male,0,3,0
2016,North Dakota,15–19,Female,1,2,0.5
2016,North Dakota,15–19,Male,1,4,0.25
2016,North Dakota,20–24,Female,1,2,0.5
2016,North Dakota,20–24,Male,4,10,0.4
2016,North Dakota,25–34,Female,4,7,0.5714285714285714
2016,North Dakota,25–34,Male,8,13,0.6153846153846154
2016,North Dakota,35–44,Female,1,5,0.2
2016,North Dakota,35–44,Male,4,13,0.3076923076923077
2016,North Dakota,45-54,Female,0,1,0
2016,North Dakota,45-54,Male,7,15,0.4666666666666667
2016,North Dakota,55-64,Female,2,3,0.6666666666666666
2016,North Dakota,55-64,Male,4,17,0.23529411764705882
2016,North Dakota,65+,Female,0,6,0
2016,North Dakota,65+,Male,0,9,0
2016,Ohio,0-14,Female,0,14,0
2016,Ohio,0-14,Male,0,20,0
2016,Ohio,15–19,Female,1,34,0.029411764705882353
2016,Ohio,15–19,Male,5,54,0.09259259259259259
2016,Ohio,20–24,Female,8,34,0.23529411764705882
2016,Ohio,20–24,Male,29,70,0.4142857142857143
2016,Ohio,25–34,Female,19,53,0.3584905660377358
2016,Ohio,25–34,Male,51,128,0.3984375
2016,Ohio,35–44,Female,6,42,0.14285714285714285
2016,Ohio,35–44,Male,41,114,0.35964912280701755
2016,Ohio,45-54,Female,13,55,0.23636363636363636
2016,Ohio,45-54,Male,50,130,0.38461538461538464
2016,Ohio,55-64,Female,4,43,0.09302325581395349
2016,Ohio,55-64,Male,31,136,0.22794117647058823
2016,Ohio,65+,Female,2,68,0.029411764705882353
2016,Ohio,65+,Male,7,137,0.051094890510948905
2016,Oklahoma,0-14,Female,0,12,0
2016,Oklahoma,0-14,Male,0,17,0
2016,Oklahoma,15–19,Female,2,18,0.1111111111111111
2016,Oklahoma,15–19,Male,2,27,0.07407407407407407
2016,Oklahoma,20–24,Female,3,27,0.1111111111111111
2016,Oklahoma,20–24,Male,20,55,0.36363636363636365
2016,Oklahoma,25–34,Female,10,45,0.2222222222222222
2016,Oklahoma,25–34,Male,34,89,0.38202247191011235
2016,Oklahoma,35–44,Female,6,31,0.1935483870967742
2016,Oklahoma,35–44,Male,26,71,0.36619718309859156
2016,Oklahoma,45-54,Female,4,27,0.14814814814814814
2016,Oklahoma,45-54,Male,23,72,0.3194444444444444
2016,Oklahoma,55-64,Female,4,18,0.2222222222222222
2016,Oklahoma,55-64,Male,21,75,0.28
2016,Oklahoma,65+,Female,1,38,0.02631578947368421
2016,Oklahoma,65+,Male,5,65,0.07692307692307693
2016,Oregon,0-14,Female,0,10,0
2016,Oregon,0-14,Male,0,7,0
2016,Oregon,15–19,Female,0,9,0
2016,Oregon,15–19,Male,3,19,0.15789473684210525
2016,Oregon,20–24,Female,3,16,0.1875
2016,Oregon,20–24,Male,15,38,0.39473684210526316
2016,Oregon,25–34,Female,9,26,0.34615384615384615
2016,Oregon,25–34,Male,26,62,0.41935483870967744
2016,Oregon,35–44,Female,6,17,0.35294117647058826
2016,Oregon,35–44,Male,15,40,0.375
2016,Oregon,45-54,Female,5,21,0.23809523809523808
2016,Oregon,45-54,Male,16,55,0.2909090909090909
2016,Oregon,55-64,Female,4,25,0.16
2016,Oregon,55-64,Male,15,53,0.2830188679245283
2016,Oregon,65+,Female,1,32,0.03125
2016,Oregon,65+,Male,5,68,0.07352941176470588
2016,Pennsylvania,0-14,Female,0,23,0
2016,Pennsylvania,0-14,Male,0,13,0
2016,Pennsylvania,15–19,Female,2,26,0.07692307692307693
2016,Pennsylvania,15–19,Male,5,52,0.09615384615384616
2016,Pennsylvania,20–24,Female,2,35,0.05714285714285714
2016,Pennsylvania,20–24,Male,29,119,0.24369747899159663
2016,Pennsylvania,25–34,Female,16,56,0.2857142857142857
2016,Pennsylvania,25–34,Male,38,147,0.2585034013605442
2016,Pennsylvania,35–44,Female,4,39,0.10256410256410256
2016,Pennsylvania,35–44,Male,23,114,0.20175438596491227
2016,Pennsylvania,45-54,Female,6,36,0.16666666666666666
2016,Pennsylvania,45-54,Male,19,127,0.14960629921259844
2016,Pennsylvania,55-64,Female,2,43,0.046511627906976744
2016,Pennsylvania,55-64,Male,18,114,0.15789473684210525
2016,Pennsylvania,65+,Female,0,88,0
2016,Pennsylvania,65+,Male,7,147,0.047619047619047616
2016,Puerto Rico,0-14,Female,0,1,0
2016,Puerto Rico,0-14,Male,0,2,0
2016,Puerto Rico,15–19,Female,0,2,0
2016,Puerto Rico,15–19,Male,3,16,0.1875
2016,Puerto Rico,20–24,Female,0,5,0
2016,Puerto Rico,20–24,Male,10,31,0.3225806451612903
2016,Puerto Rico,25–34,Female,6,11,0.5454545454545454
2016,Puerto Rico,25–34,Male,19,37,0.5135135135135135
2016,Puerto Rico,35–44,Female,3,10,0.3
2016,Puerto Rico,35–44,Male,13,25,0.52
2016,Puerto Rico,45-54,Female,2,6,0.3333333333333333
2016,Puerto Rico,45-54,Male,11,31,0.3548387096774194
2016,Puerto Rico,55-64,Female,1,3,0.3333333333333333
2016,Puerto Rico,55-64,Male,5,30,0.16666666666666666
2016,Puerto Rico,65+,Female,3,15,0.2
2016,Puerto Rico,65+,Male,8,40,0.2
2016,Rhode Island,0-14,Female,0,0,NA
2016,Rhode Island,0-14,Male,0,0,NA
2016,Rhode Island,15–19,Female,0,3,0
2016,Rhode Island,15–19,Male,1,4,0.25
2016,Rhode Island,20–24,Female,1,2,0.5
2016,Rhode Island,20–24,Male,2,8,0.25
2016,Rhode Island,25–34,Female,1,4,0.25
2016,Rhode Island,25–34,Male,5,7,0.7142857142857143
2016,Rhode Island,35–44,Female,0,0,NA
2016,Rhode Island,35–44,Male,2,3,0.6666666666666666
2016,Rhode Island,45-54,Female,0,0,NA
2016,Rhode Island,45-54,Male,0,3,0
2016,Rhode Island,55-64,Female,0,0,NA
2016,Rhode Island,55-64,Male,1,3,0.3333333333333333
2016,Rhode Island,65+,Female,0,3,0
2016,Rhode Island,65+,Male,2,11,0.18181818181818182
2016,South Carolina,0-14,Female,0,11,0
2016,South Carolina,0-14,Male,0,16,0
2016,South Carolina,15–19,Female,2,28,0.07142857142857142
2016,South Carolina,15–19,Male,2,44,0.045454545454545456
2016,South Carolina,20–24,Female,4,24,0.16666666666666666
2016,South Carolina,20–24,Male,21,88,0.23863636363636365
2016,South Carolina,25–34,Female,15,55,0.2727272727272727
2016,South Carolina,25–34,Male,68,134,0.5074626865671642
2016,South Carolina,35–44,Female,9,33,0.2727272727272727
2016,South Carolina,35–44,Male,47,122,0.38524590163934425
2016,South Carolina,45-54,Female,11,35,0.3142857142857143
2016,South Carolina,45-54,Male,67,141,0.475177304964539
2016,South Carolina,55-64,Female,4,31,0.12903225806451613
2016,South Carolina,55-64,Male,30,111,0.2702702702702703
2016,South Carolina,65+,Female,1,49,0.02040816326530612
2016,South Carolina,65+,Male,9,98,0.09183673469387756
2016,South Dakota,0-14,Female,0,4,0
2016,South Dakota,0-14,Male,0,3,0
2016,South Dakota,15–19,Female,1,5,0.2
2016,South Dakota,15–19,Male,2,8,0.25
2016,South Dakota,20–24,Female,0,2,0
2016,South Dakota,20–24,Male,7,17,0.4117647058823529
2016,South Dakota,25–34,Female,2,7,0.2857142857142857
2016,South Dakota,25–34,Male,8,18,0.4444444444444444
2016,South Dakota,35–44,Female,0,2,0
2016,South Dakota,35–44,Male,6,10,0.6
2016,South Dakota,45-54,Female,0,1,0
2016,South Dakota,45-54,Male,6,12,0.5
2016,South Dakota,55-64,Female,0,1,0
2016,South Dakota,55-64,Male,0,7,0
2016,South Dakota,65+,Female,1,3,0.3333333333333333
2016,South Dakota,65+,Male,1,16,0.0625
2016,Tennessee,0-14,Female,0,15,0
2016,Tennessee,0-14,Male,0,21,0
2016,Tennessee,15–19,Female,0,17,0
2016,Tennessee,15–19,Male,3,49,0.061224489795918366
2016,Tennessee,20–24,Female,2,34,0.058823529411764705
2016,Tennessee,20–24,Male,16,79,0.20253164556962025
2016,Tennessee,25–34,Female,10,47,0.2127659574468085
2016,Tennessee,25–34,Male,35,126,0.2777777777777778
2016,Tennessee,35–44,Female,13,57,0.22807017543859648
2016,Tennessee,35–44,Male,28,106,0.2641509433962264
2016,Tennessee,45-54,Female,5,36,0.1388888888888889
2016,Tennessee,45-54,Male,28,88,0.3181818181818182
2016,Tennessee,55-64,Female,3,37,0.08108108108108109
2016,Tennessee,55-64,Male,19,112,0.16964285714285715
2016,Tennessee,65+,Female,0,76,0
2016,Tennessee,65+,Male,9,136,0.0661764705882353
2016,Texas,0-14,Female,0,61,0
2016,Texas,0-14,Male,0,89,0
2016,Texas,15–19,Female,1,83,0.012048192771084338
2016,Texas,15–19,Male,12,167,0.0718562874251497
2016,Texas,20–24,Female,20,125,0.16
2016,Texas,20–24,Male,90,353,0.254957507082153
2016,Texas,25–34,Female,42,197,0.2131979695431472
2016,Texas,25–34,Male,172,572,0.3006993006993007
2016,Texas,35–44,Female,15,139,0.1079136690647482
2016,Texas,35–44,Male,107,419,0.2553699284009546
2016,Texas,45-54,Female,23,158,0.14556962025316456
2016,Texas,45-54,Male,84,399,0.21052631578947367
2016,Texas,55-64,Female,6,132,0.045454545454545456
2016,Texas,55-64,Male,55,385,0.14285714285714285
2016,Texas,65+,Female,2,196,0.01020408163265306
2016,Texas,65+,Male,14,310,0.04516129032258064
2016,Utah,0-14,Female,0,3,0
2016,Utah,0-14,Male,0,18,0
2016,Utah,15–19,Female,2,15,0.13333333333333333
2016,Utah,15–19,Male,0,17,0
2016,Utah,20–24,Female,2,13,0.15384615384615385
2016,Utah,20–24,Male,3,14,0.21428571428571427
2016,Utah,25–34,Female,2,12,0.16666666666666666
2016,Utah,25–34,Male,7,35,0.2
2016,Utah,35–44,Female,1,9,0.1111111111111111
2016,Utah,35–44,Male,9,28,0.32142857142857145
2016,Utah,45-54,Female,1,10,0.1
2016,Utah,45-54,Male,3,22,0.13636363636363635
2016,Utah,55-64,Female,0,10,0
2016,Utah,55-64,Male,3,25,0.12
2016,Utah,65+,Female,0,14,0
2016,Utah,65+,Male,1,36,0.027777777777777776
2016,Vermont,0-14,Female,0,0,NA
2016,Vermont,0-14,Male,0,1,0
2016,Vermont,15–19,Female,0,0,NA
2016,Vermont,15–19,Male,0,1,0
2016,Vermont,20–24,Female,1,4,0.25
2016,Vermont,20–24,Male,6,9,0.6666666666666666
2016,Vermont,25–34,Female,2,3,0.6666666666666666
2016,Vermont,25–34,Male,8,14,0.5714285714285714
2016,Vermont,35–44,Female,0,0,NA
2016,Vermont,35–44,Male,2,5,0.4
2016,Vermont,45-54,Female,1,3,0.3333333333333333
2016,Vermont,45-54,Male,4,5,0.8
2016,Vermont,55-64,Female,0,1,0
2016,Vermont,55-64,Male,0,3,0
2016,Vermont,65+,Female,0,3,0
2016,Vermont,65+,Male,0,10,0
2016,Virginia,0-14,Female,0,8,0
2016,Virginia,0-14,Male,0,13,0
2016,Virginia,15–19,Female,1,19,0.05263157894736842
2016,Virginia,15–19,Male,10,41,0.24390243902439024
2016,Virginia,20–24,Female,3,22,0.13636363636363635
2016,Virginia,20–24,Male,26,58,0.4482758620689655
2016,Virginia,25–34,Female,10,32,0.3125
2016,Virginia,25–34,Male,36,97,0.3711340206185567
2016,Virginia,35–44,Female,6,34,0.17647058823529413
2016,Virginia,35–44,Male,35,77,0.45454545454545453
2016,Virginia,45-54,Female,8,34,0.23529411764705882
2016,Virginia,45-54,Male,21,69,0.30434782608695654
2016,Virginia,55-64,Female,4,29,0.13793103448275862
2016,Virginia,55-64,Male,21,74,0.28378378378378377
2016,Virginia,65+,Female,0,51,0
2016,Virginia,65+,Male,8,95,0.08421052631578947
2016,Washington,0-14,Female,0,8,0
2016,Washington,0-14,Male,0,7,0
2016,Washington,15–19,Female,0,11,0
2016,Washington,15–19,Male,5,28,0.17857142857142858
2016,Washington,20–24,Female,5,17,0.29411764705882354
2016,Washington,20–24,Male,19,46,0.41304347826086957
2016,Washington,25–34,Female,8,25,0.32
2016,Washington,25–34,Male,24,51,0.47058823529411764
2016,Washington,35–44,Female,1,14,0.07142857142857142
2016,Washington,35–44,Male,24,63,0.38095238095238093
2016,Washington,45-54,Female,3,21,0.14285714285714285
2016,Washington,45-54,Male,20,60,0.3333333333333333
2016,Washington,55-64,Female,2,17,0.11764705882352941
2016,Washington,55-64,Male,20,65,0.3076923076923077
2016,Washington,65+,Female,1,34,0.029411764705882353
2016,Washington,65+,Male,9,68,0.1323529411764706
2016,West Virginia,0-14,Female,0,4,0
2016,West Virginia,0-14,Male,0,3,0
2016,West Virginia,15–19,Female,1,10,0.1
2016,West Virginia,15–19,Male,0,8,0
2016,West Virginia,20–24,Female,1,7,0.14285714285714285
2016,West Virginia,20–24,Male,8,25,0.32
2016,West Virginia,25–34,Female,2,14,0.14285714285714285
2016,West Virginia,25–34,Male,13,27,0.48148148148148145
2016,West Virginia,35–44,Female,1,8,0.125
2016,West Virginia,35–44,Male,10,33,0.30303030303030304
2016,West Virginia,45-54,Female,1,11,0.09090909090909091
2016,West Virginia,45-54,Male,13,35,0.37142857142857144
2016,West Virginia,55-64,Female,0,5,0
2016,West Virginia,55-64,Male,7,29,0.2413793103448276
2016,West Virginia,65+,Female,0,12,0
2016,West Virginia,65+,Male,1,38,0.02631578947368421
2016,Wisconsin,0-14,Female,0,11,0
2016,Wisconsin,0-14,Male,0,9,0
2016,Wisconsin,15–19,Female,2,18,0.1111111111111111
2016,Wisconsin,15–19,Male,1,29,0.034482758620689655
2016,Wisconsin,20–24,Female,9,24,0.375
2016,Wisconsin,20–24,Male,30,55,0.5454545454545454
2016,Wisconsin,25–34,Female,6,37,0.16216216216216217
2016,Wisconsin,25–34,Male,24,65,0.36923076923076925
2016,Wisconsin,35–44,Female,4,14,0.2857142857142857
2016,Wisconsin,35–44,Male,15,43,0.3488372093023256
2016,Wisconsin,45-54,Female,7,29,0.2413793103448276
2016,Wisconsin,45-54,Male,20,59,0.3389830508474576
2016,Wisconsin,55-64,Female,0,20,0
2016,Wisconsin,55-64,Male,13,56,0.23214285714285715
2016,Wisconsin,65+,Female,0,51,0
2016,Wisconsin,65+,Male,7,87,0.08045977011494253
2016,Wyoming,0-14,Female,0,3,0
2016,Wyoming,0-14,Male,0,1,0
2016,Wyoming,15–19,Female,0,8,0
2016,Wyoming,15–19,Male,1,4,0.25
2016,Wyoming,20–24,Female,0,3,0
2016,Wyoming,20–24,Male,3,5,0.6
2016,Wyoming,25–34,Female,1,4,0.25
2016,Wyoming,25–34,Male,3,15,0.2
2016,Wyoming,35–44,Female,0,3,0
2016,Wyoming,35–44,Male,1,9,0.1111111111111111
2016,Wyoming,45-54,Female,2,10,0.2
2016,Wyoming,45-54,Male,5,11,0.45454545454545453
2016,Wyoming,55-64,Female,0,3,0
2016,Wyoming,55-64,Male,3,14,0.21428571428571427
2016,Wyoming,65+,Female,0,6,0
2016,Wyoming,65+,Male,3,13,0.23076923076923078
2017,Alabama,0-14,Female,0,11,0
2017,Alabama,0-14,Male,0,22,0
2017,Alabama,15–19,Female,0,19,0
2017,Alabama,15–19,Male,6,46,0.13043478260869565
2017,Alabama,20–24,Female,4,28,0.14285714285714285
2017,Alabama,20–24,Male,25,73,0.3424657534246575
2017,Alabama,25–34,Female,11,49,0.22448979591836735
2017,Alabama,25–34,Male,30,125,0.24
2017,Alabama,35–44,Female,10,47,0.2127659574468085
2017,Alabama,35–44,Male,22,99,0.2222222222222222
2017,Alabama,45-54,Female,4,33,0.12121212121212122
2017,Alabama,45-54,Male,22,102,0.21568627450980393
2017,Alabama,55-64,Female,2,42,0.047619047619047616
2017,Alabama,55-64,Male,21,96,0.21875
2017,Alabama,65+,Female,1,55,0.01818181818181818
2017,Alabama,65+,Male,5,97,0.05154639175257732
2017,Alaska,0-14,Female,0,0,NA
2017,Alaska,0-14,Male,0,4,0
2017,Alaska,15–19,Female,0,1,0
2017,Alaska,15–19,Male,0,1,0
2017,Alaska,20–24,Female,0,2,0
2017,Alaska,20–24,Male,0,4,0
2017,Alaska,25–34,Female,3,8,0.375
2017,Alaska,25–34,Male,4,9,0.4444444444444444
2017,Alaska,35–44,Female,3,11,0.2727272727272727
2017,Alaska,35–44,Male,1,2,0.5
2017,Alaska,45-54,Female,0,7,0
2017,Alaska,45-54,Male,2,9,0.2222222222222222
2017,Alaska,55-64,Female,2,4,0.5
2017,Alaska,55-64,Male,1,4,0.25
2017,Alaska,65+,Female,0,5,0
2017,Alaska,65+,Male,2,8,0.25
2017,Arizona,0-14,Female,0,14,0
2017,Arizona,0-14,Male,0,16,0
2017,Arizona,15–19,Female,1,20,0.05
2017,Arizona,15–19,Male,5,40,0.125
2017,Arizona,20–24,Female,5,22,0.22727272727272727
2017,Arizona,20–24,Male,21,81,0.25925925925925924
2017,Arizona,25–34,Female,7,46,0.15217391304347827
2017,Arizona,25–34,Male,43,129,0.3333333333333333
2017,Arizona,35–44,Female,9,49,0.1836734693877551
2017,Arizona,35–44,Male,26,92,0.2826086956521739
2017,Arizona,45-54,Female,6,34,0.17647058823529413
2017,Arizona,45-54,Male,42,124,0.3387096774193548
2017,Arizona,55-64,Female,2,39,0.05128205128205128
2017,Arizona,55-64,Male,16,109,0.14678899082568808
2017,Arizona,65+,Female,0,53,0
2017,Arizona,65+,Male,11,125,0.088
2017,Arkansas,0-14,Female,0,8,0
2017,Arkansas,0-14,Male,0,6,0
2017,Arkansas,15–19,Female,1,10,0.1
2017,Arkansas,15–19,Male,4,21,0.19047619047619047
2017,Arkansas,20–24,Female,0,20,0
2017,Arkansas,20–24,Male,14,32,0.4375
2017,Arkansas,25–34,Female,2,32,0.0625
2017,Arkansas,25–34,Male,15,55,0.2727272727272727
2017,Arkansas,35–44,Female,3,22,0.13636363636363635
2017,Arkansas,35–44,Male,12,48,0.25
2017,Arkansas,45-54,Female,5,18,0.2777777777777778
2017,Arkansas,45-54,Male,18,68,0.2647058823529412
2017,Arkansas,55-64,Female,2,18,0.1111111111111111
2017,Arkansas,55-64,Male,14,66,0.21212121212121213
2017,Arkansas,65+,Female,1,34,0.029411764705882353
2017,Arkansas,65+,Male,8,65,0.12307692307692308
2017,California,0-14,Female,0,43,0
2017,California,0-14,Male,0,67,0
2017,California,15–19,Female,13,68,0.19117647058823528
2017,California,15–19,Male,14,160,0.0875
2017,California,20–24,Female,36,119,0.3025210084033613
2017,California,20–24,Male,119,383,0.31070496083550914
2017,California,25–34,Female,36,151,0.23841059602649006
2017,California,25–34,Male,222,592,0.375
2017,California,35–44,Female,25,119,0.21008403361344538
2017,California,35–44,Male,129,390,0.33076923076923076
2017,California,45-54,Female,23,156,0.14743589743589744
2017,California,45-54,Male,121,402,0.3009950248756219
2017,California,55-64,Female,24,158,0.1518987341772152
2017,California,55-64,Male,99,433,0.22863741339491916
2017,California,65+,Female,9,223,0.04035874439461883
2017,California,65+,Male,38,414,0.09178743961352658
2017,Colorado,0-14,Female,1,8,0.125
2017,Colorado,0-14,Male,0,10,0
2017,Colorado,15–19,Female,1,17,0.058823529411764705
2017,Colorado,15–19,Male,4,39,0.10256410256410256
2017,Colorado,20–24,Female,3,17,0.17647058823529413
2017,Colorado,20–24,Male,20,57,0.3508771929824561
2017,Colorado,25–34,Female,4,26,0.15384615384615385
2017,Colorado,25–34,Male,38,91,0.4175824175824176
2017,Colorado,35–44,Female,6,20,0.3
2017,Colorado,35–44,Male,23,62,0.3709677419354839
2017,Colorado,45-54,Female,5,26,0.19230769230769232
2017,Colorado,45-54,Male,21,77,0.2727272727272727
2017,Colorado,55-64,Female,2,13,0.15384615384615385
2017,Colorado,55-64,Male,19,72,0.2638888888888889
2017,Colorado,65+,Female,0,34,0
2017,Colorado,65+,Male,6,79,0.0759493670886076
2017,Connecticut,0-14,Female,0,0,NA
2017,Connecticut,0-14,Male,0,2,0
2017,Connecticut,15–19,Female,0,3,0
2017,Connecticut,15–19,Male,1,10,0.1
2017,Connecticut,20–24,Female,2,5,0.4
2017,Connecticut,20–24,Male,13,27,0.48148148148148145
2017,Connecticut,25–34,Female,7,14,0.5
2017,Connecticut,25–34,Male,16,38,0.42105263157894735
2017,Connecticut,35–44,Female,4,10,0.4
2017,Connecticut,35–44,Male,12,33,0.36363636363636365
2017,Connecticut,45-54,Female,2,7,0.2857142857142857
2017,Connecticut,45-54,Male,11,33,0.3333333333333333
2017,Connecticut,55-64,Female,1,9,0.1111111111111111
2017,Connecticut,55-64,Male,5,25,0.2
2017,Connecticut,65+,Female,2,33,0.06060606060606061
2017,Connecticut,65+,Male,1,32,0.03125
2017,Delaware,0-14,Female,0,1,0
2017,Delaware,0-14,Male,0,2,0
2017,Delaware,15–19,Female,0,1,0
2017,Delaware,15–19,Male,0,3,0
2017,Delaware,20–24,Female,1,2,0.5
2017,Delaware,20–24,Male,4,8,0.5
2017,Delaware,25–34,Female,0,1,0
2017,Delaware,25–34,Male,5,17,0.29411764705882354
2017,Delaware,35–44,Female,2,5,0.4
2017,Delaware,35–44,Male,2,9,0.2222222222222222
2017,Delaware,45-54,Female,4,10,0.4
2017,Delaware,45-54,Male,7,18,0.3888888888888889
2017,Delaware,55-64,Female,1,7,0.14285714285714285
2017,Delaware,55-64,Male,2,11,0.18181818181818182
2017,Delaware,65+,Female,1,6,0.16666666666666666
2017,Delaware,65+,Male,2,18,0.1111111111111111
2017,District of Columbia,0-14,Female,0,0,NA
2017,District of Columbia,0-14,Male,0,1,0
2017,District of Columbia,15–19,Female,0,0,NA
2017,District of Columbia,15–19,Male,0,1,0
2017,District of Columbia,20–24,Female,0,2,0
2017,District of Columbia,20–24,Male,1,3,0.3333333333333333
2017,District of Columbia,25–34,Female,0,0,NA
2017,District of Columbia,25–34,Male,5,6,0.8333333333333334
2017,District of Columbia,35–44,Female,1,3,0.3333333333333333
2017,District of Columbia,35–44,Male,1,2,0.5
2017,District of Columbia,45-54,Female,0,0,NA
2017,District of Columbia,45-54,Male,2,3,0.6666666666666666
2017,District of Columbia,55-64,Female,0,1,0
2017,District of Columbia,55-64,Male,0,3,0
2017,District of Columbia,65+,Female,0,3,0
2017,District of Columbia,65+,Male,0,3,0
2017,Florida,0-14,Female,0,23,0
2017,Florida,0-14,Male,0,49,0
2017,Florida,15–19,Female,5,62,0.08064516129032258
2017,Florida,15–19,Male,5,124,0.04032258064516129
2017,Florida,20–24,Female,12,82,0.14634146341463414
2017,Florida,20–24,Male,48,246,0.1951219512195122
2017,Florida,25–34,Female,21,122,0.1721311475409836
2017,Florida,25–34,Male,105,415,0.25301204819277107
2017,Florida,35–44,Female,19,102,0.18627450980392157
2017,Florida,35–44,Male,79,299,0.26421404682274247
2017,Florida,45-54,Female,9,108,0.08333333333333333
2017,Florida,45-54,Male,82,341,0.2404692082111437
2017,Florida,55-64,Female,10,96,0.10416666666666667
2017,Florida,55-64,Male,81,344,0.23546511627906977
2017,Florida,65+,Female,6,206,0.02912621359223301
2017,Florida,65+,Male,22,424,0.05188679245283019
2017,Georgia,0-14,Female,0,20,0
2017,Georgia,0-14,Male,0,28,0
2017,Georgia,15–19,Female,3,34,0.08823529411764706
2017,Georgia,15–19,Male,6,82,0.07317073170731707
2017,Georgia,20–24,Female,7,47,0.14893617021276595
2017,Georgia,20–24,Male,20,110,0.18181818181818182
2017,Georgia,25–34,Female,13,80,0.1625
2017,Georgia,25–34,Male,54,207,0.2608695652173913
2017,Georgia,35–44,Female,4,52,0.07692307692307693
2017,Georgia,35–44,Male,32,140,0.22857142857142856
2017,Georgia,45-54,Female,8,77,0.1038961038961039
2017,Georgia,45-54,Male,31,161,0.19254658385093168
2017,Georgia,55-64,Female,4,59,0.06779661016949153
2017,Georgia,55-64,Male,20,169,0.11834319526627218
2017,Georgia,65+,Female,0,103,0
2017,Georgia,65+,Male,8,170,0.047058823529411764
2017,Hawaii,0-14,Female,0,0,NA
2017,Hawaii,0-14,Male,0,2,0
2017,Hawaii,15–19,Female,0,2,0
2017,Hawaii,15–19,Male,0,1,0
2017,Hawaii,20–24,Female,3,5,0.6
2017,Hawaii,20–24,Male,1,3,0.3333333333333333
2017,Hawaii,25–34,Female,2,6,0.3333333333333333
2017,Hawaii,25–34,Male,10,23,0.43478260869565216
2017,Hawaii,35–44,Female,0,4,0
2017,Hawaii,35–44,Male,6,20,0.3
2017,Hawaii,45-54,Female,0,0,NA
2017,Hawaii,45-54,Male,4,9,0.4444444444444444
2017,Hawaii,55-64,Female,0,1,0
2017,Hawaii,55-64,Male,0,7,0
2017,Hawaii,65+,Female,1,11,0.09090909090909091
2017,Hawaii,65+,Male,3,13,0.23076923076923078
2017,Idaho,0-14,Female,0,4,0
2017,Idaho,0-14,Male,0,7,0
2017,Idaho,15–19,Female,0,7,0
2017,Idaho,15–19,Male,1,14,0.07142857142857142
2017,Idaho,20–24,Female,4,6,0.6666666666666666
2017,Idaho,20–24,Male,7,18,0.3888888888888889
2017,Idaho,25–34,Female,3,13,0.23076923076923078
2017,Idaho,25–34,Male,11,31,0.3548387096774194
2017,Idaho,35–44,Female,1,10,0.1
2017,Idaho,35–44,Male,9,25,0.36
2017,Idaho,45-54,Female,3,7,0.42857142857142855
2017,Idaho,45-54,Male,5,20,0.25
2017,Idaho,55-64,Female,1,4,0.25
2017,Idaho,55-64,Male,3,23,0.13043478260869565
2017,Idaho,65+,Female,0,23,0
2017,Idaho,65+,Male,2,33,0.06060606060606061
2017,Illinois,0-14,Female,0,14,0
2017,Illinois,0-14,Male,0,28,0
2017,Illinois,15–19,Female,3,35,0.08571428571428572
2017,Illinois,15–19,Male,7,49,0.14285714285714285
2017,Illinois,20–24,Female,4,40,0.1
2017,Illinois,20–24,Male,30,74,0.40540540540540543
2017,Illinois,25–34,Female,16,61,0.26229508196721313
2017,Illinois,25–34,Male,72,164,0.43902439024390244
2017,Illinois,35–44,Female,13,35,0.37142857142857144
2017,Illinois,35–44,Male,44,98,0.4489795918367347
2017,Illinois,45-54,Female,8,38,0.21052631578947367
2017,Illinois,45-54,Male,29,103,0.2815533980582524
2017,Illinois,55-64,Female,4,37,0.10810810810810811
2017,Illinois,55-64,Male,34,125,0.272
2017,Illinois,65+,Female,0,65,0
2017,Illinois,65+,Male,9,122,0.07377049180327869
2017,Indiana,0-14,Female,0,24,0
2017,Indiana,0-14,Male,0,15,0
2017,Indiana,15–19,Female,0,20,0
2017,Indiana,15–19,Male,3,45,0.06666666666666667
2017,Indiana,20–24,Female,1,20,0.05
2017,Indiana,20–24,Male,14,68,0.20588235294117646
2017,Indiana,25–34,Female,8,49,0.16326530612244897
2017,Indiana,25–34,Male,23,111,0.2072072072072072
2017,Indiana,35–44,Female,4,31,0.12903225806451613
2017,Indiana,35–44,Male,17,85,0.2
2017,Indiana,45-54,Female,2,53,0.03773584905660377
2017,Indiana,45-54,Male,11,100,0.11
2017,Indiana,55-64,Female,1,30,0.03333333333333333
2017,Indiana,55-64,Male,11,97,0.1134020618556701
2017,Indiana,65+,Female,1,56,0.017857142857142856
2017,Indiana,65+,Male,3,111,0.02702702702702703
2017,Iowa,0-14,Female,0,7,0
2017,Iowa,0-14,Male,0,9,0
2017,Iowa,15–19,Female,0,10,0
2017,Iowa,15–19,Male,3,25,0.12
2017,Iowa,20–24,Female,1,3,0.3333333333333333
2017,Iowa,20–24,Male,6,24,0.25
2017,Iowa,25–34,Female,3,14,0.21428571428571427
2017,Iowa,25–34,Male,20,42,0.47619047619047616
2017,Iowa,35–44,Female,2,8,0.25
2017,Iowa,35–44,Male,5,26,0.19230769230769232
2017,Iowa,45-54,Female,2,17,0.11764705882352941
2017,Iowa,45-54,Male,6,31,0.1935483870967742
2017,Iowa,55-64,Female,2,12,0.16666666666666666
2017,Iowa,55-64,Male,6,42,0.14285714285714285
2017,Iowa,65+,Female,0,17,0
2017,Iowa,65+,Male,1,43,0.023255813953488372
2017,Kansas,0-14,Female,0,5,0
2017,Kansas,0-14,Male,0,9,0
2017,Kansas,15–19,Female,0,9,0
2017,Kansas,15–19,Male,1,26,0.038461538461538464
2017,Kansas,20–24,Female,2,14,0.14285714285714285
2017,Kansas,20–24,Male,8,34,0.23529411764705882
2017,Kansas,25–34,Female,0,24,0
2017,Kansas,25–34,Male,19,54,0.35185185185185186
2017,Kansas,35–44,Female,0,18,0
2017,Kansas,35–44,Male,9,46,0.1956521739130435
2017,Kansas,45-54,Female,0,10,0
2017,Kansas,45-54,Male,6,48,0.125
2017,Kansas,55-64,Female,0,24,0
2017,Kansas,55-64,Male,7,48,0.14583333333333334
2017,Kansas,65+,Female,0,34,0
2017,Kansas,65+,Male,1,57,0.017543859649122806
2017,Kentucky,0-14,Female,0,9,0
2017,Kentucky,0-14,Male,0,18,0
2017,Kentucky,15–19,Female,0,23,0
2017,Kentucky,15–19,Male,3,36,0.08333333333333333
2017,Kentucky,20–24,Female,2,19,0.10526315789473684
2017,Kentucky,20–24,Male,14,50,0.28
2017,Kentucky,25–34,Female,5,38,0.13157894736842105
2017,Kentucky,25–34,Male,21,94,0.22340425531914893
2017,Kentucky,35–44,Female,2,26,0.07692307692307693
2017,Kentucky,35–44,Male,31,79,0.3924050632911392
2017,Kentucky,45-54,Female,4,35,0.11428571428571428
2017,Kentucky,45-54,Male,25,78,0.32051282051282054
2017,Kentucky,55-64,Female,3,30,0.1
2017,Kentucky,55-64,Male,16,98,0.16326530612244897
2017,Kentucky,65+,Female,0,57,0
2017,Kentucky,65+,Male,3,92,0.03260869565217391
2017,Louisiana,0-14,Female,0,20,0
2017,Louisiana,0-14,Male,0,15,0
2017,Louisiana,15–19,Female,2,20,0.1
2017,Louisiana,15–19,Male,7,35,0.2
2017,Louisiana,20–24,Female,3,22,0.13636363636363635
2017,Louisiana,20–24,Male,25,75,0.3333333333333333
2017,Louisiana,25–34,Female,4,32,0.125
2017,Louisiana,25–34,Male,30,103,0.2912621359223301
2017,Louisiana,35–44,Female,6,28,0.21428571428571427
2017,Louisiana,35–44,Male,38,108,0.35185185185185186
2017,Louisiana,45-54,Female,6,34,0.17647058823529413
2017,Louisiana,45-54,Male,25,70,0.35714285714285715
2017,Louisiana,55-64,Female,3,22,0.13636363636363635
2017,Louisiana,55-64,Male,27,87,0.3103448275862069
2017,Louisiana,65+,Female,1,23,0.043478260869565216
2017,Louisiana,65+,Male,4,74,0.05405405405405406
2017,Maine,0-14,Female,0,1,0
2017,Maine,0-14,Male,0,3,0
2017,Maine,15–19,Female,0,3,0
2017,Maine,15–19,Male,1,9,0.1111111111111111
2017,Maine,20–24,Female,1,4,0.25
2017,Maine,20–24,Male,3,11,0.2727272727272727
2017,Maine,25–34,Female,1,6,0.16666666666666666
2017,Maine,25–34,Male,7,21,0.3333333333333333
2017,Maine,35–44,Female,2,8,0.25
2017,Maine,35–44,Male,7,11,0.6363636363636364
2017,Maine,45-54,Female,2,8,0.25
2017,Maine,45-54,Male,7,20,0.35
2017,Maine,55-64,Female,0,6,0
2017,Maine,55-64,Male,2,13,0.15384615384615385
2017,Maine,65+,Female,1,20,0.05
2017,Maine,65+,Male,1,29,0.034482758620689655
2017,Maryland,0-14,Female,0,4,0
2017,Maryland,0-14,Male,0,5,0
2017,Maryland,15–19,Female,0,8,0
2017,Maryland,15–19,Male,4,31,0.12903225806451613
2017,Maryland,20–24,Female,4,16,0.25
2017,Maryland,20–24,Male,12,47,0.2553191489361702
2017,Maryland,25–34,Female,6,18,0.3333333333333333
2017,Maryland,25–34,Male,34,87,0.39080459770114945
2017,Maryland,35–44,Female,7,20,0.35
2017,Maryland,35–44,Male,27,63,0.42857142857142855
2017,Maryland,45-54,Female,7,16,0.4375
2017,Maryland,45-54,Male,24,62,0.3870967741935484
2017,Maryland,55-64,Female,1,14,0.07142857142857142
2017,Maryland,55-64,Male,13,67,0.19402985074626866
2017,Maryland,65+,Female,0,43,0
2017,Maryland,65+,Male,3,50,0.06
2017,Massachusetts,0-14,Female,0,4,0
2017,Massachusetts,0-14,Male,0,4,0
2017,Massachusetts,15–19,Female,0,11,0
2017,Massachusetts,15–19,Male,6,17,0.35294117647058826
2017,Massachusetts,20–24,Female,4,10,0.4
2017,Massachusetts,20–24,Male,14,26,0.5384615384615384
2017,Massachusetts,25–34,Female,9,16,0.5625
2017,Massachusetts,25–34,Male,20,54,0.37037037037037035
2017,Massachusetts,35–44,Female,3,5,0.6
2017,Massachusetts,35–44,Male,17,35,0.4857142857142857
2017,Massachusetts,45-54,Female,3,17,0.17647058823529413
2017,Massachusetts,45-54,Male,20,39,0.5128205128205128
2017,Massachusetts,55-64,Female,1,14,0.07142857142857142
2017,Massachusetts,55-64,Male,10,35,0.2857142857142857
2017,Massachusetts,65+,Female,1,27,0.037037037037037035
2017,Massachusetts,65+,Male,2,33,0.06060606060606061
2017,Michigan,0-14,Female,0,20,0
2017,Michigan,0-14,Male,0,12,0
2017,Michigan,15–19,Female,1,23,0.043478260869565216
2017,Michigan,15–19,Male,2,34,0.058823529411764705
2017,Michigan,20–24,Female,5,37,0.13513513513513514
2017,Michigan,20–24,Male,19,85,0.2235294117647059
2017,Michigan,25–34,Female,17,51,0.3333333333333333
2017,Michigan,25–34,Male,42,146,0.2876712328767123
2017,Michigan,35–44,Female,6,43,0.13953488372093023
2017,Michigan,35–44,Male,18,85,0.21176470588235294
2017,Michigan,45-54,Female,2,35,0.05714285714285714
2017,Michigan,45-54,Male,26,112,0.23214285714285715
2017,Michigan,55-64,Female,1,45,0.022222222222222223
2017,Michigan,55-64,Male,23,100,0.23
2017,Michigan,65+,Female,0,81,0
2017,Michigan,65+,Male,5,122,0.040983606557377046
2017,Minnesota,0-14,Female,0,2,0
2017,Minnesota,0-14,Male,0,5,0
2017,Minnesota,15–19,Female,1,11,0.09090909090909091
2017,Minnesota,15–19,Male,2,16,0.125
2017,Minnesota,20–24,Female,3,14,0.21428571428571427
2017,Minnesota,20–24,Male,5,17,0.29411764705882354
2017,Minnesota,25–34,Female,2,14,0.14285714285714285
2017,Minnesota,25–34,Male,18,42,0.42857142857142855
2017,Minnesota,35–44,Female,2,12,0.16666666666666666
2017,Minnesota,35–44,Male,13,36,0.3611111111111111
2017,Minnesota,45-54,Female,2,6,0.3333333333333333
2017,Minnesota,45-54,Male,11,42,0.2619047619047619
2017,Minnesota,55-64,Female,3,19,0.15789473684210525
2017,Minnesota,55-64,Male,8,41,0.1951219512195122
2017,Minnesota,65+,Female,0,24,0
2017,Minnesota,65+,Male,3,57,0.05263157894736842
2017,Mississippi,0-14,Female,0,11,0
2017,Mississippi,0-14,Male,0,11,0
2017,Mississippi,15–19,Female,1,17,0.058823529411764705
2017,Mississippi,15–19,Male,4,38,0.10526315789473684
2017,Mississippi,20–24,Female,3,23,0.13043478260869565
2017,Mississippi,20–24,Male,4,38,0.10526315789473684
2017,Mississippi,25–34,Female,2,30,0.06666666666666667
2017,Mississippi,25–34,Male,23,89,0.25842696629213485
2017,Mississippi,35–44,Female,1,28,0.03571428571428571
2017,Mississippi,35–44,Male,14,73,0.1917808219178082
2017,Mississippi,45-54,Female,3,33,0.09090909090909091
2017,Mississippi,45-54,Male,11,75,0.14666666666666667
2017,Mississippi,55-64,Female,0,26,0
2017,Mississippi,55-64,Male,10,78,0.1282051282051282
2017,Mississippi,65+,Female,1,41,0.024390243902439025
2017,Mississippi,65+,Male,6,73,0.0821917808219178
2017,Missouri,0-14,Female,0,13,0
2017,Missouri,0-14,Male,0,25,0
2017,Missouri,15–19,Female,3,31,0.0967741935483871
2017,Missouri,15–19,Male,5,58,0.08620689655172414
2017,Missouri,20–24,Female,5,30,0.16666666666666666
2017,Missouri,20–24,Male,21,68,0.3088235294117647
2017,Missouri,25–34,Female,10,46,0.21739130434782608
2017,Missouri,25–34,Male,48,118,0.4067796610169492
2017,Missouri,35–44,Female,8,38,0.21052631578947367
2017,Missouri,35–44,Male,27,94,0.2872340425531915
2017,Missouri,45-54,Female,2,25,0.08
2017,Missouri,45-54,Male,29,88,0.32954545454545453
2017,Missouri,55-64,Female,1,35,0.02857142857142857
2017,Missouri,55-64,Male,25,98,0.25510204081632654
2017,Missouri,65+,Female,4,64,0.0625
2017,Missouri,65+,Male,4,99,0.04040404040404041
2017,Montana,0-14,Female,0,6,0
2017,Montana,0-14,Male,0,3,0
2017,Montana,15–19,Female,2,5,0.4
2017,Montana,15–19,Male,4,8,0.5
2017,Montana,20–24,Female,3,10,0.3
2017,Montana,20–24,Male,2,11,0.18181818181818182
2017,Montana,25–34,Female,7,16,0.4375
2017,Montana,25–34,Male,16,28,0.5714285714285714
2017,Montana,35–44,Female,0,9,0
2017,Montana,35–44,Male,8,20,0.4
2017,Montana,45-54,Female,0,7,0
2017,Montana,45-54,Male,4,10,0.4
2017,Montana,55-64,Female,1,9,0.1111111111111111
2017,Montana,55-64,Male,3,18,0.16666666666666666
2017,Montana,65+,Female,0,10,0
2017,Montana,65+,Male,1,16,0.0625
2017,Nebraska,0-14,Female,0,5,0
2017,Nebraska,0-14,Male,0,4,0
2017,Nebraska,15–19,Female,2,9,0.2222222222222222
2017,Nebraska,15–19,Male,0,18,0
2017,Nebraska,20–24,Female,2,10,0.2
2017,Nebraska,20–24,Male,7,22,0.3181818181818182
2017,Nebraska,25–34,Female,5,14,0.35714285714285715
2017,Nebraska,25–34,Male,8,21,0.38095238095238093
2017,Nebraska,35–44,Female,2,9,0.2222222222222222
2017,Nebraska,35–44,Male,6,19,0.3157894736842105
2017,Nebraska,45-54,Female,1,9,0.1111111111111111
2017,Nebraska,45-54,Male,7,19,0.3684210526315789
2017,Nebraska,55-64,Female,2,9,0.2222222222222222
2017,Nebraska,55-64,Male,5,26,0.19230769230769232
2017,Nebraska,65+,Female,1,13,0.07692307692307693
2017,Nebraska,65+,Male,0,21,0
2017,Nevada,0-14,Female,0,5,0
2017,Nevada,0-14,Male,0,7,0
2017,Nevada,15–19,Female,0,7,0
2017,Nevada,15–19,Male,0,9,0
2017,Nevada,20–24,Female,2,7,0.2857142857142857
2017,Nevada,20–24,Male,6,21,0.2857142857142857
2017,Nevada,25–34,Female,5,15,0.3333333333333333
2017,Nevada,25–34,Male,14,45,0.3111111111111111
2017,Nevada,35–44,Female,2,4,0.5
2017,Nevada,35–44,Male,8,23,0.34782608695652173
2017,Nevada,45-54,Female,1,16,0.0625
2017,Nevada,45-54,Male,12,35,0.34285714285714286
2017,Nevada,55-64,Female,2,13,0.15384615384615385
2017,Nevada,55-64,Male,11,39,0.28205128205128205
2017,Nevada,65+,Female,0,19,0
2017,Nevada,65+,Male,4,44,0.09090909090909091
2017,New Hampshire,0-14,Female,0,0,NA
2017,New Hampshire,0-14,Male,0,2,0
2017,New Hampshire,15–19,Female,0,4,0
2017,New Hampshire,15–19,Male,2,7,0.2857142857142857
2017,New Hampshire,20–24,Female,0,8,0
2017,New Hampshire,20–24,Male,3,8,0.375
2017,New Hampshire,25–34,Female,1,4,0.25
2017,New Hampshire,25–34,Male,2,6,0.3333333333333333
2017,New Hampshire,35–44,Female,0,1,0
2017,New Hampshire,35–44,Male,5,9,0.5555555555555556
2017,New Hampshire,45-54,Female,0,3,0
2017,New Hampshire,45-54,Male,3,13,0.23076923076923078
2017,New Hampshire,55-64,Female,1,1,1
2017,New Hampshire,55-64,Male,2,13,0.15384615384615385
2017,New Hampshire,65+,Female,0,11,0
2017,New Hampshire,65+,Male,1,12,0.08333333333333333
2017,New Jersey,0-14,Female,0,5,0
2017,New Jersey,0-14,Male,0,4,0
2017,New Jersey,15–19,Female,1,9,0.1111111111111111
2017,New Jersey,15–19,Male,0,17,0
2017,New Jersey,20–24,Female,1,7,0.14285714285714285
2017,New Jersey,20–24,Male,10,35,0.2857142857142857
2017,New Jersey,25–34,Female,7,33,0.21212121212121213
2017,New Jersey,25–34,Male,30,91,0.32967032967032966
2017,New Jersey,35–44,Female,3,16,0.1875
2017,New Jersey,35–44,Male,23,65,0.35384615384615387
2017,New Jersey,45-54,Female,4,29,0.13793103448275862
2017,New Jersey,45-54,Male,17,59,0.288135593220339
2017,New Jersey,55-64,Female,2,25,0.08
2017,New Jersey,55-64,Male,16,78,0.20512820512820512
2017,New Jersey,65+,Female,1,66,0.015151515151515152
2017,New Jersey,65+,Male,4,84,0.047619047619047616
2017,New Mexico,0-14,Female,0,8,0
2017,New Mexico,0-14,Male,0,7,0
2017,New Mexico,15–19,Female,0,11,0
2017,New Mexico,15–19,Male,1,6,0.16666666666666666
2017,New Mexico,20–24,Female,3,9,0.3333333333333333
2017,New Mexico,20–24,Male,10,36,0.2777777777777778
2017,New Mexico,25–34,Female,15,26,0.5769230769230769
2017,New Mexico,25–34,Male,23,58,0.39655172413793105
2017,New Mexico,35–44,Female,6,18,0.3333333333333333
2017,New Mexico,35–44,Male,11,35,0.3142857142857143
2017,New Mexico,45-54,Female,1,15,0.06666666666666667
2017,New Mexico,45-54,Male,15,42,0.35714285714285715
2017,New Mexico,55-64,Female,0,9,0
2017,New Mexico,55-64,Male,15,44,0.3409090909090909
2017,New Mexico,65+,Female,0,14,0
2017,New Mexico,65+,Male,1,42,0.023809523809523808
2017,New York,0-14,Female,0,14,0
2017,New York,0-14,Male,0,16,0
2017,New York,15–19,Female,0,15,0
2017,New York,15–19,Male,5,52,0.09615384615384616
2017,New York,20–24,Female,3,16,0.1875
2017,New York,20–24,Male,19,78,0.24358974358974358
2017,New York,25–34,Female,9,32,0.28125
2017,New York,25–34,Male,43,151,0.2847682119205298
2017,New York,35–44,Female,8,29,0.27586206896551724
2017,New York,35–44,Male,26,77,0.33766233766233766
2017,New York,45-54,Female,4,30,0.13333333333333333
2017,New York,45-54,Male,27,107,0.2523364485981308
2017,New York,55-64,Female,3,33,0.09090909090909091
2017,New York,55-64,Male,17,86,0.19767441860465115
2017,New York,65+,Female,2,97,0.020618556701030927
2017,New York,65+,Male,9,170,0.052941176470588235
2017,North Carolina,0-14,Female,0,28,0
2017,North Carolina,0-14,Male,0,28,0
2017,North Carolina,15–19,Female,2,39,0.05128205128205128
2017,North Carolina,15–19,Male,4,60,0.06666666666666667
2017,North Carolina,20–24,Female,12,36,0.3333333333333333
2017,North Carolina,20–24,Male,39,107,0.3644859813084112
2017,North Carolina,25–34,Female,13,67,0.19402985074626866
2017,North Carolina,25–34,Male,58,178,0.3258426966292135
2017,North Carolina,35–44,Female,8,43,0.18604651162790697
2017,North Carolina,35–44,Male,50,153,0.32679738562091504
2017,North Carolina,45-54,Female,10,49,0.20408163265306123
2017,North Carolina,45-54,Male,62,152,0.40789473684210525
2017,North Carolina,55-64,Female,1,58,0.017241379310344827
2017,North Carolina,55-64,Male,37,157,0.2356687898089172
2017,North Carolina,65+,Female,0,98,0
2017,North Carolina,65+,Male,8,158,0.05063291139240506
2017,North Dakota,0-14,Female,0,1,0
2017,North Dakota,0-14,Male,0,3,0
2017,North Dakota,15–19,Female,1,4,0.25
2017,North Dakota,15–19,Male,2,5,0.4
2017,North Dakota,20–24,Female,0,1,0
2017,North Dakota,20–24,Male,5,13,0.38461538461538464
2017,North Dakota,25–34,Female,1,7,0.14285714285714285
2017,North Dakota,25–34,Male,11,23,0.4782608695652174
2017,North Dakota,35–44,Female,0,1,0
2017,North Dakota,35–44,Male,6,14,0.42857142857142855
2017,North Dakota,45-54,Female,1,3,0.3333333333333333
2017,North Dakota,45-54,Male,4,10,0.4
2017,North Dakota,55-64,Female,0,3,0
2017,North Dakota,55-64,Male,2,10,0.2
2017,North Dakota,65+,Female,0,3,0
2017,North Dakota,65+,Male,3,15,0.2
2017,Ohio,0-14,Female,0,20,0
2017,Ohio,0-14,Male,0,19,0
2017,Ohio,15–19,Female,4,35,0.11428571428571428
2017,Ohio,15–19,Male,4,73,0.0547945205479452
2017,Ohio,20–24,Female,6,31,0.1935483870967742
2017,Ohio,20–24,Male,28,103,0.27184466019417475
2017,Ohio,25–34,Female,15,53,0.2830188679245283
2017,Ohio,25–34,Male,64,150,0.4266666666666667
2017,Ohio,35–44,Female,16,48,0.3333333333333333
2017,Ohio,35–44,Male,49,124,0.3951612903225806
2017,Ohio,45-54,Female,9,55,0.16363636363636364
2017,Ohio,45-54,Male,38,110,0.34545454545454546
2017,Ohio,55-64,Female,8,51,0.1568627450980392
2017,Ohio,55-64,Male,20,87,0.22988505747126436
2017,Ohio,65+,Female,3,78,0.038461538461538464
2017,Ohio,65+,Male,10,142,0.07042253521126761
2017,Oklahoma,0-14,Female,0,7,0
2017,Oklahoma,0-14,Male,0,19,0
2017,Oklahoma,15–19,Female,1,17,0.058823529411764705
2017,Oklahoma,15–19,Male,4,35,0.11428571428571428
2017,Oklahoma,20–24,Female,5,22,0.22727272727272727
2017,Oklahoma,20–24,Male,11,48,0.22916666666666666
2017,Oklahoma,25–34,Female,9,33,0.2727272727272727
2017,Oklahoma,25–34,Male,30,84,0.35714285714285715
2017,Oklahoma,35–44,Female,7,36,0.19444444444444445
2017,Oklahoma,35–44,Male,20,65,0.3076923076923077
2017,Oklahoma,45-54,Female,2,25,0.08
2017,Oklahoma,45-54,Male,14,55,0.2545454545454545
2017,Oklahoma,55-64,Female,3,30,0.1
2017,Oklahoma,55-64,Male,20,64,0.3125
2017,Oklahoma,65+,Female,4,39,0.10256410256410256
2017,Oklahoma,65+,Male,6,78,0.07692307692307693
2017,Oregon,0-14,Female,0,9,0
2017,Oregon,0-14,Male,0,9,0
2017,Oregon,15–19,Female,1,5,0.2
2017,Oregon,15–19,Male,6,19,0.3157894736842105
2017,Oregon,20–24,Female,3,10,0.3
2017,Oregon,20–24,Male,16,38,0.42105263157894735
2017,Oregon,25–34,Female,3,18,0.16666666666666666
2017,Oregon,25–34,Male,23,54,0.42592592592592593
2017,Oregon,35–44,Female,7,25,0.28
2017,Oregon,35–44,Male,9,40,0.225
2017,Oregon,45-54,Female,1,14,0.07142857142857142
2017,Oregon,45-54,Male,13,42,0.30952380952380953
2017,Oregon,55-64,Female,4,21,0.19047619047619047
2017,Oregon,55-64,Male,16,55,0.2909090909090909
2017,Oregon,65+,Female,1,30,0.03333333333333333
2017,Oregon,65+,Male,2,50,0.04
2017,Pennsylvania,0-14,Female,0,12,0
2017,Pennsylvania,0-14,Male,0,17,0
2017,Pennsylvania,15–19,Female,0,24,0
2017,Pennsylvania,15–19,Male,3,49,0.061224489795918366
2017,Pennsylvania,20–24,Female,4,38,0.10526315789473684
2017,Pennsylvania,20–24,Male,24,95,0.25263157894736843
2017,Pennsylvania,25–34,Female,9,41,0.21951219512195122
2017,Pennsylvania,25–34,Male,42,149,0.28187919463087246
2017,Pennsylvania,35–44,Female,5,31,0.16129032258064516
2017,Pennsylvania,35–44,Male,23,111,0.2072072072072072
2017,Pennsylvania,45-54,Female,8,39,0.20512820512820512
2017,Pennsylvania,45-54,Male,25,126,0.1984126984126984
2017,Pennsylvania,55-64,Female,2,26,0.07692307692307693
2017,Pennsylvania,55-64,Male,15,117,0.1282051282051282
2017,Pennsylvania,65+,Female,3,94,0.031914893617021274
2017,Pennsylvania,65+,Male,10,165,0.06060606060606061
2017,Puerto Rico,0-14,Female,0,5,0
2017,Puerto Rico,0-14,Male,0,1,0
2017,Puerto Rico,15–19,Female,1,5,0.2
2017,Puerto Rico,15–19,Male,2,11,0.18181818181818182
2017,Puerto Rico,20–24,Female,1,5,0.2
2017,Puerto Rico,20–24,Male,7,27,0.25925925925925924
2017,Puerto Rico,25–34,Female,4,7,0.5714285714285714
2017,Puerto Rico,25–34,Male,11,28,0.39285714285714285
2017,Puerto Rico,35–44,Female,2,5,0.4
2017,Puerto Rico,35–44,Male,7,25,0.28
2017,Puerto Rico,45-54,Female,2,8,0.25
2017,Puerto Rico,45-54,Male,16,40,0.4
2017,Puerto Rico,55-64,Female,1,5,0.2
2017,Puerto Rico,55-64,Male,13,35,0.37142857142857144
2017,Puerto Rico,65+,Female,0,21,0
2017,Puerto Rico,65+,Male,11,56,0.19642857142857142
2017,Rhode Island,0-14,Female,0,0,NA
2017,Rhode Island,0-14,Male,0,2,0
2017,Rhode Island,15–19,Female,0,4,0
2017,Rhode Island,15–19,Male,0,4,0
2017,Rhode Island,20–24,Female,0,4,0
2017,Rhode Island,20–24,Male,3,9,0.3333333333333333
2017,Rhode Island,25–34,Female,2,4,0.5
2017,Rhode Island,25–34,Male,4,8,0.5
2017,Rhode Island,35–44,Female,2,3,0.6666666666666666
2017,Rhode Island,35–44,Male,3,9,0.3333333333333333
2017,Rhode Island,45-54,Female,1,4,0.25
2017,Rhode Island,45-54,Male,4,5,0.8
2017,Rhode Island,55-64,Female,0,4,0
2017,Rhode Island,55-64,Male,2,6,0.3333333333333333
2017,Rhode Island,65+,Female,1,6,0.16666666666666666
2017,Rhode Island,65+,Male,2,12,0.16666666666666666
2017,South Carolina,0-14,Female,0,13,0
2017,South Carolina,0-14,Male,0,10,0
2017,South Carolina,15–19,Female,1,18,0.05555555555555555
2017,South Carolina,15–19,Male,4,28,0.14285714285714285
2017,South Carolina,20–24,Female,10,34,0.29411764705882354
2017,South Carolina,20–24,Male,29,84,0.34523809523809523
2017,South Carolina,25–34,Female,11,47,0.23404255319148937
2017,South Carolina,25–34,Male,61,150,0.4066666666666667
2017,South Carolina,35–44,Female,10,32,0.3125
2017,South Carolina,35–44,Male,45,109,0.41284403669724773
2017,South Carolina,45-54,Female,10,37,0.2702702702702703
2017,South Carolina,45-54,Male,42,122,0.3442622950819672
2017,South Carolina,55-64,Female,6,26,0.23076923076923078
2017,South Carolina,55-64,Male,33,115,0.28695652173913044
2017,South Carolina,65+,Female,1,61,0.01639344262295082
2017,South Carolina,65+,Male,13,103,0.1262135922330097
2017,South Dakota,0-14,Female,0,6,0
2017,South Dakota,0-14,Male,0,3,0
2017,South Dakota,15–19,Female,0,1,0
2017,South Dakota,15–19,Male,1,6,0.16666666666666666
2017,South Dakota,20–24,Female,0,0,NA
2017,South Dakota,20–24,Male,2,10,0.2
2017,South Dakota,25–34,Female,3,6,0.5
2017,South Dakota,25–34,Male,9,18,0.5
2017,South Dakota,35–44,Female,0,4,0
2017,South Dakota,35–44,Male,2,15,0.13333333333333333
2017,South Dakota,45-54,Female,1,5,0.2
2017,South Dakota,45-54,Male,4,13,0.3076923076923077
2017,South Dakota,55-64,Female,1,4,0.25
2017,South Dakota,55-64,Male,5,14,0.35714285714285715
2017,South Dakota,65+,Female,0,9,0
2017,South Dakota,65+,Male,1,15,0.06666666666666667
2017,Tennessee,0-14,Female,0,9,0
2017,Tennessee,0-14,Male,0,12,0
2017,Tennessee,15–19,Female,0,18,0
2017,Tennessee,15–19,Male,4,43,0.09302325581395349
2017,Tennessee,20–24,Female,9,39,0.23076923076923078
2017,Tennessee,20–24,Male,13,70,0.18571428571428572
2017,Tennessee,25–34,Female,8,46,0.17391304347826086
2017,Tennessee,25–34,Male,38,133,0.2857142857142857
2017,Tennessee,35–44,Female,7,38,0.18421052631578946
2017,Tennessee,35–44,Male,29,109,0.26605504587155965
2017,Tennessee,45-54,Female,5,36,0.1388888888888889
2017,Tennessee,45-54,Male,18,107,0.16822429906542055
2017,Tennessee,55-64,Female,3,42,0.07142857142857142
2017,Tennessee,55-64,Male,19,103,0.18446601941747573
2017,Tennessee,65+,Female,0,78,0
2017,Tennessee,65+,Male,6,140,0.04285714285714286
2017,Texas,0-14,Female,0,59,0
2017,Texas,0-14,Male,0,69,0
2017,Texas,15–19,Female,5,101,0.04950495049504951
2017,Texas,15–19,Male,15,172,0.0872093023255814
2017,Texas,20–24,Female,23,130,0.17692307692307693
2017,Texas,20–24,Male,103,346,0.2976878612716763
2017,Texas,25–34,Female,31,160,0.19375
2017,Texas,25–34,Male,161,564,0.2854609929078014
2017,Texas,35–44,Female,18,141,0.1276595744680851
2017,Texas,35–44,Male,115,419,0.2744630071599045
2017,Texas,45-54,Female,19,138,0.13768115942028986
2017,Texas,45-54,Male,94,395,0.2379746835443038
2017,Texas,55-64,Female,13,147,0.08843537414965986
2017,Texas,55-64,Male,72,365,0.19726027397260273
2017,Texas,65+,Female,1,205,0.004878048780487805
2017,Texas,65+,Male,18,309,0.05825242718446602
2017,Utah,0-14,Female,0,8,0
2017,Utah,0-14,Male,0,7,0
2017,Utah,15–19,Female,2,6,0.3333333333333333
2017,Utah,15–19,Male,1,17,0.058823529411764705
2017,Utah,20–24,Female,3,6,0.5
2017,Utah,20–24,Male,1,15,0.06666666666666667
2017,Utah,25–34,Female,3,16,0.1875
2017,Utah,25–34,Male,15,43,0.3488372093023256
2017,Utah,35–44,Female,1,7,0.14285714285714285
2017,Utah,35–44,Male,7,26,0.2692307692307692
2017,Utah,45-54,Female,1,15,0.06666666666666667
2017,Utah,45-54,Male,4,18,0.2222222222222222
2017,Utah,55-64,Female,0,7,0
2017,Utah,55-64,Male,3,25,0.12
2017,Utah,65+,Female,0,19,0
2017,Utah,65+,Male,3,38,0.07894736842105263
2017,Vermont,0-14,Female,0,0,NA
2017,Vermont,0-14,Male,0,0,NA
2017,Vermont,15–19,Female,1,2,0.5
2017,Vermont,15–19,Male,0,1,0
2017,Vermont,20–24,Female,0,1,0
2017,Vermont,20–24,Male,2,7,0.2857142857142857
2017,Vermont,25–34,Female,2,3,0.6666666666666666
2017,Vermont,25–34,Male,3,9,0.3333333333333333
2017,Vermont,35–44,Female,1,1,1
2017,Vermont,35–44,Male,2,8,0.25
2017,Vermont,45-54,Female,2,3,0.6666666666666666
2017,Vermont,45-54,Male,1,9,0.1111111111111111
2017,Vermont,55-64,Female,0,3,0
2017,Vermont,55-64,Male,2,6,0.3333333333333333
2017,Vermont,65+,Female,0,5,0
2017,Vermont,65+,Male,1,11,0.09090909090909091
2017,Virginia,0-14,Female,0,9,0
2017,Virginia,0-14,Male,0,17,0
2017,Virginia,15–19,Female,0,15,0
2017,Virginia,15–19,Male,1,27,0.037037037037037035
2017,Virginia,20–24,Female,6,25,0.24
2017,Virginia,20–24,Male,23,66,0.3484848484848485
2017,Virginia,25–34,Female,9,33,0.2727272727272727
2017,Virginia,25–34,Male,32,94,0.3404255319148936
2017,Virginia,35–44,Female,7,25,0.28
2017,Virginia,35–44,Male,26,70,0.37142857142857144
2017,Virginia,45-54,Female,7,40,0.175
2017,Virginia,45-54,Male,36,86,0.4186046511627907
2017,Virginia,55-64,Female,5,40,0.125
2017,Virginia,55-64,Male,31,106,0.29245283018867924
2017,Virginia,65+,Female,1,62,0.016129032258064516
2017,Virginia,65+,Male,11,120,0.09166666666666666
2017,Washington,0-14,Female,0,4,0
2017,Washington,0-14,Male,0,4,0
2017,Washington,15–19,Female,2,13,0.15384615384615385
2017,Washington,15–19,Male,6,28,0.21428571428571427
2017,Washington,20–24,Female,7,14,0.5
2017,Washington,20–24,Male,22,48,0.4583333333333333
2017,Washington,25–34,Female,6,20,0.3
2017,Washington,25–34,Male,32,82,0.3902439024390244
2017,Washington,35–44,Female,8,29,0.27586206896551724
2017,Washington,35–44,Male,18,64,0.28125
2017,Washington,45-54,Female,6,21,0.2857142857142857
2017,Washington,45-54,Male,17,47,0.3617021276595745
2017,Washington,55-64,Female,5,23,0.21739130434782608
2017,Washington,55-64,Male,16,60,0.26666666666666666
2017,Washington,65+,Female,1,33,0.030303030303030304
2017,Washington,65+,Male,6,72,0.08333333333333333
2017,West Virginia,0-14,Female,0,4,0
2017,West Virginia,0-14,Male,0,5,0
2017,West Virginia,15–19,Female,0,3,0
2017,West Virginia,15–19,Male,1,21,0.047619047619047616
2017,West Virginia,20–24,Female,2,6,0.3333333333333333
2017,West Virginia,20–24,Male,8,22,0.36363636363636365
2017,West Virginia,25–34,Female,4,15,0.26666666666666666
2017,West Virginia,25–34,Male,10,29,0.3448275862068966
2017,West Virginia,35–44,Female,2,18,0.1111111111111111
2017,West Virginia,35–44,Male,10,34,0.29411764705882354
2017,West Virginia,45-54,Female,2,12,0.16666666666666666
2017,West Virginia,45-54,Male,12,40,0.3
2017,West Virginia,55-64,Female,0,8,0
2017,West Virginia,55-64,Male,1,28,0.03571428571428571
2017,West Virginia,65+,Female,0,21,0
2017,West Virginia,65+,Male,3,38,0.07894736842105263
2017,Wisconsin,0-14,Female,0,4,0
2017,Wisconsin,0-14,Male,0,7,0
2017,Wisconsin,15–19,Female,0,12,0
2017,Wisconsin,15–19,Male,6,38,0.15789473684210525
2017,Wisconsin,20–24,Female,4,21,0.19047619047619047
2017,Wisconsin,20–24,Male,19,49,0.3877551020408163
2017,Wisconsin,25–34,Female,8,21,0.38095238095238093
2017,Wisconsin,25–34,Male,36,92,0.391304347826087
2017,Wisconsin,35–44,Female,8,24,0.3333333333333333
2017,Wisconsin,35–44,Male,19,54,0.35185185185185186
2017,Wisconsin,45-54,Female,2,19,0.10526315789473684
2017,Wisconsin,45-54,Male,23,53,0.4339622641509434
2017,Wisconsin,55-64,Female,1,25,0.04
2017,Wisconsin,55-64,Male,10,66,0.15151515151515152
2017,Wisconsin,65+,Female,0,52,0
2017,Wisconsin,65+,Male,6,76,0.07894736842105263
2017,Wyoming,0-14,Female,0,3,0
2017,Wyoming,0-14,Male,0,4,0
2017,Wyoming,15–19,Female,0,5,0
2017,Wyoming,15–19,Male,0,2,0
2017,Wyoming,20–24,Female,1,3,0.3333333333333333
2017,Wyoming,20–24,Male,3,8,0.375
2017,Wyoming,25–34,Female,1,7,0.14285714285714285
2017,Wyoming,25–34,Male,3,13,0.23076923076923078
2017,Wyoming,35–44,Female,2,3,0.6666666666666666
2017,Wyoming,35–44,Male,6,14,0.42857142857142855
2017,Wyoming,45-54,Female,1,8,0.125
2017,Wyoming,45-54,Male,6,16,0.375
2017,Wyoming,55-64,Female,0,6,0
2017,Wyoming,55-64,Male,4,14,0.2857142857142857
2017,Wyoming,65+,Female,0,5,0
2017,Wyoming,65+,Male,0,12,0
2018,Alabama,0-14,Female,0,21,0
2018,Alabama,0-14,Male,0,15,0
2018,Alabama,15–19,Female,1,18,0.05555555555555555
2018,Alabama,15–19,Male,2,54,0.037037037037037035
2018,Alabama,20–24,Female,2,26,0.07692307692307693
2018,Alabama,20–24,Male,15,65,0.23076923076923078
2018,Alabama,25–34,Female,6,51,0.11764705882352941
2018,Alabama,25–34,Male,34,122,0.2786885245901639
2018,Alabama,35–44,Female,8,42,0.19047619047619047
2018,Alabama,35–44,Male,24,100,0.24
2018,Alabama,45-54,Female,4,35,0.11428571428571428
2018,Alabama,45-54,Male,31,103,0.30097087378640774
2018,Alabama,55-64,Female,3,44,0.06818181818181818
2018,Alabama,55-64,Male,14,88,0.1590909090909091
2018,Alabama,65+,Female,0,55,0
2018,Alabama,65+,Male,7,112,0.0625
2018,Alaska,0-14,Female,0,4,0
2018,Alaska,0-14,Male,0,2,0
2018,Alaska,15–19,Female,0,0,NA
2018,Alaska,15–19,Male,0,2,0
2018,Alaska,20–24,Female,0,3,0
2018,Alaska,20–24,Male,2,3,0.6666666666666666
2018,Alaska,25–34,Female,2,10,0.2
2018,Alaska,25–34,Male,4,10,0.4
2018,Alaska,35–44,Female,1,3,0.3333333333333333
2018,Alaska,35–44,Male,3,11,0.2727272727272727
2018,Alaska,45-54,Female,1,3,0.3333333333333333
2018,Alaska,45-54,Male,3,4,0.75
2018,Alaska,55-64,Female,0,3,0
2018,Alaska,55-64,Male,5,12,0.4166666666666667
2018,Alaska,65+,Female,0,2,0
2018,Alaska,65+,Male,0,8,0
2018,Arizona,0-14,Female,0,13,0
2018,Arizona,0-14,Male,0,19,0
2018,Arizona,15–19,Female,2,30,0.06666666666666667
2018,Arizona,15–19,Male,2,35,0.05714285714285714
2018,Arizona,20–24,Female,4,26,0.15384615384615385
2018,Arizona,20–24,Male,16,76,0.21052631578947367
2018,Arizona,25–34,Female,12,50,0.24
2018,Arizona,25–34,Male,47,130,0.36153846153846153
2018,Arizona,35–44,Female,4,35,0.11428571428571428
2018,Arizona,35–44,Male,23,92,0.25
2018,Arizona,45-54,Female,4,31,0.12903225806451613
2018,Arizona,45-54,Male,28,101,0.27722772277227725
2018,Arizona,55-64,Female,4,50,0.08
2018,Arizona,55-64,Male,24,115,0.20869565217391303
2018,Arizona,65+,Female,1,50,0.02
2018,Arizona,65+,Male,15,151,0.09933774834437085
2018,Arkansas,0-14,Female,0,7,0
2018,Arkansas,0-14,Male,0,9,0
2018,Arkansas,15–19,Female,0,21,0
2018,Arkansas,15–19,Male,2,18,0.1111111111111111
2018,Arkansas,20–24,Female,2,12,0.16666666666666666
2018,Arkansas,20–24,Male,4,35,0.11428571428571428
2018,Arkansas,25–34,Female,9,22,0.4090909090909091
2018,Arkansas,25–34,Male,16,77,0.2077922077922078
2018,Arkansas,35–44,Female,3,20,0.15
2018,Arkansas,35–44,Male,14,51,0.27450980392156865
2018,Arkansas,45-54,Female,2,19,0.10526315789473684
2018,Arkansas,45-54,Male,6,55,0.10909090909090909
2018,Arkansas,55-64,Female,1,18,0.05555555555555555
2018,Arkansas,55-64,Male,17,65,0.26153846153846155
2018,Arkansas,65+,Female,0,36,0
2018,Arkansas,65+,Male,4,55,0.07272727272727272
2018,California,0-14,Female,0,48,0
2018,California,0-14,Male,1,52,0.019230769230769232
2018,California,15–19,Female,8,80,0.1
2018,California,15–19,Male,13,154,0.08441558441558442
2018,California,20–24,Female,35,111,0.3153153153153153
2018,California,20–24,Male,129,352,0.3664772727272727
2018,California,25–34,Female,48,170,0.2823529411764706
2018,California,25–34,Male,214,574,0.37282229965156793
2018,California,35–44,Female,33,132,0.25
2018,California,35–44,Male,127,383,0.33159268929503916
2018,California,45-54,Female,25,128,0.1953125
2018,California,45-54,Male,99,364,0.27197802197802196
2018,California,55-64,Female,22,177,0.12429378531073447
2018,California,55-64,Male,94,416,0.22596153846153846
2018,California,65+,Female,6,227,0.02643171806167401
2018,California,65+,Male,35,425,0.08235294117647059
2018,Colorado,0-14,Female,0,14,0
2018,Colorado,0-14,Male,0,11,0
2018,Colorado,15–19,Female,0,17,0
2018,Colorado,15–19,Male,5,24,0.20833333333333334
2018,Colorado,20–24,Female,6,21,0.2857142857142857
2018,Colorado,20–24,Male,17,35,0.4857142857142857
2018,Colorado,25–34,Female,9,32,0.28125
2018,Colorado,25–34,Male,38,87,0.4367816091954023
2018,Colorado,35–44,Female,8,25,0.32
2018,Colorado,35–44,Male,27,64,0.421875
2018,Colorado,45-54,Female,2,22,0.09090909090909091
2018,Colorado,45-54,Male,21,72,0.2916666666666667
2018,Colorado,55-64,Female,3,20,0.15
2018,Colorado,55-64,Male,12,78,0.15384615384615385
2018,Colorado,65+,Female,0,40,0
2018,Colorado,65+,Male,3,70,0.04285714285714286
2018,Connecticut,0-14,Female,0,0,NA
2018,Connecticut,0-14,Male,0,1,0
2018,Connecticut,15–19,Female,1,5,0.2
2018,Connecticut,15–19,Male,4,10,0.4
2018,Connecticut,20–24,Female,3,13,0.23076923076923078
2018,Connecticut,20–24,Male,10,30,0.3333333333333333
2018,Connecticut,25–34,Female,6,15,0.4
2018,Connecticut,25–34,Male,20,44,0.45454545454545453
2018,Connecticut,35–44,Female,3,10,0.3
2018,Connecticut,35–44,Male,14,33,0.42424242424242425
2018,Connecticut,45-54,Female,7,15,0.4666666666666667
2018,Connecticut,45-54,Male,12,32,0.375
2018,Connecticut,55-64,Female,4,12,0.3333333333333333
2018,Connecticut,55-64,Male,7,28,0.25
2018,Connecticut,65+,Female,1,20,0.05
2018,Connecticut,65+,Male,4,25,0.16
2018,Delaware,0-14,Female,0,4,0
2018,Delaware,0-14,Male,0,1,0
2018,Delaware,15–19,Female,1,4,0.25
2018,Delaware,15–19,Male,0,4,0
2018,Delaware,20–24,Female,0,4,0
2018,Delaware,20–24,Male,2,7,0.2857142857142857
2018,Delaware,25–34,Female,2,7,0.2857142857142857
2018,Delaware,25–34,Male,6,16,0.375
2018,Delaware,35–44,Female,1,3,0.3333333333333333
2018,Delaware,35–44,Male,6,12,0.5
2018,Delaware,45-54,Female,0,3,0
2018,Delaware,45-54,Male,5,9,0.5555555555555556
2018,Delaware,55-64,Female,0,4,0
2018,Delaware,55-64,Male,3,11,0.2727272727272727
2018,Delaware,65+,Female,0,9,0
2018,Delaware,65+,Male,0,13,0
2018,District of Columbia,0-14,Female,0,0,NA
2018,District of Columbia,0-14,Male,0,0,NA
2018,District of Columbia,15–19,Female,0,0,NA
2018,District of Columbia,15–19,Male,0,3,0
2018,District of Columbia,20–24,Female,0,0,NA
2018,District of Columbia,20–24,Male,0,5,0
2018,District of Columbia,25–34,Female,0,0,NA
2018,District of Columbia,25–34,Male,2,7,0.2857142857142857
2018,District of Columbia,35–44,Female,0,1,0
2018,District of Columbia,35–44,Male,3,4,0.75
2018,District of Columbia,45-54,Female,1,2,0.5
2018,District of Columbia,45-54,Male,0,1,0
2018,District of Columbia,55-64,Female,0,1,0
2018,District of Columbia,55-64,Male,0,3,0
2018,District of Columbia,65+,Female,0,3,0
2018,District of Columbia,65+,Male,0,1,0
2018,Florida,0-14,Female,0,27,0
2018,Florida,0-14,Male,0,44,0
2018,Florida,15–19,Female,3,53,0.05660377358490566
2018,Florida,15–19,Male,10,130,0.07692307692307693
2018,Florida,20–24,Female,16,84,0.19047619047619047
2018,Florida,20–24,Male,45,260,0.17307692307692307
2018,Florida,25–34,Female,27,127,0.2125984251968504
2018,Florida,25–34,Male,111,449,0.24721603563474387
2018,Florida,35–44,Female,15,97,0.15463917525773196
2018,Florida,35–44,Male,82,284,0.2887323943661972
2018,Florida,45-54,Female,13,99,0.13131313131313133
2018,Florida,45-54,Male,88,331,0.26586102719033233
2018,Florida,55-64,Female,20,100,0.2
2018,Florida,55-64,Male,60,372,0.16129032258064516
2018,Florida,65+,Female,6,240,0.025
2018,Florida,65+,Male,31,404,0.07673267326732673
2018,Georgia,0-14,Female,0,17,0
2018,Georgia,0-14,Male,0,25,0
2018,Georgia,15–19,Female,1,39,0.02564102564102564
2018,Georgia,15–19,Male,3,53,0.05660377358490566
2018,Georgia,20–24,Female,5,33,0.15151515151515152
2018,Georgia,20–24,Male,22,133,0.16541353383458646
2018,Georgia,25–34,Female,13,88,0.14772727272727273
2018,Georgia,25–34,Male,52,197,0.2639593908629442
2018,Georgia,35–44,Female,10,68,0.14705882352941177
2018,Georgia,35–44,Male,20,147,0.1360544217687075
2018,Georgia,45-54,Female,2,53,0.03773584905660377
2018,Georgia,45-54,Male,31,156,0.1987179487179487
2018,Georgia,55-64,Female,7,68,0.10294117647058823
2018,Georgia,55-64,Male,21,169,0.1242603550295858
2018,Georgia,65+,Female,1,90,0.011111111111111112
2018,Georgia,65+,Male,10,167,0.059880239520958084
2018,Hawaii,0-14,Female,0,2,0
2018,Hawaii,0-14,Male,0,0,NA
2018,Hawaii,15–19,Female,2,4,0.5
2018,Hawaii,15–19,Male,0,2,0
2018,Hawaii,20–24,Female,0,1,0
2018,Hawaii,20–24,Male,2,8,0.25
2018,Hawaii,25–34,Female,0,2,0
2018,Hawaii,25–34,Male,4,16,0.25
2018,Hawaii,35–44,Female,1,5,0.2
2018,Hawaii,35–44,Male,6,14,0.42857142857142855
2018,Hawaii,45-54,Female,3,4,0.75
2018,Hawaii,45-54,Male,2,14,0.14285714285714285
2018,Hawaii,55-64,Female,0,2,0
2018,Hawaii,55-64,Male,2,14,0.14285714285714285
2018,Hawaii,65+,Female,0,7,0
2018,Hawaii,65+,Male,3,22,0.13636363636363635
2018,Idaho,0-14,Female,0,3,0
2018,Idaho,0-14,Male,0,2,0
2018,Idaho,15–19,Female,1,5,0.2
2018,Idaho,15–19,Male,0,15,0
2018,Idaho,20–24,Female,3,14,0.21428571428571427
2018,Idaho,20–24,Male,6,27,0.2222222222222222
2018,Idaho,25–34,Female,0,4,0
2018,Idaho,25–34,Male,5,16,0.3125
2018,Idaho,35–44,Female,7,16,0.4375
2018,Idaho,35–44,Male,6,25,0.24
2018,Idaho,45-54,Female,2,11,0.18181818181818182
2018,Idaho,45-54,Male,6,18,0.3333333333333333
2018,Idaho,55-64,Female,1,6,0.16666666666666666
2018,Idaho,55-64,Male,7,29,0.2413793103448276
2018,Idaho,65+,Female,0,14,0
2018,Idaho,65+,Male,0,29,0
2018,Illinois,0-14,Female,0,6,0
2018,Illinois,0-14,Male,0,13,0
2018,Illinois,15–19,Female,2,21,0.09523809523809523
2018,Illinois,15–19,Male,3,29,0.10344827586206896
2018,Illinois,20–24,Female,7,29,0.2413793103448276
2018,Illinois,20–24,Male,32,77,0.4155844155844156
2018,Illinois,25–34,Female,20,49,0.40816326530612246
2018,Illinois,25–34,Male,63,152,0.4144736842105263
2018,Illinois,35–44,Female,8,37,0.21621621621621623
2018,Illinois,35–44,Male,51,127,0.4015748031496063
2018,Illinois,45-54,Female,8,31,0.25806451612903225
2018,Illinois,45-54,Male,38,115,0.33043478260869563
2018,Illinois,55-64,Female,5,45,0.1111111111111111
2018,Illinois,55-64,Male,17,106,0.16037735849056603
2018,Illinois,65+,Female,3,72,0.041666666666666664
2018,Illinois,65+,Male,6,124,0.04838709677419355
2018,Indiana,0-14,Female,0,10,0
2018,Indiana,0-14,Male,0,12,0
2018,Indiana,15–19,Female,0,36,0
2018,Indiana,15–19,Male,3,44,0.06818181818181818
2018,Indiana,20–24,Female,1,21,0.047619047619047616
2018,Indiana,20–24,Male,9,60,0.15
2018,Indiana,25–34,Female,8,42,0.19047619047619047
2018,Indiana,25–34,Male,23,107,0.21495327102803738
2018,Indiana,35–44,Female,1,32,0.03125
2018,Indiana,35–44,Male,16,97,0.16494845360824742
2018,Indiana,45-54,Female,1,26,0.038461538461538464
2018,Indiana,45-54,Male,13,88,0.14772727272727273
2018,Indiana,55-64,Female,3,36,0.08333333333333333
2018,Indiana,55-64,Male,6,94,0.06382978723404255
2018,Indiana,65+,Female,0,53,0
2018,Indiana,65+,Male,2,101,0.019801980198019802
2018,Iowa,0-14,Female,0,4,0
2018,Iowa,0-14,Male,0,3,0
2018,Iowa,15–19,Female,2,13,0.15384615384615385
2018,Iowa,15–19,Male,2,19,0.10526315789473684
2018,Iowa,20–24,Female,4,17,0.23529411764705882
2018,Iowa,20–24,Male,2,23,0.08695652173913043
2018,Iowa,25–34,Female,3,15,0.2
2018,Iowa,25–34,Male,9,39,0.23076923076923078
2018,Iowa,35–44,Female,6,15,0.4
2018,Iowa,35–44,Male,5,20,0.25
2018,Iowa,45-54,Female,0,10,0
2018,Iowa,45-54,Male,8,35,0.22857142857142856
2018,Iowa,55-64,Female,0,11,0
2018,Iowa,55-64,Male,7,35,0.2
2018,Iowa,65+,Female,1,16,0.0625
2018,Iowa,65+,Male,1,43,0.023255813953488372
2018,Kansas,0-14,Female,0,10,0
2018,Kansas,0-14,Male,0,5,0
2018,Kansas,15–19,Female,1,15,0.06666666666666667
2018,Kansas,15–19,Male,1,22,0.045454545454545456
2018,Kansas,20–24,Female,0,13,0
2018,Kansas,20–24,Male,3,24,0.125
2018,Kansas,25–34,Female,2,18,0.1111111111111111
2018,Kansas,25–34,Male,4,43,0.09302325581395349
2018,Kansas,35–44,Female,3,22,0.13636363636363635
2018,Kansas,35–44,Male,5,43,0.11627906976744186
2018,Kansas,45-54,Female,1,14,0.07142857142857142
2018,Kansas,45-54,Male,3,40,0.075
2018,Kansas,55-64,Female,0,20,0
2018,Kansas,55-64,Male,1,43,0.023255813953488372
2018,Kansas,65+,Female,0,23,0
2018,Kansas,65+,Male,2,50,0.04
2018,Kentucky,0-14,Female,0,7,0
2018,Kentucky,0-14,Male,0,12,0
2018,Kentucky,15–19,Female,0,17,0
2018,Kentucky,15–19,Male,2,26,0.07692307692307693
2018,Kentucky,20–24,Female,1,22,0.045454545454545456
2018,Kentucky,20–24,Male,13,44,0.29545454545454547
2018,Kentucky,25–34,Female,2,32,0.0625
2018,Kentucky,25–34,Male,19,78,0.24358974358974358
2018,Kentucky,35–44,Female,2,31,0.06451612903225806
2018,Kentucky,35–44,Male,19,77,0.24675324675324675
2018,Kentucky,45-54,Female,3,25,0.12
2018,Kentucky,45-54,Male,13,92,0.14130434782608695
2018,Kentucky,55-64,Female,2,32,0.0625
2018,Kentucky,55-64,Male,16,88,0.18181818181818182
2018,Kentucky,65+,Female,0,47,0
2018,Kentucky,65+,Male,7,94,0.07446808510638298
2018,Louisiana,0-14,Female,0,12,0
2018,Louisiana,0-14,Male,0,10,0
2018,Louisiana,15–19,Female,2,23,0.08695652173913043
2018,Louisiana,15–19,Male,4,29,0.13793103448275862
2018,Louisiana,20–24,Female,2,18,0.1111111111111111
2018,Louisiana,20–24,Male,21,66,0.3181818181818182
2018,Louisiana,25–34,Female,7,35,0.2
2018,Louisiana,25–34,Male,46,125,0.368
2018,Louisiana,35–44,Female,6,25,0.24
2018,Louisiana,35–44,Male,25,82,0.3048780487804878
2018,Louisiana,45-54,Female,11,28,0.39285714285714285
2018,Louisiana,45-54,Male,34,92,0.3695652173913043
2018,Louisiana,55-64,Female,4,32,0.125
2018,Louisiana,55-64,Male,18,75,0.24
2018,Louisiana,65+,Female,1,34,0.029411764705882353
2018,Louisiana,65+,Male,7,80,0.0875
2018,Maine,0-14,Female,0,0,NA
2018,Maine,0-14,Male,0,2,0
2018,Maine,15–19,Female,0,3,0
2018,Maine,15–19,Male,1,5,0.2
2018,Maine,20–24,Female,1,2,0.5
2018,Maine,20–24,Male,5,11,0.45454545454545453
2018,Maine,25–34,Female,0,5,0
2018,Maine,25–34,Male,6,21,0.2857142857142857
2018,Maine,35–44,Female,0,4,0
2018,Maine,35–44,Male,3,12,0.25
2018,Maine,45-54,Female,2,6,0.3333333333333333
2018,Maine,45-54,Male,1,8,0.125
2018,Maine,55-64,Female,1,7,0.14285714285714285
2018,Maine,55-64,Male,5,17,0.29411764705882354
2018,Maine,65+,Female,0,14,0
2018,Maine,65+,Male,2,19,0.10526315789473684
2018,Maryland,0-14,Female,0,7,0
2018,Maryland,0-14,Male,0,10,0
2018,Maryland,15–19,Female,0,8,0
2018,Maryland,15–19,Male,1,21,0.047619047619047616
2018,Maryland,20–24,Female,6,18,0.3333333333333333
2018,Maryland,20–24,Male,9,47,0.19148936170212766
2018,Maryland,25–34,Female,8,23,0.34782608695652173
2018,Maryland,25–34,Male,28,73,0.3835616438356164
2018,Maryland,35–44,Female,8,22,0.36363636363636365
2018,Maryland,35–44,Male,13,44,0.29545454545454547
2018,Maryland,45-54,Female,1,18,0.05555555555555555
2018,Maryland,45-54,Male,16,60,0.26666666666666666
2018,Maryland,55-64,Female,2,18,0.1111111111111111
2018,Maryland,55-64,Male,10,55,0.18181818181818182
2018,Maryland,65+,Female,1,28,0.03571428571428571
2018,Maryland,65+,Male,4,59,0.06779661016949153
2018,Massachusetts,0-14,Female,0,3,0
2018,Massachusetts,0-14,Male,0,4,0
2018,Massachusetts,15–19,Female,2,10,0.2
2018,Massachusetts,15–19,Male,1,9,0.1111111111111111
2018,Massachusetts,20–24,Female,6,13,0.46153846153846156
2018,Massachusetts,20–24,Male,8,25,0.32
2018,Massachusetts,25–34,Female,4,13,0.3076923076923077
2018,Massachusetts,25–34,Male,25,52,0.4807692307692308
2018,Massachusetts,35–44,Female,6,14,0.42857142857142855
2018,Massachusetts,35–44,Male,9,28,0.32142857142857145
2018,Massachusetts,45-54,Female,3,8,0.375
2018,Massachusetts,45-54,Male,12,33,0.36363636363636365
2018,Massachusetts,55-64,Female,6,19,0.3157894736842105
2018,Massachusetts,55-64,Male,8,35,0.22857142857142856
2018,Massachusetts,65+,Female,1,25,0.04
2018,Massachusetts,65+,Male,3,64,0.046875
2018,Michigan,0-14,Female,0,13,0
2018,Michigan,0-14,Male,0,18,0
2018,Michigan,15–19,Female,0,22,0
2018,Michigan,15–19,Male,5,31,0.16129032258064516
2018,Michigan,20–24,Female,5,33,0.15151515151515152
2018,Michigan,20–24,Male,23,81,0.2839506172839506
2018,Michigan,25–34,Female,8,52,0.15384615384615385
2018,Michigan,25–34,Male,37,125,0.296
2018,Michigan,35–44,Female,4,41,0.0975609756097561
2018,Michigan,35–44,Male,24,83,0.2891566265060241
2018,Michigan,45-54,Female,3,38,0.07894736842105263
2018,Michigan,45-54,Male,26,96,0.2708333333333333
2018,Michigan,55-64,Female,2,42,0.047619047619047616
2018,Michigan,55-64,Male,13,97,0.13402061855670103
2018,Michigan,65+,Female,2,78,0.02564102564102564
2018,Michigan,65+,Male,4,127,0.031496062992125984
2018,Minnesota,0-14,Female,0,5,0
2018,Minnesota,0-14,Male,0,9,0
2018,Minnesota,15–19,Female,0,14,0
2018,Minnesota,15–19,Male,2,14,0.14285714285714285
2018,Minnesota,20–24,Female,4,11,0.36363636363636365
2018,Minnesota,20–24,Male,13,28,0.4642857142857143
2018,Minnesota,25–34,Female,2,18,0.1111111111111111
2018,Minnesota,25–34,Male,12,42,0.2857142857142857
2018,Minnesota,35–44,Female,2,10,0.2
2018,Minnesota,35–44,Male,10,29,0.3448275862068966
2018,Minnesota,45-54,Female,4,16,0.25
2018,Minnesota,45-54,Male,14,39,0.358974358974359
2018,Minnesota,55-64,Female,1,13,0.07692307692307693
2018,Minnesota,55-64,Male,21,60,0.35
2018,Minnesota,65+,Female,5,32,0.15625
2018,Minnesota,65+,Male,5,41,0.12195121951219512
2018,Mississippi,0-14,Female,0,9,0
2018,Mississippi,0-14,Male,0,15,0
2018,Mississippi,15–19,Female,1,23,0.043478260869565216
2018,Mississippi,15–19,Male,2,30,0.06666666666666667
2018,Mississippi,20–24,Female,2,21,0.09523809523809523
2018,Mississippi,20–24,Male,5,36,0.1388888888888889
2018,Mississippi,25–34,Female,5,38,0.13157894736842105
2018,Mississippi,25–34,Male,17,83,0.20481927710843373
2018,Mississippi,35–44,Female,6,30,0.2
2018,Mississippi,35–44,Male,9,55,0.16363636363636364
2018,Mississippi,45-54,Female,2,34,0.058823529411764705
2018,Mississippi,45-54,Male,19,83,0.2289156626506024
2018,Mississippi,55-64,Female,2,28,0.07142857142857142
2018,Mississippi,55-64,Male,13,67,0.19402985074626866
2018,Mississippi,65+,Female,0,40,0
2018,Mississippi,65+,Male,5,70,0.07142857142857142
2018,Missouri,0-14,Female,1,10,0.1
2018,Missouri,0-14,Male,0,6,0
2018,Missouri,15–19,Female,2,23,0.08695652173913043
2018,Missouri,15–19,Male,3,53,0.05660377358490566
2018,Missouri,20–24,Female,5,29,0.1724137931034483
2018,Missouri,20–24,Male,27,76,0.35526315789473684
2018,Missouri,25–34,Female,14,59,0.23728813559322035
2018,Missouri,25–34,Male,33,106,0.3113207547169811
2018,Missouri,35–44,Female,7,39,0.1794871794871795
2018,Missouri,35–44,Male,23,78,0.2948717948717949
2018,Missouri,45-54,Female,4,37,0.10810810810810811
2018,Missouri,45-54,Male,28,96,0.2916666666666667
2018,Missouri,55-64,Female,4,40,0.1
2018,Missouri,55-64,Male,22,96,0.22916666666666666
2018,Missouri,65+,Female,0,53,0
2018,Missouri,65+,Male,13,119,0.1092436974789916
2018,Montana,0-14,Female,1,6,0.16666666666666666
2018,Montana,0-14,Male,0,3,0
2018,Montana,15–19,Female,2,7,0.2857142857142857
2018,Montana,15–19,Male,0,5,0
2018,Montana,20–24,Female,4,7,0.5714285714285714
2018,Montana,20–24,Male,10,18,0.5555555555555556
2018,Montana,25–34,Female,6,13,0.46153846153846156
2018,Montana,25–34,Male,9,22,0.4090909090909091
2018,Montana,35–44,Female,4,10,0.4
2018,Montana,35–44,Male,6,14,0.42857142857142855
2018,Montana,45-54,Female,2,7,0.2857142857142857
2018,Montana,45-54,Male,9,18,0.5
2018,Montana,55-64,Female,0,7,0
2018,Montana,55-64,Male,8,15,0.5333333333333333
2018,Montana,65+,Female,0,7,0
2018,Montana,65+,Male,4,22,0.18181818181818182
2018,Nebraska,0-14,Female,0,1,0
2018,Nebraska,0-14,Male,0,8,0
2018,Nebraska,15–19,Female,2,10,0.2
2018,Nebraska,15–19,Male,1,14,0.07142857142857142
2018,Nebraska,20–24,Female,2,5,0.4
2018,Nebraska,20–24,Male,1,23,0.043478260869565216
2018,Nebraska,25–34,Female,2,13,0.15384615384615385
2018,Nebraska,25–34,Male,9,33,0.2727272727272727
2018,Nebraska,35–44,Female,4,11,0.36363636363636365
2018,Nebraska,35–44,Male,8,20,0.4
2018,Nebraska,45-54,Female,1,8,0.125
2018,Nebraska,45-54,Male,4,19,0.21052631578947367
2018,Nebraska,55-64,Female,0,8,0
2018,Nebraska,55-64,Male,5,19,0.2631578947368421
2018,Nebraska,65+,Female,0,16,0
2018,Nebraska,65+,Male,1,22,0.045454545454545456
2018,Nevada,0-14,Female,0,1,0
2018,Nevada,0-14,Male,0,6,0
2018,Nevada,15–19,Female,0,11,0
2018,Nevada,15–19,Male,1,12,0.08333333333333333
2018,Nevada,20–24,Female,2,6,0.3333333333333333
2018,Nevada,20–24,Male,11,24,0.4583333333333333
2018,Nevada,25–34,Female,3,16,0.1875
2018,Nevada,25–34,Male,8,27,0.2962962962962963
2018,Nevada,35–44,Female,4,15,0.26666666666666666
2018,Nevada,35–44,Male,9,33,0.2727272727272727
2018,Nevada,45-54,Female,2,9,0.2222222222222222
2018,Nevada,45-54,Male,9,37,0.24324324324324326
2018,Nevada,55-64,Female,1,14,0.07142857142857142
2018,Nevada,55-64,Male,6,47,0.1276595744680851
2018,Nevada,65+,Female,0,27,0
2018,Nevada,65+,Male,3,40,0.075
2018,New Hampshire,0-14,Female,0,1,0
2018,New Hampshire,0-14,Male,0,2,0
2018,New Hampshire,15–19,Female,0,3,0
2018,New Hampshire,15–19,Male,1,7,0.14285714285714285
2018,New Hampshire,20–24,Female,2,4,0.5
2018,New Hampshire,20–24,Male,5,8,0.625
2018,New Hampshire,25–34,Female,2,6,0.3333333333333333
2018,New Hampshire,25–34,Male,6,13,0.46153846153846156
2018,New Hampshire,35–44,Female,2,3,0.6666666666666666
2018,New Hampshire,35–44,Male,7,19,0.3684210526315789
2018,New Hampshire,45-54,Female,0,2,0
2018,New Hampshire,45-54,Male,9,17,0.5294117647058824
2018,New Hampshire,55-64,Female,1,8,0.125
2018,New Hampshire,55-64,Male,1,26,0.038461538461538464
2018,New Hampshire,65+,Female,0,13,0
2018,New Hampshire,65+,Male,0,15,0
2018,New Jersey,0-14,Female,0,5,0
2018,New Jersey,0-14,Male,0,7,0
2018,New Jersey,15–19,Female,4,8,0.5
2018,New Jersey,15–19,Male,3,14,0.21428571428571427
2018,New Jersey,20–24,Female,7,16,0.4375
2018,New Jersey,20–24,Male,14,47,0.2978723404255319
2018,New Jersey,25–34,Female,7,21,0.3333333333333333
2018,New Jersey,25–34,Male,21,63,0.3333333333333333
2018,New Jersey,35–44,Female,5,16,0.3125
2018,New Jersey,35–44,Male,18,55,0.32727272727272727
2018,New Jersey,45-54,Female,3,20,0.15
2018,New Jersey,45-54,Male,23,64,0.359375
2018,New Jersey,55-64,Female,6,31,0.1935483870967742
2018,New Jersey,55-64,Male,12,48,0.25
2018,New Jersey,65+,Female,0,61,0
2018,New Jersey,65+,Male,2,87,0.022988505747126436
2018,New Mexico,0-14,Female,0,6,0
2018,New Mexico,0-14,Male,0,10,0
2018,New Mexico,15–19,Female,1,6,0.16666666666666666
2018,New Mexico,15–19,Male,3,13,0.23076923076923078
2018,New Mexico,20–24,Female,2,6,0.3333333333333333
2018,New Mexico,20–24,Male,8,37,0.21621621621621623
2018,New Mexico,25–34,Female,7,20,0.35
2018,New Mexico,25–34,Male,21,61,0.3442622950819672
2018,New Mexico,35–44,Female,6,16,0.375
2018,New Mexico,35–44,Male,17,51,0.3333333333333333
2018,New Mexico,45-54,Female,2,14,0.14285714285714285
2018,New Mexico,45-54,Male,15,41,0.36585365853658536
2018,New Mexico,55-64,Female,2,15,0.13333333333333333
2018,New Mexico,55-64,Male,15,34,0.4411764705882353
2018,New Mexico,65+,Female,0,19,0
2018,New Mexico,65+,Male,2,43,0.046511627906976744
2018,New York,0-14,Female,0,5,0
2018,New York,0-14,Male,0,16,0
2018,New York,15–19,Female,0,13,0
2018,New York,15–19,Male,4,33,0.12121212121212122
2018,New York,20–24,Female,5,24,0.20833333333333334
2018,New York,20–24,Male,30,74,0.40540540540540543
2018,New York,25–34,Female,3,27,0.1111111111111111
2018,New York,25–34,Male,48,140,0.34285714285714286
2018,New York,35–44,Female,3,27,0.1111111111111111
2018,New York,35–44,Male,32,85,0.3764705882352941
2018,New York,45-54,Female,7,21,0.3333333333333333
2018,New York,45-54,Male,32,112,0.2857142857142857
2018,New York,55-64,Female,7,37,0.1891891891891892
2018,New York,55-64,Male,23,99,0.23232323232323232
2018,New York,65+,Female,2,109,0.01834862385321101
2018,New York,65+,Male,11,141,0.07801418439716312
2018,North Carolina,0-14,Female,0,21,0
2018,North Carolina,0-14,Male,0,22,0
2018,North Carolina,15–19,Female,3,21,0.14285714285714285
2018,North Carolina,15–19,Male,9,59,0.15254237288135594
2018,North Carolina,20–24,Female,7,38,0.18421052631578946
2018,North Carolina,20–24,Male,27,121,0.2231404958677686
2018,North Carolina,25–34,Female,6,73,0.0821917808219178
2018,North Carolina,25–34,Male,49,189,0.25925925925925924
2018,North Carolina,35–44,Female,10,60,0.16666666666666666
2018,North Carolina,35–44,Male,43,153,0.28104575163398693
2018,North Carolina,45-54,Female,9,49,0.1836734693877551
2018,North Carolina,45-54,Male,35,141,0.24822695035460993
2018,North Carolina,55-64,Female,1,52,0.019230769230769232
2018,North Carolina,55-64,Male,32,161,0.19875776397515527
2018,North Carolina,65+,Female,1,95,0.010526315789473684
2018,North Carolina,65+,Male,12,180,0.06666666666666667
2018,North Dakota,0-14,Female,0,1,0
2018,North Dakota,0-14,Male,0,2,0
2018,North Dakota,15–19,Female,0,1,0
2018,North Dakota,15–19,Male,0,1,0
2018,North Dakota,20–24,Female,0,3,0
2018,North Dakota,20–24,Male,6,14,0.42857142857142855
2018,North Dakota,25–34,Female,3,7,0.42857142857142855
2018,North Dakota,25–34,Male,6,12,0.5
2018,North Dakota,35–44,Female,1,2,0.5
2018,North Dakota,35–44,Male,3,8,0.375
2018,North Dakota,45-54,Female,1,4,0.25
2018,North Dakota,45-54,Male,2,8,0.25
2018,North Dakota,55-64,Female,1,5,0.2
2018,North Dakota,55-64,Male,2,15,0.13333333333333333
2018,North Dakota,65+,Female,0,6,0
2018,North Dakota,65+,Male,2,16,0.125
2018,Ohio,0-14,Female,0,11,0
2018,Ohio,0-14,Male,0,21,0
2018,Ohio,15–19,Female,2,35,0.05714285714285714
2018,Ohio,15–19,Male,3,42,0.07142857142857142
2018,Ohio,20–24,Female,4,42,0.09523809523809523
2018,Ohio,20–24,Male,23,67,0.34328358208955223
2018,Ohio,25–34,Female,15,47,0.3191489361702128
2018,Ohio,25–34,Male,52,122,0.4262295081967213
2018,Ohio,35–44,Female,6,38,0.15789473684210525
2018,Ohio,35–44,Male,39,125,0.312
2018,Ohio,45-54,Female,6,37,0.16216216216216217
2018,Ohio,45-54,Male,41,122,0.3360655737704918
2018,Ohio,55-64,Female,5,49,0.10204081632653061
2018,Ohio,55-64,Male,32,111,0.2882882882882883
2018,Ohio,65+,Female,0,73,0
2018,Ohio,65+,Male,6,126,0.047619047619047616
2018,Oklahoma,0-14,Female,0,9,0
2018,Oklahoma,0-14,Male,0,8,0
2018,Oklahoma,15–19,Female,0,21,0
2018,Oklahoma,15–19,Male,3,21,0.14285714285714285
2018,Oklahoma,20–24,Female,3,18,0.16666666666666666
2018,Oklahoma,20–24,Male,10,38,0.2631578947368421
2018,Oklahoma,25–34,Female,7,28,0.25
2018,Oklahoma,25–34,Male,21,73,0.2876712328767123
2018,Oklahoma,35–44,Female,8,28,0.2857142857142857
2018,Oklahoma,35–44,Male,18,60,0.3
2018,Oklahoma,45-54,Female,4,23,0.17391304347826086
2018,Oklahoma,45-54,Male,18,86,0.20930232558139536
2018,Oklahoma,55-64,Female,2,29,0.06896551724137931
2018,Oklahoma,55-64,Male,15,67,0.22388059701492538
2018,Oklahoma,65+,Female,2,60,0.03333333333333333
2018,Oklahoma,65+,Male,2,86,0.023255813953488372
2018,Oregon,0-14,Female,0,8,0
2018,Oregon,0-14,Male,0,8,0
2018,Oregon,15–19,Female,2,7,0.2857142857142857
2018,Oregon,15–19,Male,2,15,0.13333333333333333
2018,Oregon,20–24,Female,1,12,0.08333333333333333
2018,Oregon,20–24,Male,10,30,0.3333333333333333
2018,Oregon,25–34,Female,7,21,0.3333333333333333
2018,Oregon,25–34,Male,23,70,0.32857142857142857
2018,Oregon,35–44,Female,4,13,0.3076923076923077
2018,Oregon,35–44,Male,22,57,0.38596491228070173
2018,Oregon,45-54,Female,2,21,0.09523809523809523
2018,Oregon,45-54,Male,10,39,0.2564102564102564
2018,Oregon,55-64,Female,2,28,0.07142857142857142
2018,Oregon,55-64,Male,12,52,0.23076923076923078
2018,Oregon,65+,Female,3,44,0.06818181818181818
2018,Oregon,65+,Male,5,77,0.06493506493506493
2018,Pennsylvania,0-14,Female,0,6,0
2018,Pennsylvania,0-14,Male,0,18,0
2018,Pennsylvania,15–19,Female,2,16,0.125
2018,Pennsylvania,15–19,Male,8,40,0.2
2018,Pennsylvania,20–24,Female,5,26,0.19230769230769232
2018,Pennsylvania,20–24,Male,18,82,0.21951219512195122
2018,Pennsylvania,25–34,Female,4,47,0.0851063829787234
2018,Pennsylvania,25–34,Male,41,174,0.23563218390804597
2018,Pennsylvania,35–44,Female,5,35,0.14285714285714285
2018,Pennsylvania,35–44,Male,29,104,0.27884615384615385
2018,Pennsylvania,45-54,Female,3,42,0.07142857142857142
2018,Pennsylvania,45-54,Male,32,119,0.2689075630252101
2018,Pennsylvania,55-64,Female,4,56,0.07142857142857142
2018,Pennsylvania,55-64,Male,20,134,0.14925373134328357
2018,Pennsylvania,65+,Female,2,102,0.0196078431372549
2018,Pennsylvania,65+,Male,11,187,0.058823529411764705
2018,Puerto Rico,0-14,Female,0,3,0
2018,Puerto Rico,0-14,Male,0,4,0
2018,Puerto Rico,15–19,Female,0,5,0
2018,Puerto Rico,15–19,Male,3,13,0.23076923076923078
2018,Puerto Rico,20–24,Female,3,7,0.42857142857142855
2018,Puerto Rico,20–24,Male,8,26,0.3076923076923077
2018,Puerto Rico,25–34,Female,2,6,0.3333333333333333
2018,Puerto Rico,25–34,Male,18,44,0.4090909090909091
2018,Puerto Rico,35–44,Female,2,7,0.2857142857142857
2018,Puerto Rico,35–44,Male,13,25,0.52
2018,Puerto Rico,45-54,Female,1,7,0.14285714285714285
2018,Puerto Rico,45-54,Male,16,38,0.42105263157894735
2018,Puerto Rico,55-64,Female,2,5,0.4
2018,Puerto Rico,55-64,Male,26,39,0.6666666666666666
2018,Puerto Rico,65+,Female,1,13,0.07692307692307693
2018,Puerto Rico,65+,Male,13,42,0.30952380952380953
2018,Rhode Island,0-14,Female,0,1,0
2018,Rhode Island,0-14,Male,0,2,0
2018,Rhode Island,15–19,Female,0,1,0
2018,Rhode Island,15–19,Male,0,1,0
2018,Rhode Island,20–24,Female,1,1,1
2018,Rhode Island,20–24,Male,4,8,0.5
2018,Rhode Island,25–34,Female,1,1,1
2018,Rhode Island,25–34,Male,2,13,0.15384615384615385
2018,Rhode Island,35–44,Female,1,1,1
2018,Rhode Island,35–44,Male,2,5,0.4
2018,Rhode Island,45-54,Female,2,4,0.5
2018,Rhode Island,45-54,Male,3,4,0.75
2018,Rhode Island,55-64,Female,1,2,0.5
2018,Rhode Island,55-64,Male,0,3,0
2018,Rhode Island,65+,Female,0,6,0
2018,Rhode Island,65+,Male,1,6,0.16666666666666666
2018,South Carolina,0-14,Female,0,17,0
2018,South Carolina,0-14,Male,0,14,0
2018,South Carolina,15–19,Female,0,20,0
2018,South Carolina,15–19,Male,6,43,0.13953488372093023
2018,South Carolina,20–24,Female,6,28,0.21428571428571427
2018,South Carolina,20–24,Male,16,82,0.1951219512195122
2018,South Carolina,25–34,Female,17,59,0.288135593220339
2018,South Carolina,25–34,Male,48,148,0.32432432432432434
2018,South Carolina,35–44,Female,10,46,0.21739130434782608
2018,South Carolina,35–44,Male,38,112,0.3392857142857143
2018,South Carolina,45-54,Female,9,32,0.28125
2018,South Carolina,45-54,Male,44,107,0.411214953271028
2018,South Carolina,55-64,Female,4,39,0.10256410256410256
2018,South Carolina,55-64,Male,25,103,0.24271844660194175
2018,South Carolina,65+,Female,3,71,0.04225352112676056
2018,South Carolina,65+,Male,14,115,0.12173913043478261
2018,South Dakota,0-14,Female,0,3,0
2018,South Dakota,0-14,Male,0,4,0
2018,South Dakota,15–19,Female,0,1,0
2018,South Dakota,15–19,Male,5,13,0.38461538461538464
2018,South Dakota,20–24,Female,0,5,0
2018,South Dakota,20–24,Male,4,7,0.5714285714285714
2018,South Dakota,25–34,Female,2,5,0.4
2018,South Dakota,25–34,Male,6,17,0.35294117647058826
2018,South Dakota,35–44,Female,1,4,0.25
2018,South Dakota,35–44,Male,6,12,0.5
2018,South Dakota,45-54,Female,2,5,0.4
2018,South Dakota,45-54,Male,3,9,0.3333333333333333
2018,South Dakota,55-64,Female,1,1,1
2018,South Dakota,55-64,Male,6,13,0.46153846153846156
2018,South Dakota,65+,Female,0,11,0
2018,South Dakota,65+,Male,1,20,0.05
2018,Tennessee,0-14,Female,0,15,0
2018,Tennessee,0-14,Male,0,11,0
2018,Tennessee,15–19,Female,0,22,0
2018,Tennessee,15–19,Male,3,45,0.06666666666666667
2018,Tennessee,20–24,Female,3,29,0.10344827586206896
2018,Tennessee,20–24,Male,13,68,0.19117647058823528
2018,Tennessee,25–34,Female,9,55,0.16363636363636364
2018,Tennessee,25–34,Male,30,138,0.21739130434782608
2018,Tennessee,35–44,Female,7,52,0.1346153846153846
2018,Tennessee,35–44,Male,14,83,0.1686746987951807
2018,Tennessee,45-54,Female,4,57,0.07017543859649122
2018,Tennessee,45-54,Male,23,114,0.20175438596491227
2018,Tennessee,55-64,Female,2,35,0.05714285714285714
2018,Tennessee,55-64,Male,26,119,0.2184873949579832
2018,Tennessee,65+,Female,3,76,0.039473684210526314
2018,Tennessee,65+,Male,5,120,0.041666666666666664
2018,Texas,0-14,Female,0,79,0
2018,Texas,0-14,Male,0,63,0
2018,Texas,15–19,Female,5,85,0.058823529411764705
2018,Texas,15–19,Male,10,158,0.06329113924050633
2018,Texas,20–24,Female,21,94,0.22340425531914893
2018,Texas,20–24,Male,79,318,0.24842767295597484
2018,Texas,25–34,Female,26,164,0.15853658536585366
2018,Texas,25–34,Male,150,581,0.25817555938037867
2018,Texas,35–44,Female,22,122,0.18032786885245902
2018,Texas,35–44,Male,104,421,0.24703087885985747
2018,Texas,45-54,Female,19,151,0.12582781456953643
2018,Texas,45-54,Male,92,390,0.2358974358974359
2018,Texas,55-64,Female,6,121,0.049586776859504134
2018,Texas,55-64,Male,63,329,0.19148936170212766
2018,Texas,65+,Female,0,186,0
2018,Texas,65+,Male,29,373,0.0777479892761394
2018,Utah,0-14,Female,1,7,0.14285714285714285
2018,Utah,0-14,Male,0,7,0
2018,Utah,15–19,Female,2,9,0.2222222222222222
2018,Utah,15–19,Male,0,11,0
2018,Utah,20–24,Female,3,10,0.3
2018,Utah,20–24,Male,8,25,0.32
2018,Utah,25–34,Female,2,10,0.2
2018,Utah,25–34,Male,10,37,0.2702702702702703
2018,Utah,35–44,Female,1,11,0.09090909090909091
2018,Utah,35–44,Male,9,25,0.36
2018,Utah,45-54,Female,1,12,0.08333333333333333
2018,Utah,45-54,Male,6,23,0.2608695652173913
2018,Utah,55-64,Female,3,8,0.375
2018,Utah,55-64,Male,4,19,0.21052631578947367
2018,Utah,65+,Female,0,13,0
2018,Utah,65+,Male,1,32,0.03125
2018,Vermont,0-14,Female,0,0,NA
2018,Vermont,0-14,Male,0,1,0
2018,Vermont,15–19,Female,0,3,0
2018,Vermont,15–19,Male,0,5,0
2018,Vermont,20–24,Female,0,0,NA
2018,Vermont,20–24,Male,1,6,0.16666666666666666
2018,Vermont,25–34,Female,2,5,0.4
2018,Vermont,25–34,Male,2,5,0.4
2018,Vermont,35–44,Female,0,2,0
2018,Vermont,35–44,Male,3,7,0.42857142857142855
2018,Vermont,45-54,Female,1,4,0.25
2018,Vermont,45-54,Male,2,5,0.4
2018,Vermont,55-64,Female,0,2,0
2018,Vermont,55-64,Male,1,9,0.1111111111111111
2018,Vermont,65+,Female,1,7,0.14285714285714285
2018,Vermont,65+,Male,0,7,0
2018,Virginia,0-14,Female,0,7,0
2018,Virginia,0-14,Male,0,11,0
2018,Virginia,15–19,Female,1,18,0.05555555555555555
2018,Virginia,15–19,Male,5,33,0.15151515151515152
2018,Virginia,20–24,Female,5,18,0.2777777777777778
2018,Virginia,20–24,Male,18,65,0.27692307692307694
2018,Virginia,25–34,Female,15,42,0.35714285714285715
2018,Virginia,25–34,Male,46,119,0.3865546218487395
2018,Virginia,35–44,Female,10,28,0.35714285714285715
2018,Virginia,35–44,Male,23,75,0.30666666666666664
2018,Virginia,45-54,Female,4,28,0.14285714285714285
2018,Virginia,45-54,Male,32,94,0.3404255319148936
2018,Virginia,55-64,Female,4,24,0.16666666666666666
2018,Virginia,55-64,Male,18,87,0.20689655172413793
2018,Virginia,65+,Female,3,61,0.04918032786885246
2018,Virginia,65+,Male,5,106,0.04716981132075472
2018,Washington,0-14,Female,0,7,0
2018,Washington,0-14,Male,0,6,0
2018,Washington,15–19,Female,2,10,0.2
2018,Washington,15–19,Male,3,25,0.12
2018,Washington,20–24,Female,3,15,0.2
2018,Washington,20–24,Male,14,40,0.35
2018,Washington,25–34,Female,10,33,0.30303030303030304
2018,Washington,25–34,Male,42,93,0.45161290322580644
2018,Washington,35–44,Female,5,16,0.3125
2018,Washington,35–44,Male,12,52,0.23076923076923078
2018,Washington,45-54,Female,2,19,0.10526315789473684
2018,Washington,45-54,Male,14,54,0.25925925925925924
2018,Washington,55-64,Female,4,24,0.16666666666666666
2018,Washington,55-64,Male,12,51,0.23529411764705882
2018,Washington,65+,Female,3,37,0.08108108108108109
2018,Washington,65+,Male,4,55,0.07272727272727272
2018,West Virginia,0-14,Female,0,5,0
2018,West Virginia,0-14,Male,0,4,0
2018,West Virginia,15–19,Female,0,6,0
2018,West Virginia,15–19,Male,2,10,0.2
2018,West Virginia,20–24,Female,1,10,0.1
2018,West Virginia,20–24,Male,3,16,0.1875
2018,West Virginia,25–34,Female,2,9,0.2222222222222222
2018,West Virginia,25–34,Male,10,38,0.2631578947368421
2018,West Virginia,35–44,Female,0,8,0
2018,West Virginia,35–44,Male,5,31,0.16129032258064516
2018,West Virginia,45-54,Female,1,10,0.1
2018,West Virginia,45-54,Male,7,32,0.21875
2018,West Virginia,55-64,Female,1,8,0.125
2018,West Virginia,55-64,Male,7,28,0.25
2018,West Virginia,65+,Female,0,30,0
2018,West Virginia,65+,Male,4,49,0.08163265306122448
2018,Wisconsin,0-14,Female,0,8,0
2018,Wisconsin,0-14,Male,0,5,0
2018,Wisconsin,15–19,Female,2,11,0.18181818181818182
2018,Wisconsin,15–19,Male,3,20,0.15
2018,Wisconsin,20–24,Female,6,16,0.375
2018,Wisconsin,20–24,Male,29,61,0.47540983606557374
2018,Wisconsin,25–34,Female,4,20,0.2
2018,Wisconsin,25–34,Male,42,80,0.525
2018,Wisconsin,35–44,Female,3,13,0.23076923076923078
2018,Wisconsin,35–44,Male,19,46,0.41304347826086957
2018,Wisconsin,45-54,Female,8,30,0.26666666666666666
2018,Wisconsin,45-54,Male,23,51,0.45098039215686275
2018,Wisconsin,55-64,Female,4,21,0.19047619047619047
2018,Wisconsin,55-64,Male,22,87,0.25287356321839083
2018,Wisconsin,65+,Female,2,42,0.047619047619047616
2018,Wisconsin,65+,Male,7,78,0.08974358974358974
2018,Wyoming,0-14,Female,0,2,0
2018,Wyoming,0-14,Male,0,2,0
2018,Wyoming,15–19,Female,0,6,0
2018,Wyoming,15–19,Male,2,4,0.5
2018,Wyoming,20–24,Female,0,1,0
2018,Wyoming,20–24,Male,4,12,0.3333333333333333
2018,Wyoming,25–34,Female,2,6,0.3333333333333333
2018,Wyoming,25–34,Male,4,18,0.2222222222222222
2018,Wyoming,35–44,Female,2,3,0.6666666666666666
2018,Wyoming,35–44,Male,4,10,0.4
2018,Wyoming,45-54,Female,0,6,0
2018,Wyoming,45-54,Male,2,10,0.2
2018,Wyoming,55-64,Female,0,3,0
2018,Wyoming,55-64,Male,4,12,0.3333333333333333
2018,Wyoming,65+,Female,0,4,0
2018,Wyoming,65+,Male,1,12,0.08333333333333333
2019,Alabama,0-14,Female,0,10,0
2019,Alabama,0-14,Male,0,11,0
2019,Alabama,15–19,Female,1,20,0.05
2019,Alabama,15–19,Male,7,50,0.14
2019,Alabama,20–24,Female,4,30,0.13333333333333333
2019,Alabama,20–24,Male,17,54,0.3148148148148148
2019,Alabama,25–34,Female,4,50,0.08
2019,Alabama,25–34,Male,41,126,0.3253968253968254
2019,Alabama,35–44,Female,6,38,0.15789473684210525
2019,Alabama,35–44,Male,29,119,0.24369747899159663
2019,Alabama,45-54,Female,3,31,0.0967741935483871
2019,Alabama,45-54,Male,22,109,0.2018348623853211
2019,Alabama,55-64,Female,0,24,0
2019,Alabama,55-64,Male,23,109,0.21100917431192662
2019,Alabama,65+,Female,1,53,0.018867924528301886
2019,Alabama,65+,Male,8,96,0.08333333333333333
2019,Alaska,0-14,Female,0,1,0
2019,Alaska,0-14,Male,0,0,NA
2019,Alaska,15–19,Female,1,3,0.3333333333333333
2019,Alaska,15–19,Male,2,5,0.4
2019,Alaska,20–24,Female,2,4,0.5
2019,Alaska,20–24,Male,0,3,0
2019,Alaska,25–34,Female,1,3,0.3333333333333333
2019,Alaska,25–34,Male,2,11,0.18181818181818182
2019,Alaska,35–44,Female,0,2,0
2019,Alaska,35–44,Male,4,8,0.5
2019,Alaska,45-54,Female,2,3,0.6666666666666666
2019,Alaska,45-54,Male,3,7,0.42857142857142855
2019,Alaska,55-64,Female,1,2,0.5
2019,Alaska,55-64,Male,1,5,0.2
2019,Alaska,65+,Female,0,5,0
2019,Alaska,65+,Male,2,5,0.4
2019,Arizona,0-14,Female,0,12,0
2019,Arizona,0-14,Male,0,19,0
2019,Arizona,15–19,Female,1,28,0.03571428571428571
2019,Arizona,15–19,Male,0,39,0
2019,Arizona,20–24,Female,2,21,0.09523809523809523
2019,Arizona,20–24,Male,13,70,0.18571428571428572
2019,Arizona,25–34,Female,17,47,0.3617021276595745
2019,Arizona,25–34,Male,23,105,0.21904761904761905
2019,Arizona,35–44,Female,10,39,0.2564102564102564
2019,Arizona,35–44,Male,21,105,0.2
2019,Arizona,45-54,Female,7,48,0.14583333333333334
2019,Arizona,45-54,Male,21,82,0.25609756097560976
2019,Arizona,55-64,Female,3,45,0.06666666666666667
2019,Arizona,55-64,Male,18,107,0.16822429906542055
2019,Arizona,65+,Female,0,60,0
2019,Arizona,65+,Male,7,149,0.04697986577181208
2019,Arkansas,0-14,Female,0,11,0
2019,Arkansas,0-14,Male,0,7,0
2019,Arkansas,15–19,Female,0,14,0
2019,Arkansas,15–19,Male,2,24,0.08333333333333333
2019,Arkansas,20–24,Female,3,12,0.25
2019,Arkansas,20–24,Male,12,39,0.3076923076923077
2019,Arkansas,25–34,Female,4,20,0.2
2019,Arkansas,25–34,Male,16,58,0.27586206896551724
2019,Arkansas,35–44,Female,2,24,0.08333333333333333
2019,Arkansas,35–44,Male,18,50,0.36
2019,Arkansas,45-54,Female,1,20,0.05
2019,Arkansas,45-54,Male,17,54,0.3148148148148148
2019,Arkansas,55-64,Female,1,17,0.058823529411764705
2019,Arkansas,55-64,Male,17,56,0.30357142857142855
2019,Arkansas,65+,Female,2,32,0.0625
2019,Arkansas,65+,Male,9,73,0.1232876712328767
2019,California,0-14,Female,1,35,0.02857142857142857
2019,California,0-14,Male,2,57,0.03508771929824561
2019,California,15–19,Female,6,59,0.1016949152542373
2019,California,15–19,Male,13,120,0.10833333333333334
2019,California,20–24,Female,30,105,0.2857142857142857
2019,California,20–24,Male,96,292,0.3287671232876712
2019,California,25–34,Female,49,180,0.2722222222222222
2019,California,25–34,Male,218,612,0.3562091503267974
2019,California,35–44,Female,23,129,0.17829457364341086
2019,California,35–44,Male,118,383,0.30809399477806787
2019,California,45-54,Female,22,139,0.15827338129496402
2019,California,45-54,Male,86,379,0.22691292875989447
2019,California,55-64,Female,22,153,0.1437908496732026
2019,California,55-64,Male,89,409,0.2176039119804401
2019,California,65+,Female,5,219,0.0228310502283105
2019,California,65+,Male,36,443,0.08126410835214447
2019,Colorado,0-14,Female,0,5,0
2019,Colorado,0-14,Male,0,9,0
2019,Colorado,15–19,Female,3,14,0.21428571428571427
2019,Colorado,15–19,Male,5,31,0.16129032258064516
2019,Colorado,20–24,Female,3,11,0.2727272727272727
2019,Colorado,20–24,Male,16,52,0.3076923076923077
2019,Colorado,25–34,Female,9,22,0.4090909090909091
2019,Colorado,25–34,Male,36,91,0.3956043956043956
2019,Colorado,35–44,Female,4,21,0.19047619047619047
2019,Colorado,35–44,Male,24,67,0.3582089552238806
2019,Colorado,45-54,Female,5,20,0.25
2019,Colorado,45-54,Male,19,53,0.3584905660377358
2019,Colorado,55-64,Female,2,17,0.11764705882352941
2019,Colorado,55-64,Male,17,69,0.2463768115942029
2019,Colorado,65+,Female,0,35,0
2019,Colorado,65+,Male,6,80,0.075
2019,Connecticut,0-14,Female,0,0,NA
2019,Connecticut,0-14,Male,0,0,NA
2019,Connecticut,15–19,Female,3,10,0.3
2019,Connecticut,15–19,Male,2,11,0.18181818181818182
2019,Connecticut,20–24,Female,0,4,0
2019,Connecticut,20–24,Male,11,19,0.5789473684210527
2019,Connecticut,25–34,Female,2,9,0.2222222222222222
2019,Connecticut,25–34,Male,18,34,0.5294117647058824
2019,Connecticut,35–44,Female,4,7,0.5714285714285714
2019,Connecticut,35–44,Male,8,27,0.2962962962962963
2019,Connecticut,45-54,Female,2,9,0.2222222222222222
2019,Connecticut,45-54,Male,11,23,0.4782608695652174
2019,Connecticut,55-64,Female,2,9,0.2222222222222222
2019,Connecticut,55-64,Male,4,23,0.17391304347826086
2019,Connecticut,65+,Female,1,22,0.045454545454545456
2019,Connecticut,65+,Male,3,42,0.07142857142857142
2019,Delaware,0-14,Female,0,1,0
2019,Delaware,0-14,Male,0,3,0
2019,Delaware,15–19,Female,0,0,NA
2019,Delaware,15–19,Male,0,6,0
2019,Delaware,20–24,Female,1,5,0.2
2019,Delaware,20–24,Male,4,12,0.3333333333333333
2019,Delaware,25–34,Female,3,7,0.42857142857142855
2019,Delaware,25–34,Male,5,13,0.38461538461538464
2019,Delaware,35–44,Female,1,5,0.2
2019,Delaware,35–44,Male,5,12,0.4166666666666667
2019,Delaware,45-54,Female,1,4,0.25
2019,Delaware,45-54,Male,4,10,0.4
2019,Delaware,55-64,Female,2,5,0.4
2019,Delaware,55-64,Male,8,18,0.4444444444444444
2019,Delaware,65+,Female,1,12,0.08333333333333333
2019,Delaware,65+,Male,1,19,0.05263157894736842
2019,District of Columbia,0-14,Female,0,0,NA
2019,District of Columbia,0-14,Male,0,0,NA
2019,District of Columbia,15–19,Female,0,1,0
2019,District of Columbia,15–19,Male,0,2,0
2019,District of Columbia,20–24,Female,0,0,NA
2019,District of Columbia,20–24,Male,1,1,1
2019,District of Columbia,25–34,Female,0,1,0
2019,District of Columbia,25–34,Male,0,5,0
2019,District of Columbia,35–44,Female,0,1,0
2019,District of Columbia,35–44,Male,3,5,0.6
2019,District of Columbia,45-54,Female,1,1,1
2019,District of Columbia,45-54,Male,0,2,0
2019,District of Columbia,55-64,Female,0,0,NA
2019,District of Columbia,55-64,Male,1,2,0.5
2019,District of Columbia,65+,Female,0,0,NA
2019,District of Columbia,65+,Male,0,2,0
2019,Florida,0-14,Female,0,39,0
2019,Florida,0-14,Male,1,39,0.02564102564102564
2019,Florida,15–19,Female,1,47,0.02127659574468085
2019,Florida,15–19,Male,12,116,0.10344827586206896
2019,Florida,20–24,Female,13,71,0.18309859154929578
2019,Florida,20–24,Male,47,259,0.18146718146718147
2019,Florida,25–34,Female,31,141,0.2198581560283688
2019,Florida,25–34,Male,120,404,0.297029702970297
2019,Florida,35–44,Female,21,106,0.19811320754716982
2019,Florida,35–44,Male,73,336,0.21726190476190477
2019,Florida,45-54,Female,15,124,0.12096774193548387
2019,Florida,45-54,Male,78,319,0.2445141065830721
2019,Florida,55-64,Female,20,111,0.18018018018018017
2019,Florida,55-64,Male,87,385,0.22597402597402597
2019,Florida,65+,Female,1,230,0.004347826086956522
2019,Florida,65+,Male,30,441,0.06802721088435375
2019,Georgia,0-14,Female,0,26,0
2019,Georgia,0-14,Male,0,25,0
2019,Georgia,15–19,Female,1,21,0.047619047619047616
2019,Georgia,15–19,Male,4,53,0.07547169811320754
2019,Georgia,20–24,Female,5,54,0.09259259259259259
2019,Georgia,20–24,Male,12,103,0.11650485436893204
2019,Georgia,25–34,Female,12,91,0.13186813186813187
2019,Georgia,25–34,Male,27,190,0.14210526315789473
2019,Georgia,35–44,Female,4,57,0.07017543859649122
2019,Georgia,35–44,Male,30,159,0.18867924528301888
2019,Georgia,45-54,Female,4,66,0.06060606060606061
2019,Georgia,45-54,Male,32,149,0.21476510067114093
2019,Georgia,55-64,Female,6,50,0.12
2019,Georgia,55-64,Male,15,162,0.09259259259259259
2019,Georgia,65+,Female,5,115,0.043478260869565216
2019,Georgia,65+,Male,6,171,0.03508771929824561
2019,Hawaii,0-14,Female,0,0,NA
2019,Hawaii,0-14,Male,0,1,0
2019,Hawaii,15–19,Female,0,1,0
2019,Hawaii,15–19,Male,0,4,0
2019,Hawaii,20–24,Female,2,6,0.3333333333333333
2019,Hawaii,20–24,Male,6,11,0.5454545454545454
2019,Hawaii,25–34,Female,0,3,0
2019,Hawaii,25–34,Male,6,20,0.3
2019,Hawaii,35–44,Female,1,4,0.25
2019,Hawaii,35–44,Male,4,14,0.2857142857142857
2019,Hawaii,45-54,Female,1,5,0.2
2019,Hawaii,45-54,Male,3,11,0.2727272727272727
2019,Hawaii,55-64,Female,0,4,0
2019,Hawaii,55-64,Male,1,5,0.2
2019,Hawaii,65+,Female,0,8,0
2019,Hawaii,65+,Male,1,11,0.09090909090909091
2019,Idaho,0-14,Female,0,8,0
2019,Idaho,0-14,Male,0,1,0
2019,Idaho,15–19,Female,0,4,0
2019,Idaho,15–19,Male,1,8,0.125
2019,Idaho,20–24,Female,0,5,0
2019,Idaho,20–24,Male,6,17,0.35294117647058826
2019,Idaho,25–34,Female,3,9,0.3333333333333333
2019,Idaho,25–34,Male,10,23,0.43478260869565216
2019,Idaho,35–44,Female,1,9,0.1111111111111111
2019,Idaho,35–44,Male,11,25,0.44
2019,Idaho,45-54,Female,0,8,0
2019,Idaho,45-54,Male,11,22,0.5
2019,Idaho,55-64,Female,0,8,0
2019,Idaho,55-64,Male,4,21,0.19047619047619047
2019,Idaho,65+,Female,1,19,0.05263157894736842
2019,Idaho,65+,Male,4,37,0.10810810810810811
2019,Illinois,0-14,Female,0,14,0
2019,Illinois,0-14,Male,0,11,0
2019,Illinois,15–19,Female,2,17,0.11764705882352941
2019,Illinois,15–19,Male,1,27,0.037037037037037035
2019,Illinois,20–24,Female,6,25,0.24
2019,Illinois,20–24,Male,17,70,0.24285714285714285
2019,Illinois,25–34,Female,10,54,0.18518518518518517
2019,Illinois,25–34,Male,60,138,0.43478260869565216
2019,Illinois,35–44,Female,7,33,0.21212121212121213
2019,Illinois,35–44,Male,53,116,0.45689655172413796
2019,Illinois,45-54,Female,11,43,0.2558139534883721
2019,Illinois,45-54,Male,36,104,0.34615384615384615
2019,Illinois,55-64,Female,7,44,0.1590909090909091
2019,Illinois,55-64,Male,21,99,0.21212121212121213
2019,Illinois,65+,Female,0,76,0
2019,Illinois,65+,Male,8,135,0.05925925925925926
2019,Indiana,0-14,Female,0,13,0
2019,Indiana,0-14,Male,0,13,0
2019,Indiana,15–19,Female,0,17,0
2019,Indiana,15–19,Male,1,42,0.023809523809523808
2019,Indiana,20–24,Female,5,32,0.15625
2019,Indiana,20–24,Male,14,53,0.2641509433962264
2019,Indiana,25–34,Female,4,35,0.11428571428571428
2019,Indiana,25–34,Male,17,96,0.17708333333333334
2019,Indiana,35–44,Female,2,30,0.06666666666666667
2019,Indiana,35–44,Male,18,88,0.20454545454545456
2019,Indiana,45-54,Female,7,24,0.2916666666666667
2019,Indiana,45-54,Male,12,76,0.15789473684210525
2019,Indiana,55-64,Female,0,25,0
2019,Indiana,55-64,Male,16,91,0.17582417582417584
2019,Indiana,65+,Female,1,51,0.0196078431372549
2019,Indiana,65+,Male,7,123,0.056910569105691054
2019,Iowa,0-14,Female,0,1,0
2019,Iowa,0-14,Male,0,8,0
2019,Iowa,15–19,Female,1,9,0.1111111111111111
2019,Iowa,15–19,Male,2,14,0.14285714285714285
2019,Iowa,20–24,Female,1,11,0.09090909090909091
2019,Iowa,20–24,Male,4,23,0.17391304347826086
2019,Iowa,25–34,Female,4,12,0.3333333333333333
2019,Iowa,25–34,Male,10,43,0.23255813953488372
2019,Iowa,35–44,Female,5,17,0.29411764705882354
2019,Iowa,35–44,Male,5,24,0.20833333333333334
2019,Iowa,45-54,Female,1,14,0.07142857142857142
2019,Iowa,45-54,Male,8,27,0.2962962962962963
2019,Iowa,55-64,Female,1,14,0.07142857142857142
2019,Iowa,55-64,Male,10,56,0.17857142857142858
2019,Iowa,65+,Female,0,15,0
2019,Iowa,65+,Male,1,48,0.020833333333333332
2019,Kansas,0-14,Female,0,6,0
2019,Kansas,0-14,Male,0,10,0
2019,Kansas,15–19,Female,1,9,0.1111111111111111
2019,Kansas,15–19,Male,0,20,0
2019,Kansas,20–24,Female,1,14,0.07142857142857142
2019,Kansas,20–24,Male,1,31,0.03225806451612903
2019,Kansas,25–34,Female,0,14,0
2019,Kansas,25–34,Male,8,42,0.19047619047619047
2019,Kansas,35–44,Female,0,15,0
2019,Kansas,35–44,Male,9,39,0.23076923076923078
2019,Kansas,45-54,Female,0,10,0
2019,Kansas,45-54,Male,7,42,0.16666666666666666
2019,Kansas,55-64,Female,1,12,0.08333333333333333
2019,Kansas,55-64,Male,6,51,0.11764705882352941
2019,Kansas,65+,Female,0,38,0
2019,Kansas,65+,Male,5,57,0.08771929824561403
2019,Kentucky,0-14,Female,0,14,0
2019,Kentucky,0-14,Male,0,7,0
2019,Kentucky,15–19,Female,1,11,0.09090909090909091
2019,Kentucky,15–19,Male,2,22,0.09090909090909091
2019,Kentucky,20–24,Female,5,18,0.2777777777777778
2019,Kentucky,20–24,Male,16,46,0.34782608695652173
2019,Kentucky,25–34,Female,3,31,0.0967741935483871
2019,Kentucky,25–34,Male,21,74,0.28378378378378377
2019,Kentucky,35–44,Female,5,31,0.16129032258064516
2019,Kentucky,35–44,Male,21,93,0.22580645161290322
2019,Kentucky,45-54,Female,2,40,0.05
2019,Kentucky,45-54,Male,14,70,0.2
2019,Kentucky,55-64,Female,3,28,0.10714285714285714
2019,Kentucky,55-64,Male,11,80,0.1375
2019,Kentucky,65+,Female,1,71,0.014084507042253521
2019,Kentucky,65+,Male,4,96,0.041666666666666664
2019,Louisiana,0-14,Female,0,9,0
2019,Louisiana,0-14,Male,0,11,0
2019,Louisiana,15–19,Female,2,13,0.15384615384615385
2019,Louisiana,15–19,Male,6,29,0.20689655172413793
2019,Louisiana,20–24,Female,3,19,0.15789473684210525
2019,Louisiana,20–24,Male,14,38,0.3684210526315789
2019,Louisiana,25–34,Female,10,34,0.29411764705882354
2019,Louisiana,25–34,Male,27,89,0.30337078651685395
2019,Louisiana,35–44,Female,7,28,0.25
2019,Louisiana,35–44,Male,44,117,0.37606837606837606
2019,Louisiana,45-54,Female,7,31,0.22580645161290322
2019,Louisiana,45-54,Male,29,84,0.34523809523809523
2019,Louisiana,55-64,Female,4,23,0.17391304347826086
2019,Louisiana,55-64,Male,18,66,0.2727272727272727
2019,Louisiana,65+,Female,3,45,0.06666666666666667
2019,Louisiana,65+,Male,13,91,0.14285714285714285
2019,Maine,0-14,Female,0,1,0
2019,Maine,0-14,Male,0,4,0
2019,Maine,15–19,Female,0,1,0
2019,Maine,15–19,Male,1,4,0.25
2019,Maine,20–24,Female,2,2,1
2019,Maine,20–24,Male,2,8,0.25
2019,Maine,25–34,Female,3,9,0.3333333333333333
2019,Maine,25–34,Male,9,24,0.375
2019,Maine,35–44,Female,1,6,0.16666666666666666
2019,Maine,35–44,Male,5,14,0.35714285714285715
2019,Maine,45-54,Female,1,4,0.25
2019,Maine,45-54,Male,2,14,0.14285714285714285
2019,Maine,55-64,Female,2,4,0.5
2019,Maine,55-64,Male,3,21,0.14285714285714285
2019,Maine,65+,Female,1,19,0.05263157894736842
2019,Maine,65+,Male,1,22,0.045454545454545456
2019,Maryland,0-14,Female,0,13,0
2019,Maryland,0-14,Male,0,9,0
2019,Maryland,15–19,Female,0,10,0
2019,Maryland,15–19,Male,4,19,0.21052631578947367
2019,Maryland,20–24,Female,8,23,0.34782608695652173
2019,Maryland,20–24,Male,13,46,0.2826086956521739
2019,Maryland,25–34,Female,6,29,0.20689655172413793
2019,Maryland,25–34,Male,27,73,0.3698630136986301
2019,Maryland,35–44,Female,2,12,0.16666666666666666
2019,Maryland,35–44,Male,19,54,0.35185185185185186
2019,Maryland,45-54,Female,1,16,0.0625
2019,Maryland,45-54,Male,19,60,0.31666666666666665
2019,Maryland,55-64,Female,0,12,0
2019,Maryland,55-64,Male,22,57,0.38596491228070173
2019,Maryland,65+,Female,1,47,0.02127659574468085
2019,Maryland,65+,Male,5,53,0.09433962264150944
2019,Massachusetts,0-14,Female,0,3,0
2019,Massachusetts,0-14,Male,0,3,0
2019,Massachusetts,15–19,Female,0,1,0
2019,Massachusetts,15–19,Male,3,13,0.23076923076923078
2019,Massachusetts,20–24,Female,6,15,0.4
2019,Massachusetts,20–24,Male,13,31,0.41935483870967744
2019,Massachusetts,25–34,Female,7,16,0.4375
2019,Massachusetts,25–34,Male,24,40,0.6
2019,Massachusetts,35–44,Female,1,9,0.1111111111111111
2019,Massachusetts,35–44,Male,8,20,0.4
2019,Massachusetts,45-54,Female,2,7,0.2857142857142857
2019,Massachusetts,45-54,Male,13,36,0.3611111111111111
2019,Massachusetts,55-64,Female,2,12,0.16666666666666666
2019,Massachusetts,55-64,Male,11,42,0.2619047619047619
2019,Massachusetts,65+,Female,2,36,0.05555555555555555
2019,Massachusetts,65+,Male,4,52,0.07692307692307693
2019,Michigan,0-14,Female,0,20,0
2019,Michigan,0-14,Male,0,23,0
2019,Michigan,15–19,Female,2,19,0.10526315789473684
2019,Michigan,15–19,Male,3,32,0.09375
2019,Michigan,20–24,Female,7,27,0.25925925925925924
2019,Michigan,20–24,Male,11,66,0.16666666666666666
2019,Michigan,25–34,Female,7,52,0.1346153846153846
2019,Michigan,25–34,Male,25,121,0.2066115702479339
2019,Michigan,35–44,Female,3,36,0.08333333333333333
2019,Michigan,35–44,Male,32,94,0.3404255319148936
2019,Michigan,45-54,Female,6,30,0.2
2019,Michigan,45-54,Male,20,103,0.1941747572815534
2019,Michigan,55-64,Female,4,36,0.1111111111111111
2019,Michigan,55-64,Male,19,120,0.15833333333333333
2019,Michigan,65+,Female,0,78,0
2019,Michigan,65+,Male,6,129,0.046511627906976744
2019,Minnesota,0-14,Female,0,2,0
2019,Minnesota,0-14,Male,0,6,0
2019,Minnesota,15–19,Female,1,12,0.08333333333333333
2019,Minnesota,15–19,Male,1,11,0.09090909090909091
2019,Minnesota,20–24,Female,3,13,0.23076923076923078
2019,Minnesota,20–24,Male,7,19,0.3684210526315789
2019,Minnesota,25–34,Female,4,10,0.4
2019,Minnesota,25–34,Male,14,43,0.32558139534883723
2019,Minnesota,35–44,Female,2,17,0.11764705882352941
2019,Minnesota,35–44,Male,13,36,0.3611111111111111
2019,Minnesota,45-54,Female,2,16,0.125
2019,Minnesota,45-54,Male,13,39,0.3333333333333333
2019,Minnesota,55-64,Female,2,21,0.09523809523809523
2019,Minnesota,55-64,Male,11,35,0.3142857142857143
2019,Minnesota,65+,Female,1,37,0.02702702702702703
2019,Minnesota,65+,Male,4,47,0.0851063829787234
2019,Mississippi,0-14,Female,0,10,0
2019,Mississippi,0-14,Male,0,7,0
2019,Mississippi,15–19,Female,0,10,0
2019,Mississippi,15–19,Male,2,29,0.06896551724137931
2019,Mississippi,20–24,Female,3,25,0.12
2019,Mississippi,20–24,Male,9,46,0.1956521739130435
2019,Mississippi,25–34,Female,5,33,0.15151515151515152
2019,Mississippi,25–34,Male,26,80,0.325
2019,Mississippi,35–44,Female,7,29,0.2413793103448276
2019,Mississippi,35–44,Male,19,80,0.2375
2019,Mississippi,45-54,Female,5,23,0.21739130434782608
2019,Mississippi,45-54,Male,15,60,0.25
2019,Mississippi,55-64,Female,4,24,0.16666666666666666
2019,Mississippi,55-64,Male,10,57,0.17543859649122806
2019,Mississippi,65+,Female,0,48,0
2019,Mississippi,65+,Male,4,77,0.05194805194805195
2019,Missouri,0-14,Female,0,15,0
2019,Missouri,0-14,Male,0,22,0
2019,Missouri,15–19,Female,1,18,0.05555555555555555
2019,Missouri,15–19,Male,6,41,0.14634146341463414
2019,Missouri,20–24,Female,5,22,0.22727272727272727
2019,Missouri,20–24,Male,19,67,0.2835820895522388
2019,Missouri,25–34,Female,10,49,0.20408163265306123
2019,Missouri,25–34,Male,32,108,0.2962962962962963
2019,Missouri,35–44,Female,4,24,0.16666666666666666
2019,Missouri,35–44,Male,31,95,0.3263157894736842
2019,Missouri,45-54,Female,7,26,0.2692307692307692
2019,Missouri,45-54,Male,33,104,0.3173076923076923
2019,Missouri,55-64,Female,3,31,0.0967741935483871
2019,Missouri,55-64,Male,26,100,0.26
2019,Missouri,65+,Female,2,54,0.037037037037037035
2019,Missouri,65+,Male,12,105,0.11428571428571428
2019,Montana,0-14,Female,0,3,0
2019,Montana,0-14,Male,0,2,0
2019,Montana,15–19,Female,1,11,0.09090909090909091
2019,Montana,15–19,Male,2,12,0.16666666666666666
2019,Montana,20–24,Female,3,5,0.6
2019,Montana,20–24,Male,4,13,0.3076923076923077
2019,Montana,25–34,Female,2,6,0.3333333333333333
2019,Montana,25–34,Male,12,19,0.631578947368421
2019,Montana,35–44,Female,5,8,0.625
2019,Montana,35–44,Male,7,18,0.3888888888888889
2019,Montana,45-54,Female,2,8,0.25
2019,Montana,45-54,Male,6,12,0.5
2019,Montana,55-64,Female,0,4,0
2019,Montana,55-64,Male,4,14,0.2857142857142857
2019,Montana,65+,Female,0,13,0
2019,Montana,65+,Male,1,36,0.027777777777777776
2019,Nebraska,0-14,Female,0,9,0
2019,Nebraska,0-14,Male,0,7,0
2019,Nebraska,15–19,Female,2,10,0.2
2019,Nebraska,15–19,Male,1,12,0.08333333333333333
2019,Nebraska,20–24,Female,0,3,0
2019,Nebraska,20–24,Male,3,25,0.12
2019,Nebraska,25–34,Female,0,13,0
2019,Nebraska,25–34,Male,14,37,0.3783783783783784
2019,Nebraska,35–44,Female,0,7,0
2019,Nebraska,35–44,Male,3,17,0.17647058823529413
2019,Nebraska,45-54,Female,0,8,0
2019,Nebraska,45-54,Male,4,26,0.15384615384615385
2019,Nebraska,55-64,Female,0,7,0
2019,Nebraska,55-64,Male,3,26,0.11538461538461539
2019,Nebraska,65+,Female,0,15,0
2019,Nebraska,65+,Male,2,26,0.07692307692307693
2019,Nevada,0-14,Female,0,3,0
2019,Nevada,0-14,Male,0,2,0
2019,Nevada,15–19,Female,0,2,0
2019,Nevada,15–19,Male,1,9,0.1111111111111111
2019,Nevada,20–24,Female,4,10,0.4
2019,Nevada,20–24,Male,8,19,0.42105263157894735
2019,Nevada,25–34,Female,4,12,0.3333333333333333
2019,Nevada,25–34,Male,16,41,0.3902439024390244
2019,Nevada,35–44,Female,1,9,0.1111111111111111
2019,Nevada,35–44,Male,7,21,0.3333333333333333
2019,Nevada,45-54,Female,3,15,0.2
2019,Nevada,45-54,Male,11,30,0.36666666666666664
2019,Nevada,55-64,Female,2,14,0.14285714285714285
2019,Nevada,55-64,Male,8,38,0.21052631578947367
2019,Nevada,65+,Female,0,26,0
2019,Nevada,65+,Male,1,52,0.019230769230769232
2019,New Hampshire,0-14,Female,0,1,0
2019,New Hampshire,0-14,Male,0,0,NA
2019,New Hampshire,15–19,Female,0,1,0
2019,New Hampshire,15–19,Male,0,1,0
2019,New Hampshire,20–24,Female,2,6,0.3333333333333333
2019,New Hampshire,20–24,Male,2,8,0.25
2019,New Hampshire,25–34,Female,0,2,0
2019,New Hampshire,25–34,Male,5,7,0.7142857142857143
2019,New Hampshire,35–44,Female,1,4,0.25
2019,New Hampshire,35–44,Male,3,10,0.3
2019,New Hampshire,45-54,Female,1,5,0.2
2019,New Hampshire,45-54,Male,1,5,0.2
2019,New Hampshire,55-64,Female,0,4,0
2019,New Hampshire,55-64,Male,5,19,0.2631578947368421
2019,New Hampshire,65+,Female,0,9,0
2019,New Hampshire,65+,Male,0,19,0
2019,New Jersey,0-14,Female,0,3,0
2019,New Jersey,0-14,Male,0,10,0
2019,New Jersey,15–19,Female,0,11,0
2019,New Jersey,15–19,Male,1,26,0.038461538461538464
2019,New Jersey,20–24,Female,3,18,0.16666666666666666
2019,New Jersey,20–24,Male,14,30,0.4666666666666667
2019,New Jersey,25–34,Female,5,27,0.18518518518518517
2019,New Jersey,25–34,Male,29,80,0.3625
2019,New Jersey,35–44,Female,4,11,0.36363636363636365
2019,New Jersey,35–44,Male,25,59,0.423728813559322
2019,New Jersey,45-54,Female,2,12,0.16666666666666666
2019,New Jersey,45-54,Male,13,50,0.26
2019,New Jersey,55-64,Female,3,28,0.10714285714285714
2019,New Jersey,55-64,Male,19,62,0.3064516129032258
2019,New Jersey,65+,Female,0,58,0
2019,New Jersey,65+,Male,4,73,0.0547945205479452
2019,New Mexico,0-14,Female,0,5,0
2019,New Mexico,0-14,Male,0,8,0
2019,New Mexico,15–19,Female,0,8,0
2019,New Mexico,15–19,Male,4,16,0.25
2019,New Mexico,20–24,Female,2,11,0.18181818181818182
2019,New Mexico,20–24,Male,14,36,0.3888888888888889
2019,New Mexico,25–34,Female,8,28,0.2857142857142857
2019,New Mexico,25–34,Male,22,57,0.38596491228070173
2019,New Mexico,35–44,Female,6,23,0.2608695652173913
2019,New Mexico,35–44,Male,17,52,0.3269230769230769
2019,New Mexico,45-54,Female,3,15,0.2
2019,New Mexico,45-54,Male,12,47,0.2553191489361702
2019,New Mexico,55-64,Female,0,17,0
2019,New Mexico,55-64,Male,14,45,0.3111111111111111
2019,New Mexico,65+,Female,0,13,0
2019,New Mexico,65+,Male,5,44,0.11363636363636363
2019,New York,0-14,Female,0,12,0
2019,New York,0-14,Male,0,17,0
2019,New York,15–19,Female,1,15,0.06666666666666667
2019,New York,15–19,Male,3,28,0.10714285714285714
2019,New York,20–24,Female,5,25,0.2
2019,New York,20–24,Male,13,68,0.19117647058823528
2019,New York,25–34,Female,11,39,0.28205128205128205
2019,New York,25–34,Male,36,143,0.2517482517482518
2019,New York,35–44,Female,6,22,0.2727272727272727
2019,New York,35–44,Male,21,67,0.31343283582089554
2019,New York,45-54,Female,2,31,0.06451612903225806
2019,New York,45-54,Male,24,86,0.27906976744186046
2019,New York,55-64,Female,6,29,0.20689655172413793
2019,New York,55-64,Male,23,109,0.21100917431192662
2019,New York,65+,Female,4,93,0.043010752688172046
2019,New York,65+,Male,4,146,0.0273972602739726
2019,North Carolina,0-14,Female,0,22,0
2019,North Carolina,0-14,Male,0,22,0
2019,North Carolina,15–19,Female,0,22,0
2019,North Carolina,15–19,Male,5,70,0.07142857142857142
2019,North Carolina,20–24,Female,3,33,0.09090909090909091
2019,North Carolina,20–24,Male,21,99,0.21212121212121213
2019,North Carolina,25–34,Female,20,78,0.2564102564102564
2019,North Carolina,25–34,Male,41,201,0.20398009950248755
2019,North Carolina,35–44,Female,6,50,0.12
2019,North Carolina,35–44,Male,33,153,0.21568627450980393
2019,North Carolina,45-54,Female,1,52,0.019230769230769232
2019,North Carolina,45-54,Male,36,153,0.23529411764705882
2019,North Carolina,55-64,Female,4,47,0.0851063829787234
2019,North Carolina,55-64,Male,32,167,0.19161676646706588
2019,North Carolina,65+,Female,2,113,0.017699115044247787
2019,North Carolina,65+,Male,6,172,0.03488372093023256
2019,North Dakota,0-14,Female,0,1,0
2019,North Dakota,0-14,Male,0,2,0
2019,North Dakota,15–19,Female,0,2,0
2019,North Dakota,15–19,Male,1,4,0.25
2019,North Dakota,20–24,Female,0,2,0
2019,North Dakota,20–24,Male,1,2,0.5
2019,North Dakota,25–34,Female,0,5,0
2019,North Dakota,25–34,Male,6,13,0.46153846153846156
2019,North Dakota,35–44,Female,2,7,0.2857142857142857
2019,North Dakota,35–44,Male,10,15,0.6666666666666666
2019,North Dakota,45-54,Female,1,3,0.3333333333333333
2019,North Dakota,45-54,Male,4,8,0.5
2019,North Dakota,55-64,Female,1,5,0.2
2019,North Dakota,55-64,Male,2,12,0.16666666666666666
2019,North Dakota,65+,Female,1,2,0.5
2019,North Dakota,65+,Male,1,17,0.058823529411764705
2019,Ohio,0-14,Female,0,20,0
2019,Ohio,0-14,Male,0,16,0
2019,Ohio,15–19,Female,2,23,0.08695652173913043
2019,Ohio,15–19,Male,3,51,0.058823529411764705
2019,Ohio,20–24,Female,9,30,0.3
2019,Ohio,20–24,Male,28,75,0.37333333333333335
2019,Ohio,25–34,Female,17,69,0.2463768115942029
2019,Ohio,25–34,Male,49,131,0.37404580152671757
2019,Ohio,35–44,Female,12,46,0.2608695652173913
2019,Ohio,35–44,Male,48,122,0.39344262295081966
2019,Ohio,45-54,Female,9,47,0.19148936170212766
2019,Ohio,45-54,Male,44,125,0.352
2019,Ohio,55-64,Female,2,43,0.046511627906976744
2019,Ohio,55-64,Male,30,123,0.24390243902439024
2019,Ohio,65+,Female,3,90,0.03333333333333333
2019,Ohio,65+,Male,10,142,0.07042253521126761
2019,Oklahoma,0-14,Female,0,8,0
2019,Oklahoma,0-14,Male,0,12,0
2019,Oklahoma,15–19,Female,0,19,0
2019,Oklahoma,15–19,Male,1,24,0.041666666666666664
2019,Oklahoma,20–24,Female,3,14,0.21428571428571427
2019,Oklahoma,20–24,Male,14,34,0.4117647058823529
2019,Oklahoma,25–34,Female,13,39,0.3333333333333333
2019,Oklahoma,25–34,Male,22,70,0.3142857142857143
2019,Oklahoma,35–44,Female,8,35,0.22857142857142856
2019,Oklahoma,35–44,Male,12,51,0.23529411764705882
2019,Oklahoma,45-54,Female,5,29,0.1724137931034483
2019,Oklahoma,45-54,Male,24,64,0.375
2019,Oklahoma,55-64,Female,3,25,0.12
2019,Oklahoma,55-64,Male,20,83,0.24096385542168675
2019,Oklahoma,65+,Female,0,42,0
2019,Oklahoma,65+,Male,10,91,0.10989010989010989
2019,Oregon,0-14,Female,0,6,0
2019,Oregon,0-14,Male,0,3,0
2019,Oregon,15–19,Female,2,16,0.125
2019,Oregon,15–19,Male,4,22,0.18181818181818182
2019,Oregon,20–24,Female,4,12,0.3333333333333333
2019,Oregon,20–24,Male,12,29,0.41379310344827586
2019,Oregon,25–34,Female,7,21,0.3333333333333333
2019,Oregon,25–34,Male,25,64,0.390625
2019,Oregon,35–44,Female,3,19,0.15789473684210525
2019,Oregon,35–44,Male,20,41,0.4878048780487805
2019,Oregon,45-54,Female,5,17,0.29411764705882354
2019,Oregon,45-54,Male,15,50,0.3
2019,Oregon,55-64,Female,5,20,0.25
2019,Oregon,55-64,Male,12,55,0.21818181818181817
2019,Oregon,65+,Female,2,41,0.04878048780487805
2019,Oregon,65+,Male,7,77,0.09090909090909091
2019,Pennsylvania,0-14,Female,0,4,0
2019,Pennsylvania,0-14,Male,0,11,0
2019,Pennsylvania,15–19,Female,2,27,0.07407407407407407
2019,Pennsylvania,15–19,Male,2,36,0.05555555555555555
2019,Pennsylvania,20–24,Female,3,25,0.12
2019,Pennsylvania,20–24,Male,25,85,0.29411764705882354
2019,Pennsylvania,25–34,Female,10,33,0.30303030303030304
2019,Pennsylvania,25–34,Male,34,155,0.21935483870967742
2019,Pennsylvania,35–44,Female,5,23,0.21739130434782608
2019,Pennsylvania,35–44,Male,26,105,0.24761904761904763
2019,Pennsylvania,45-54,Female,3,30,0.1
2019,Pennsylvania,45-54,Male,22,106,0.20754716981132076
2019,Pennsylvania,55-64,Female,3,41,0.07317073170731707
2019,Pennsylvania,55-64,Male,26,117,0.2222222222222222
2019,Pennsylvania,65+,Female,1,104,0.009615384615384616
2019,Pennsylvania,65+,Male,7,157,0.044585987261146494
2019,Puerto Rico,0-14,Female,0,1,0
2019,Puerto Rico,0-14,Male,0,3,0
2019,Puerto Rico,15–19,Female,0,2,0
2019,Puerto Rico,15–19,Male,1,11,0.09090909090909091
2019,Puerto Rico,20–24,Female,0,6,0
2019,Puerto Rico,20–24,Male,9,28,0.32142857142857145
2019,Puerto Rico,25–34,Female,1,6,0.16666666666666666
2019,Puerto Rico,25–34,Male,17,51,0.3333333333333333
2019,Puerto Rico,35–44,Female,1,4,0.25
2019,Puerto Rico,35–44,Male,8,38,0.21052631578947367
2019,Puerto Rico,45-54,Female,2,5,0.4
2019,Puerto Rico,45-54,Male,12,30,0.4
2019,Puerto Rico,55-64,Female,0,4,0
2019,Puerto Rico,55-64,Male,13,35,0.37142857142857144
2019,Puerto Rico,65+,Female,0,17,0
2019,Puerto Rico,65+,Male,7,39,0.1794871794871795
2019,Rhode Island,0-14,Female,0,0,NA
2019,Rhode Island,0-14,Male,0,0,NA
2019,Rhode Island,15–19,Female,0,1,0
2019,Rhode Island,15–19,Male,0,0,NA
2019,Rhode Island,20–24,Female,1,3,0.3333333333333333
2019,Rhode Island,20–24,Male,1,2,0.5
2019,Rhode Island,25–34,Female,0,1,0
2019,Rhode Island,25–34,Male,7,13,0.5384615384615384
2019,Rhode Island,35–44,Female,3,3,1
2019,Rhode Island,35–44,Male,3,5,0.6
2019,Rhode Island,45-54,Female,1,2,0.5
2019,Rhode Island,45-54,Male,5,10,0.5
2019,Rhode Island,55-64,Female,2,4,0.5
2019,Rhode Island,55-64,Male,2,3,0.6666666666666666
2019,Rhode Island,65+,Female,0,6,0
2019,Rhode Island,65+,Male,0,4,0
2019,South Carolina,0-14,Female,0,15,0
2019,South Carolina,0-14,Male,0,15,0
2019,South Carolina,15–19,Female,4,25,0.16
2019,South Carolina,15–19,Male,3,33,0.09090909090909091
2019,South Carolina,20–24,Female,7,28,0.25
2019,South Carolina,20–24,Male,22,62,0.3548387096774194
2019,South Carolina,25–34,Female,8,40,0.2
2019,South Carolina,25–34,Male,49,132,0.3712121212121212
2019,South Carolina,35–44,Female,17,52,0.3269230769230769
2019,South Carolina,35–44,Male,35,119,0.29411764705882354
2019,South Carolina,45-54,Female,10,46,0.21739130434782608
2019,South Carolina,45-54,Male,31,126,0.24603174603174602
2019,South Carolina,55-64,Female,4,29,0.13793103448275862
2019,South Carolina,55-64,Male,38,117,0.3247863247863248
2019,South Carolina,65+,Female,1,53,0.018867924528301886
2019,South Carolina,65+,Male,11,113,0.09734513274336283
2019,South Dakota,0-14,Female,0,3,0
2019,South Dakota,0-14,Male,0,2,0
2019,South Dakota,15–19,Female,0,5,0
2019,South Dakota,15–19,Male,0,9,0
2019,South Dakota,20–24,Female,1,3,0.3333333333333333
2019,South Dakota,20–24,Male,4,7,0.5714285714285714
2019,South Dakota,25–34,Female,0,4,0
2019,South Dakota,25–34,Male,5,15,0.3333333333333333
2019,South Dakota,35–44,Female,2,6,0.3333333333333333
2019,South Dakota,35–44,Male,3,9,0.3333333333333333
2019,South Dakota,45-54,Female,1,3,0.3333333333333333
2019,South Dakota,45-54,Male,1,6,0.16666666666666666
2019,South Dakota,55-64,Female,0,2,0
2019,South Dakota,55-64,Male,5,12,0.4166666666666667
2019,South Dakota,65+,Female,0,2,0
2019,South Dakota,65+,Male,0,14,0
2019,Tennessee,0-14,Female,0,14,0
2019,Tennessee,0-14,Male,0,22,0
2019,Tennessee,15–19,Female,0,21,0
2019,Tennessee,15–19,Male,4,58,0.06896551724137931
2019,Tennessee,20–24,Female,4,25,0.16
2019,Tennessee,20–24,Male,25,85,0.29411764705882354
2019,Tennessee,25–34,Female,6,60,0.1
2019,Tennessee,25–34,Male,48,137,0.35036496350364965
2019,Tennessee,35–44,Female,3,44,0.06818181818181818
2019,Tennessee,35–44,Male,20,94,0.2127659574468085
2019,Tennessee,45-54,Female,8,55,0.14545454545454545
2019,Tennessee,45-54,Male,25,118,0.211864406779661
2019,Tennessee,55-64,Female,2,36,0.05555555555555555
2019,Tennessee,55-64,Male,23,146,0.15753424657534246
2019,Tennessee,65+,Female,1,67,0.014925373134328358
2019,Tennessee,65+,Male,9,153,0.058823529411764705
2019,Texas,0-14,Female,0,62,0
2019,Texas,0-14,Male,0,85,0
2019,Texas,15–19,Female,3,83,0.03614457831325301
2019,Texas,15–19,Male,18,171,0.10526315789473684
2019,Texas,20–24,Female,25,106,0.2358490566037736
2019,Texas,20–24,Male,97,316,0.3069620253164557
2019,Texas,25–34,Female,49,194,0.25257731958762886
2019,Texas,25–34,Male,145,534,0.27153558052434457
2019,Texas,35–44,Female,21,131,0.16030534351145037
2019,Texas,35–44,Male,102,415,0.2457831325301205
2019,Texas,45-54,Female,14,121,0.11570247933884298
2019,Texas,45-54,Male,58,323,0.17956656346749225
2019,Texas,55-64,Female,7,122,0.05737704918032787
2019,Texas,55-64,Male,64,381,0.1679790026246719
2019,Texas,65+,Female,1,191,0.005235602094240838
2019,Texas,65+,Male,19,367,0.051771117166212535
2019,Utah,0-14,Female,0,4,0
2019,Utah,0-14,Male,0,9,0
2019,Utah,15–19,Female,0,7,0
2019,Utah,15–19,Male,0,10,0
2019,Utah,20–24,Female,0,7,0
2019,Utah,20–24,Male,2,20,0.1
2019,Utah,25–34,Female,1,12,0.08333333333333333
2019,Utah,25–34,Male,3,29,0.10344827586206896
2019,Utah,35–44,Female,1,10,0.1
2019,Utah,35–44,Male,6,30,0.2
2019,Utah,45-54,Female,0,8,0
2019,Utah,45-54,Male,4,19,0.21052631578947367
2019,Utah,55-64,Female,0,6,0
2019,Utah,55-64,Male,3,23,0.13043478260869565
2019,Utah,65+,Female,0,20,0
2019,Utah,65+,Male,1,31,0.03225806451612903
2019,Vermont,0-14,Female,0,1,0
2019,Vermont,0-14,Male,0,1,0
2019,Vermont,15–19,Female,0,1,0
2019,Vermont,15–19,Male,0,2,0
2019,Vermont,20–24,Female,0,1,0
2019,Vermont,20–24,Male,1,3,0.3333333333333333
2019,Vermont,25–34,Female,0,1,0
2019,Vermont,25–34,Male,3,8,0.375
2019,Vermont,35–44,Female,0,1,0
2019,Vermont,35–44,Male,0,4,0
2019,Vermont,45-54,Female,0,0,NA
2019,Vermont,45-54,Male,4,6,0.6666666666666666
2019,Vermont,55-64,Female,0,3,0
2019,Vermont,55-64,Male,0,2,0
2019,Vermont,65+,Female,0,4,0
2019,Vermont,65+,Male,0,9,0
2019,Virginia,0-14,Female,0,6,0
2019,Virginia,0-14,Male,0,6,0
2019,Virginia,15–19,Female,1,17,0.058823529411764705
2019,Virginia,15–19,Male,2,36,0.05555555555555555
2019,Virginia,20–24,Female,5,23,0.21739130434782608
2019,Virginia,20–24,Male,15,44,0.3409090909090909
2019,Virginia,25–34,Female,16,45,0.35555555555555557
2019,Virginia,25–34,Male,40,90,0.4444444444444444
2019,Virginia,35–44,Female,8,30,0.26666666666666666
2019,Virginia,35–44,Male,30,79,0.379746835443038
2019,Virginia,45-54,Female,5,23,0.21739130434782608
2019,Virginia,45-54,Male,25,80,0.3125
2019,Virginia,55-64,Female,4,32,0.125
2019,Virginia,55-64,Male,25,107,0.2336448598130841
2019,Virginia,65+,Female,1,54,0.018518518518518517
2019,Virginia,65+,Male,8,144,0.05555555555555555
2019,Washington,0-14,Female,0,6,0
2019,Washington,0-14,Male,0,5,0
2019,Washington,15–19,Female,1,7,0.14285714285714285
2019,Washington,15–19,Male,8,15,0.5333333333333333
2019,Washington,20–24,Female,6,14,0.42857142857142855
2019,Washington,20–24,Male,15,47,0.3191489361702128
2019,Washington,25–34,Female,6,18,0.3333333333333333
2019,Washington,25–34,Male,34,76,0.4473684210526316
2019,Washington,35–44,Female,5,19,0.2631578947368421
2019,Washington,35–44,Male,25,55,0.45454545454545453
2019,Washington,45-54,Female,4,13,0.3076923076923077
2019,Washington,45-54,Male,17,50,0.34
2019,Washington,55-64,Female,4,27,0.14814814814814814
2019,Washington,55-64,Male,11,56,0.19642857142857142
2019,Washington,65+,Female,1,43,0.023255813953488372
2019,Washington,65+,Male,8,77,0.1038961038961039
2019,West Virginia,0-14,Female,0,2,0
2019,West Virginia,0-14,Male,0,3,0
2019,West Virginia,15–19,Female,2,6,0.3333333333333333
2019,West Virginia,15–19,Male,1,10,0.1
2019,West Virginia,20–24,Female,0,5,0
2019,West Virginia,20–24,Male,5,15,0.3333333333333333
2019,West Virginia,25–34,Female,5,18,0.2777777777777778
2019,West Virginia,25–34,Male,8,28,0.2857142857142857
2019,West Virginia,35–44,Female,3,15,0.2
2019,West Virginia,35–44,Male,6,27,0.2222222222222222
2019,West Virginia,45-54,Female,2,11,0.18181818181818182
2019,West Virginia,45-54,Male,6,26,0.23076923076923078
2019,West Virginia,55-64,Female,0,8,0
2019,West Virginia,55-64,Male,4,30,0.13333333333333333
2019,West Virginia,65+,Female,0,21,0
2019,West Virginia,65+,Male,1,35,0.02857142857142857
2019,Wisconsin,0-14,Female,0,9,0
2019,Wisconsin,0-14,Male,0,4,0
2019,Wisconsin,15–19,Female,0,11,0
2019,Wisconsin,15–19,Male,3,28,0.10714285714285714
2019,Wisconsin,20–24,Female,2,11,0.18181818181818182
2019,Wisconsin,20–24,Male,23,47,0.48936170212765956
2019,Wisconsin,25–34,Female,4,16,0.25
2019,Wisconsin,25–34,Male,33,75,0.44
2019,Wisconsin,35–44,Female,5,16,0.3125
2019,Wisconsin,35–44,Male,26,57,0.45614035087719296
2019,Wisconsin,45-54,Female,3,21,0.14285714285714285
2019,Wisconsin,45-54,Male,21,62,0.3387096774193548
2019,Wisconsin,55-64,Female,3,17,0.17647058823529413
2019,Wisconsin,55-64,Male,20,66,0.30303030303030304
2019,Wisconsin,65+,Female,2,41,0.04878048780487805
2019,Wisconsin,65+,Male,6,86,0.06976744186046512
2019,Wyoming,0-14,Female,0,4,0
2019,Wyoming,0-14,Male,0,1,0
2019,Wyoming,15–19,Female,1,2,0.5
2019,Wyoming,15–19,Male,1,7,0.14285714285714285
2019,Wyoming,20–24,Female,1,3,0.3333333333333333
2019,Wyoming,20–24,Male,2,13,0.15384615384615385
2019,Wyoming,25–34,Female,2,7,0.2857142857142857
2019,Wyoming,25–34,Male,4,21,0.19047619047619047
2019,Wyoming,35–44,Female,2,7,0.2857142857142857
2019,Wyoming,35–44,Male,6,18,0.3333333333333333
2019,Wyoming,45-54,Female,1,5,0.2
2019,Wyoming,45-54,Male,4,18,0.2222222222222222
2019,Wyoming,55-64,Female,0,4,0
2019,Wyoming,55-64,Male,3,17,0.17647058823529413
2019,Wyoming,65+,Female,0,6,0
2019,Wyoming,65+,Male,0,14,0
2020,Alabama,0-14,Female,0,14,0
2020,Alabama,0-14,Male,0,12,0
2020,Alabama,15–19,Female,2,13,0.15384615384615385
2020,Alabama,15–19,Male,6,46,0.13043478260869565
2020,Alabama,20–24,Female,5,38,0.13157894736842105
2020,Alabama,20–24,Male,6,82,0.07317073170731707
2020,Alabama,25–34,Female,8,55,0.14545454545454545
2020,Alabama,25–34,Male,29,125,0.232
2020,Alabama,35–44,Female,5,24,0.20833333333333334
2020,Alabama,35–44,Male,12,119,0.10084033613445378
2020,Alabama,45-54,Female,4,35,0.11428571428571428
2020,Alabama,45-54,Male,20,95,0.21052631578947367
2020,Alabama,55-64,Female,4,36,0.1111111111111111
2020,Alabama,55-64,Male,18,99,0.18181818181818182
2020,Alabama,65+,Female,0,54,0
2020,Alabama,65+,Male,5,84,0.05952380952380952
2020,Alaska,0-14,Female,0,1,0
2020,Alaska,0-14,Male,0,3,0
2020,Alaska,15–19,Female,1,3,0.3333333333333333
2020,Alaska,15–19,Male,0,2,0
2020,Alaska,20–24,Female,0,2,0
2020,Alaska,20–24,Male,1,5,0.2
2020,Alaska,25–34,Female,3,7,0.42857142857142855
2020,Alaska,25–34,Male,1,4,0.25
2020,Alaska,35–44,Female,1,5,0.2
2020,Alaska,35–44,Male,6,9,0.6666666666666666
2020,Alaska,45-54,Female,0,1,0
2020,Alaska,45-54,Male,0,2,0
2020,Alaska,55-64,Female,1,3,0.3333333333333333
2020,Alaska,55-64,Male,3,6,0.5
2020,Alaska,65+,Female,0,5,0
2020,Alaska,65+,Male,0,6,0
2020,Arizona,0-14,Female,0,21,0
2020,Arizona,0-14,Male,0,20,0
2020,Arizona,15–19,Female,0,20,0
2020,Arizona,15–19,Male,5,47,0.10638297872340426
2020,Arizona,20–24,Female,2,23,0.08695652173913043
2020,Arizona,20–24,Male,9,79,0.11392405063291139
2020,Arizona,25–34,Female,7,46,0.15217391304347827
2020,Arizona,25–34,Male,17,143,0.11888111888111888
2020,Arizona,35–44,Female,2,49,0.04081632653061224
2020,Arizona,35–44,Male,16,116,0.13793103448275862
2020,Arizona,45-54,Female,2,25,0.08
2020,Arizona,45-54,Male,10,80,0.125
2020,Arizona,55-64,Female,5,43,0.11627906976744186
2020,Arizona,55-64,Male,8,148,0.05405405405405406
2020,Arizona,65+,Female,0,55,0
2020,Arizona,65+,Male,5,125,0.04
2020,Arkansas,0-14,Female,0,7,0
2020,Arkansas,0-14,Male,0,19,0
2020,Arkansas,15–19,Female,1,14,0.07142857142857142
2020,Arkansas,15–19,Male,1,31,0.03225806451612903
2020,Arkansas,20–24,Female,3,21,0.14285714285714285
2020,Arkansas,20–24,Male,5,31,0.16129032258064516
2020,Arkansas,25–34,Female,12,39,0.3076923076923077
2020,Arkansas,25–34,Male,21,84,0.25
2020,Arkansas,35–44,Female,11,40,0.275
2020,Arkansas,35–44,Male,20,70,0.2857142857142857
2020,Arkansas,45-54,Female,5,25,0.2
2020,Arkansas,45-54,Male,14,67,0.208955223880597
2020,Arkansas,55-64,Female,3,18,0.16666666666666666
2020,Arkansas,55-64,Male,17,83,0.20481927710843373
2020,Arkansas,65+,Female,1,32,0.03125
2020,Arkansas,65+,Male,3,69,0.043478260869565216
2020,California,0-14,Female,1,34,0.029411764705882353
2020,California,0-14,Male,2,70,0.02857142857142857
2020,California,15–19,Female,13,81,0.16049382716049382
2020,California,15–19,Male,24,161,0.14906832298136646
2020,California,20–24,Female,36,119,0.3025210084033613
2020,California,20–24,Male,109,332,0.32831325301204817
2020,California,25–34,Female,59,196,0.3010204081632653
2020,California,25–34,Male,208,705,0.2950354609929078
2020,California,35–44,Female,30,131,0.22900763358778625
2020,California,35–44,Male,124,487,0.2546201232032854
2020,California,45-54,Female,31,138,0.2246376811594203
2020,California,45-54,Male,89,380,0.23421052631578948
2020,California,55-64,Female,7,145,0.04827586206896552
2020,California,55-64,Male,90,438,0.2054794520547945
2020,California,65+,Female,7,169,0.04142011834319527
2020,California,65+,Male,40,382,0.10471204188481675
2020,Colorado,0-14,Female,0,6,0
2020,Colorado,0-14,Male,1,11,0.09090909090909091
2020,Colorado,15–19,Female,6,18,0.3333333333333333
2020,Colorado,15–19,Male,6,26,0.23076923076923078
2020,Colorado,20–24,Female,5,19,0.2631578947368421
2020,Colorado,20–24,Male,25,64,0.390625
2020,Colorado,25–34,Female,13,31,0.41935483870967744
2020,Colorado,25–34,Male,32,91,0.3516483516483517
2020,Colorado,35–44,Female,10,30,0.3333333333333333
2020,Colorado,35–44,Male,23,66,0.3484848484848485
2020,Colorado,45-54,Female,2,17,0.11764705882352941
2020,Colorado,45-54,Male,25,75,0.3333333333333333
2020,Colorado,55-64,Female,1,14,0.07142857142857142
2020,Colorado,55-64,Male,11,63,0.1746031746031746
2020,Colorado,65+,Female,0,29,0
2020,Colorado,65+,Male,5,62,0.08064516129032258
2020,Connecticut,0-14,Female,0,2,0
2020,Connecticut,0-14,Male,0,1,0
2020,Connecticut,15–19,Female,0,3,0
2020,Connecticut,15–19,Male,0,17,0
2020,Connecticut,20–24,Female,1,6,0.16666666666666666
2020,Connecticut,20–24,Male,14,28,0.5
2020,Connecticut,25–34,Female,7,12,0.5833333333333334
2020,Connecticut,25–34,Male,25,59,0.423728813559322
2020,Connecticut,35–44,Female,6,13,0.46153846153846156
2020,Connecticut,35–44,Male,10,28,0.35714285714285715
2020,Connecticut,45-54,Female,1,5,0.2
2020,Connecticut,45-54,Male,11,31,0.3548387096774194
2020,Connecticut,55-64,Female,1,11,0.09090909090909091
2020,Connecticut,55-64,Male,11,32,0.34375
2020,Connecticut,65+,Female,2,19,0.10526315789473684
2020,Connecticut,65+,Male,4,30,0.13333333333333333
2020,Delaware,0-14,Female,0,0,NA
2020,Delaware,0-14,Male,0,0,NA
2020,Delaware,15–19,Female,0,2,0
2020,Delaware,15–19,Male,2,8,0.25
2020,Delaware,20–24,Female,1,3,0.3333333333333333
2020,Delaware,20–24,Male,3,11,0.2727272727272727
2020,Delaware,25–34,Female,3,7,0.42857142857142855
2020,Delaware,25–34,Male,9,18,0.5
2020,Delaware,35–44,Female,1,5,0.2
2020,Delaware,35–44,Male,3,7,0.42857142857142855
2020,Delaware,45-54,Female,0,4,0
2020,Delaware,45-54,Male,2,11,0.18181818181818182
2020,Delaware,55-64,Female,0,4,0
2020,Delaware,55-64,Male,2,6,0.3333333333333333
2020,Delaware,65+,Female,0,12,0
2020,Delaware,65+,Male,2,18,0.1111111111111111
2020,District of Columbia,0-14,Female,0,0,NA
2020,District of Columbia,0-14,Male,0,0,NA
2020,District of Columbia,15–19,Female,0,0,NA
2020,District of Columbia,15–19,Male,0,1,0
2020,District of Columbia,20–24,Female,0,0,NA
2020,District of Columbia,20–24,Male,1,4,0.25
2020,District of Columbia,25–34,Female,0,2,0
2020,District of Columbia,25–34,Male,1,7,0.14285714285714285
2020,District of Columbia,35–44,Female,0,1,0
2020,District of Columbia,35–44,Male,3,12,0.25
2020,District of Columbia,45-54,Female,2,3,0.6666666666666666
2020,District of Columbia,45-54,Male,1,2,0.5
2020,District of Columbia,55-64,Female,0,1,0
2020,District of Columbia,55-64,Male,0,0,NA
2020,District of Columbia,65+,Female,0,2,0
2020,District of Columbia,65+,Male,0,1,0
2020,Florida,0-14,Female,0,35,0
2020,Florida,0-14,Male,0,52,0
2020,Florida,15–19,Female,1,63,0.015873015873015872
2020,Florida,15–19,Male,13,136,0.09558823529411764
2020,Florida,20–24,Female,14,80,0.175
2020,Florida,20–24,Male,49,252,0.19444444444444445
2020,Florida,25–34,Female,37,154,0.24025974025974026
2020,Florida,25–34,Male,129,457,0.28227571115973743
2020,Florida,35–44,Female,17,126,0.1349206349206349
2020,Florida,35–44,Male,76,360,0.2111111111111111
2020,Florida,45-54,Female,15,104,0.14423076923076922
2020,Florida,45-54,Male,87,330,0.2636363636363636
2020,Florida,55-64,Female,11,121,0.09090909090909091
2020,Florida,55-64,Male,79,377,0.20954907161803712
2020,Florida,65+,Female,7,194,0.03608247422680412
2020,Florida,65+,Male,29,423,0.06855791962174941
2020,Georgia,0-14,Female,0,22,0
2020,Georgia,0-14,Male,0,32,0
2020,Georgia,15–19,Female,0,29,0
2020,Georgia,15–19,Male,3,77,0.03896103896103896
2020,Georgia,20–24,Female,3,40,0.075
2020,Georgia,20–24,Male,14,108,0.12962962962962962
2020,Georgia,25–34,Female,12,82,0.14634146341463414
2020,Georgia,25–34,Male,45,247,0.18218623481781376
2020,Georgia,35–44,Female,11,73,0.1506849315068493
2020,Georgia,35–44,Male,25,176,0.14204545454545456
2020,Georgia,45-54,Female,0,59,0
2020,Georgia,45-54,Male,30,159,0.18867924528301888
2020,Georgia,55-64,Female,3,58,0.05172413793103448
2020,Georgia,55-64,Male,23,188,0.12234042553191489
2020,Georgia,65+,Female,1,84,0.011904761904761904
2020,Georgia,65+,Male,13,188,0.06914893617021277
2020,Hawaii,0-14,Female,0,0,NA
2020,Hawaii,0-14,Male,0,1,0
2020,Hawaii,15–19,Female,0,1,0
2020,Hawaii,15–19,Male,0,2,0
2020,Hawaii,20–24,Female,1,2,0.5
2020,Hawaii,20–24,Male,6,13,0.46153846153846156
2020,Hawaii,25–34,Female,0,4,0
2020,Hawaii,25–34,Male,5,13,0.38461538461538464
2020,Hawaii,35–44,Female,0,3,0
2020,Hawaii,35–44,Male,0,4,0
2020,Hawaii,45-54,Female,0,2,0
2020,Hawaii,45-54,Male,2,9,0.2222222222222222
2020,Hawaii,55-64,Female,0,2,0
2020,Hawaii,55-64,Male,3,13,0.23076923076923078
2020,Hawaii,65+,Female,0,4,0
2020,Hawaii,65+,Male,1,12,0.08333333333333333
2020,Idaho,0-14,Female,0,3,0
2020,Idaho,0-14,Male,0,2,0
2020,Idaho,15–19,Female,0,6,0
2020,Idaho,15–19,Male,2,18,0.1111111111111111
2020,Idaho,20–24,Female,0,11,0
2020,Idaho,20–24,Male,5,20,0.25
2020,Idaho,25–34,Female,0,11,0
2020,Idaho,25–34,Male,7,15,0.4666666666666667
2020,Idaho,35–44,Female,1,12,0.08333333333333333
2020,Idaho,35–44,Male,9,27,0.3333333333333333
2020,Idaho,45-54,Female,0,9,0
2020,Idaho,45-54,Male,8,20,0.4
2020,Idaho,55-64,Female,0,5,0
2020,Idaho,55-64,Male,2,22,0.09090909090909091
2020,Idaho,65+,Female,1,11,0.09090909090909091
2020,Idaho,65+,Male,2,22,0.09090909090909091
2020,Illinois,0-14,Female,0,16,0
2020,Illinois,0-14,Male,0,18,0
2020,Illinois,15–19,Female,2,29,0.06896551724137931
2020,Illinois,15–19,Male,7,61,0.11475409836065574
2020,Illinois,20–24,Female,8,35,0.22857142857142856
2020,Illinois,20–24,Male,17,94,0.18085106382978725
2020,Illinois,25–34,Female,11,56,0.19642857142857142
2020,Illinois,25–34,Male,50,184,0.2717391304347826
2020,Illinois,35–44,Female,8,37,0.21621621621621623
2020,Illinois,35–44,Male,28,119,0.23529411764705882
2020,Illinois,45-54,Female,6,35,0.17142857142857143
2020,Illinois,45-54,Male,38,124,0.3064516129032258
2020,Illinois,55-64,Female,1,41,0.024390243902439025
2020,Illinois,55-64,Male,16,112,0.14285714285714285
2020,Illinois,65+,Female,2,71,0.028169014084507043
2020,Illinois,65+,Male,8,145,0.05517241379310345
2020,Indiana,0-14,Female,0,10,0
2020,Indiana,0-14,Male,0,18,0
2020,Indiana,15–19,Female,0,28,0
2020,Indiana,15–19,Male,1,39,0.02564102564102564
2020,Indiana,20–24,Female,0,26,0
2020,Indiana,20–24,Male,11,68,0.16176470588235295
2020,Indiana,25–34,Female,4,39,0.10256410256410256
2020,Indiana,25–34,Male,19,122,0.1557377049180328
2020,Indiana,35–44,Female,2,28,0.07142857142857142
2020,Indiana,35–44,Male,19,86,0.22093023255813954
2020,Indiana,45-54,Female,2,29,0.06896551724137931
2020,Indiana,45-54,Male,17,105,0.1619047619047619
2020,Indiana,55-64,Female,1,32,0.03125
2020,Indiana,55-64,Male,16,101,0.15841584158415842
2020,Indiana,65+,Female,0,48,0
2020,Indiana,65+,Male,5,100,0.05
2020,Iowa,0-14,Female,0,6,0
2020,Iowa,0-14,Male,0,9,0
2020,Iowa,15–19,Female,0,10,0
2020,Iowa,15–19,Male,1,16,0.0625
2020,Iowa,20–24,Female,0,9,0
2020,Iowa,20–24,Male,7,36,0.19444444444444445
2020,Iowa,25–34,Female,2,16,0.125
2020,Iowa,25–34,Male,9,35,0.2571428571428571
2020,Iowa,35–44,Female,2,14,0.14285714285714285
2020,Iowa,35–44,Male,5,22,0.22727272727272727
2020,Iowa,45-54,Female,1,9,0.1111111111111111
2020,Iowa,45-54,Male,10,49,0.20408163265306123
2020,Iowa,55-64,Female,1,13,0.07692307692307693
2020,Iowa,55-64,Male,5,33,0.15151515151515152
2020,Iowa,65+,Female,0,17,0
2020,Iowa,65+,Male,2,48,0.041666666666666664
2020,Kansas,0-14,Female,0,7,0
2020,Kansas,0-14,Male,0,12,0
2020,Kansas,15–19,Female,0,8,0
2020,Kansas,15–19,Male,1,14,0.07142857142857142
2020,Kansas,20–24,Female,2,7,0.2857142857142857
2020,Kansas,20–24,Male,9,32,0.28125
2020,Kansas,25–34,Female,3,17,0.17647058823529413
2020,Kansas,25–34,Male,12,53,0.22641509433962265
2020,Kansas,35–44,Female,0,10,0
2020,Kansas,35–44,Male,7,44,0.1590909090909091
2020,Kansas,45-54,Female,0,17,0
2020,Kansas,45-54,Male,5,41,0.12195121951219512
2020,Kansas,55-64,Female,0,22,0
2020,Kansas,55-64,Male,2,46,0.043478260869565216
2020,Kansas,65+,Female,1,31,0.03225806451612903
2020,Kansas,65+,Male,4,64,0.0625
2020,Kentucky,0-14,Female,0,8,0
2020,Kentucky,0-14,Male,0,8,0
2020,Kentucky,15–19,Female,2,17,0.11764705882352941
2020,Kentucky,15–19,Male,3,29,0.10344827586206896
2020,Kentucky,20–24,Female,7,28,0.25
2020,Kentucky,20–24,Male,18,68,0.2647058823529412
2020,Kentucky,25–34,Female,8,45,0.17777777777777778
2020,Kentucky,25–34,Male,31,110,0.2818181818181818
2020,Kentucky,35–44,Female,7,41,0.17073170731707318
2020,Kentucky,35–44,Male,30,84,0.35714285714285715
2020,Kentucky,45-54,Female,5,36,0.1388888888888889
2020,Kentucky,45-54,Male,18,64,0.28125
2020,Kentucky,55-64,Female,2,27,0.07407407407407407
2020,Kentucky,55-64,Male,14,76,0.18421052631578946
2020,Kentucky,65+,Female,0,48,0
2020,Kentucky,65+,Male,6,90,0.06666666666666667
2020,Louisiana,0-14,Female,0,11,0
2020,Louisiana,0-14,Male,0,20,0
2020,Louisiana,15–19,Female,0,13,0
2020,Louisiana,15–19,Male,2,30,0.06666666666666667
2020,Louisiana,20–24,Female,4,22,0.18181818181818182
2020,Louisiana,20–24,Male,13,52,0.25
2020,Louisiana,25–34,Female,10,40,0.25
2020,Louisiana,25–34,Male,42,140,0.3
2020,Louisiana,35–44,Female,4,32,0.125
2020,Louisiana,35–44,Male,24,89,0.2696629213483146
2020,Louisiana,45-54,Female,6,29,0.20689655172413793
2020,Louisiana,45-54,Male,33,112,0.29464285714285715
2020,Louisiana,55-64,Female,8,28,0.2857142857142857
2020,Louisiana,55-64,Male,24,84,0.2857142857142857
2020,Louisiana,65+,Female,1,30,0.03333333333333333
2020,Louisiana,65+,Male,9,95,0.09473684210526316
2020,Maine,0-14,Female,0,2,0
2020,Maine,0-14,Male,0,3,0
2020,Maine,15–19,Female,1,4,0.25
2020,Maine,15–19,Male,1,9,0.1111111111111111
2020,Maine,20–24,Female,0,1,0
2020,Maine,20–24,Male,4,9,0.4444444444444444
2020,Maine,25–34,Female,3,7,0.42857142857142855
2020,Maine,25–34,Male,9,22,0.4090909090909091
2020,Maine,35–44,Female,1,4,0.25
2020,Maine,35–44,Male,6,14,0.42857142857142855
2020,Maine,45-54,Female,1,7,0.14285714285714285
2020,Maine,45-54,Male,8,22,0.36363636363636365
2020,Maine,55-64,Female,0,3,0
2020,Maine,55-64,Male,6,22,0.2727272727272727
2020,Maine,65+,Female,0,8,0
2020,Maine,65+,Male,5,27,0.18518518518518517
2020,Maryland,0-14,Female,0,2,0
2020,Maryland,0-14,Male,0,5,0
2020,Maryland,15–19,Female,3,9,0.3333333333333333
2020,Maryland,15–19,Male,3,21,0.14285714285714285
2020,Maryland,20–24,Female,6,20,0.3
2020,Maryland,20–24,Male,16,53,0.3018867924528302
2020,Maryland,25–34,Female,9,31,0.2903225806451613
2020,Maryland,25–34,Male,40,83,0.4819277108433735
2020,Maryland,35–44,Female,3,15,0.2
2020,Maryland,35–44,Male,32,74,0.43243243243243246
2020,Maryland,45-54,Female,2,19,0.10526315789473684
2020,Maryland,45-54,Male,18,72,0.25
2020,Maryland,55-64,Female,3,12,0.25
2020,Maryland,55-64,Male,22,71,0.30985915492957744
2020,Maryland,65+,Female,0,29,0
2020,Maryland,65+,Male,5,57,0.08771929824561403
2020,Massachusetts,0-14,Female,0,1,0
2020,Massachusetts,0-14,Male,0,0,NA
2020,Massachusetts,15–19,Female,0,4,0
2020,Massachusetts,15–19,Male,4,21,0.19047619047619047
2020,Massachusetts,20–24,Female,4,11,0.36363636363636365
2020,Massachusetts,20–24,Male,9,26,0.34615384615384615
2020,Massachusetts,25–34,Female,7,18,0.3888888888888889
2020,Massachusetts,25–34,Male,27,57,0.47368421052631576
2020,Massachusetts,35–44,Female,5,13,0.38461538461538464
2020,Massachusetts,35–44,Male,9,31,0.2903225806451613
2020,Massachusetts,45-54,Female,0,5,0
2020,Massachusetts,45-54,Male,9,30,0.3
2020,Massachusetts,55-64,Female,1,10,0.1
2020,Massachusetts,55-64,Male,6,34,0.17647058823529413
2020,Massachusetts,65+,Female,2,30,0.06666666666666667
2020,Massachusetts,65+,Male,1,51,0.0196078431372549
2020,Michigan,0-14,Female,0,12,0
2020,Michigan,0-14,Male,0,16,0
2020,Michigan,15–19,Female,2,21,0.09523809523809523
2020,Michigan,15–19,Male,3,37,0.08108108108108109
2020,Michigan,20–24,Female,2,37,0.05405405405405406
2020,Michigan,20–24,Male,6,84,0.07142857142857142
2020,Michigan,25–34,Female,2,58,0.034482758620689655
2020,Michigan,25–34,Male,27,156,0.17307692307692307
2020,Michigan,35–44,Female,3,37,0.08108108108108109
2020,Michigan,35–44,Male,18,103,0.17475728155339806
2020,Michigan,45-54,Female,2,36,0.05555555555555555
2020,Michigan,45-54,Male,19,110,0.17272727272727273
2020,Michigan,55-64,Female,1,43,0.023255813953488372
2020,Michigan,55-64,Male,9,108,0.08333333333333333
2020,Michigan,65+,Female,0,71,0
2020,Michigan,65+,Male,11,157,0.07006369426751592
2020,Minnesota,0-14,Female,0,1,0
2020,Minnesota,0-14,Male,1,8,0.125
2020,Minnesota,15–19,Female,1,12,0.08333333333333333
2020,Minnesota,15–19,Male,8,24,0.3333333333333333
2020,Minnesota,20–24,Female,0,7,0
2020,Minnesota,20–24,Male,7,22,0.3181818181818182
2020,Minnesota,25–34,Female,7,18,0.3888888888888889
2020,Minnesota,25–34,Male,18,50,0.36
2020,Minnesota,35–44,Female,7,20,0.35
2020,Minnesota,35–44,Male,7,30,0.23333333333333334
2020,Minnesota,45-54,Female,5,19,0.2631578947368421
2020,Minnesota,45-54,Male,12,45,0.26666666666666666
2020,Minnesota,55-64,Female,1,12,0.08333333333333333
2020,Minnesota,55-64,Male,12,54,0.2222222222222222
2020,Minnesota,65+,Female,1,19,0.05263157894736842
2020,Minnesota,65+,Male,4,51,0.0784313725490196
2020,Mississippi,0-14,Female,0,13,0
2020,Mississippi,0-14,Male,0,17,0
2020,Mississippi,15–19,Female,0,10,0
2020,Mississippi,15–19,Male,0,45,0
2020,Mississippi,20–24,Female,2,26,0.07692307692307693
2020,Mississippi,20–24,Male,2,54,0.037037037037037035
2020,Mississippi,25–34,Female,2,46,0.043478260869565216
2020,Mississippi,25–34,Male,13,99,0.13131313131313133
2020,Mississippi,35–44,Female,4,34,0.11764705882352941
2020,Mississippi,35–44,Male,12,93,0.12903225806451613
2020,Mississippi,45-54,Female,3,32,0.09375
2020,Mississippi,45-54,Male,12,74,0.16216216216216217
2020,Mississippi,55-64,Female,1,21,0.047619047619047616
2020,Mississippi,55-64,Male,5,76,0.06578947368421052
2020,Mississippi,65+,Female,1,33,0.030303030303030304
2020,Mississippi,65+,Male,1,68,0.014705882352941176
2020,Missouri,0-14,Female,0,11,0
2020,Missouri,0-14,Male,0,17,0
2020,Missouri,15–19,Female,1,20,0.05
2020,Missouri,15–19,Male,7,47,0.14893617021276595
2020,Missouri,20–24,Female,8,33,0.24242424242424243
2020,Missouri,20–24,Male,23,65,0.35384615384615387
2020,Missouri,25–34,Female,11,50,0.22
2020,Missouri,25–34,Male,52,152,0.34210526315789475
2020,Missouri,35–44,Female,12,55,0.21818181818181817
2020,Missouri,35–44,Male,45,112,0.4017857142857143
2020,Missouri,45-54,Female,5,30,0.16666666666666666
2020,Missouri,45-54,Male,36,99,0.36363636363636365
2020,Missouri,55-64,Female,5,28,0.17857142857142858
2020,Missouri,55-64,Male,23,87,0.26436781609195403
2020,Missouri,65+,Female,2,70,0.02857142857142857
2020,Missouri,65+,Male,11,109,0.10091743119266056
2020,Montana,0-14,Female,0,6,0
2020,Montana,0-14,Male,0,3,0
2020,Montana,15–19,Female,1,5,0.2
2020,Montana,15–19,Male,4,10,0.4
2020,Montana,20–24,Female,3,10,0.3
2020,Montana,20–24,Male,7,14,0.5
2020,Montana,25–34,Female,5,15,0.3333333333333333
2020,Montana,25–34,Male,11,25,0.44
2020,Montana,35–44,Female,3,9,0.3333333333333333
2020,Montana,35–44,Male,12,23,0.5217391304347826
2020,Montana,45-54,Female,3,8,0.375
2020,Montana,45-54,Male,15,26,0.5769230769230769
2020,Montana,55-64,Female,1,4,0.25
2020,Montana,55-64,Male,8,22,0.36363636363636365
2020,Montana,65+,Female,1,9,0.1111111111111111
2020,Montana,65+,Male,4,23,0.17391304347826086
2020,Nebraska,0-14,Female,0,2,0
2020,Nebraska,0-14,Male,0,4,0
2020,Nebraska,15–19,Female,1,12,0.08333333333333333
2020,Nebraska,15–19,Male,1,6,0.16666666666666666
2020,Nebraska,20–24,Female,1,5,0.2
2020,Nebraska,20–24,Male,6,22,0.2727272727272727
2020,Nebraska,25–34,Female,2,7,0.2857142857142857
2020,Nebraska,25–34,Male,12,37,0.32432432432432434
2020,Nebraska,35–44,Female,2,8,0.25
2020,Nebraska,35–44,Male,7,25,0.28
2020,Nebraska,45-54,Female,1,4,0.25
2020,Nebraska,45-54,Male,6,17,0.35294117647058826
2020,Nebraska,55-64,Female,1,9,0.1111111111111111
2020,Nebraska,55-64,Male,5,29,0.1724137931034483
2020,Nebraska,65+,Female,0,6,0
2020,Nebraska,65+,Male,5,40,0.125
2020,Nevada,0-14,Female,0,0,NA
2020,Nevada,0-14,Male,0,8,0
2020,Nevada,15–19,Female,2,12,0.16666666666666666
2020,Nevada,15–19,Male,3,10,0.3
2020,Nevada,20–24,Female,0,7,0
2020,Nevada,20–24,Male,3,23,0.13043478260869565
2020,Nevada,25–34,Female,4,20,0.2
2020,Nevada,25–34,Male,16,51,0.3137254901960784
2020,Nevada,35–44,Female,6,16,0.375
2020,Nevada,35–44,Male,14,37,0.3783783783783784
2020,Nevada,45-54,Female,0,5,0
2020,Nevada,45-54,Male,7,32,0.21875
2020,Nevada,55-64,Female,1,13,0.07692307692307693
2020,Nevada,55-64,Male,8,38,0.21052631578947367
2020,Nevada,65+,Female,1,21,0.047619047619047616
2020,Nevada,65+,Male,2,35,0.05714285714285714
2020,New Hampshire,0-14,Female,0,0,NA
2020,New Hampshire,0-14,Male,0,1,0
2020,New Hampshire,15–19,Female,0,1,0
2020,New Hampshire,15–19,Male,1,3,0.3333333333333333
2020,New Hampshire,20–24,Female,0,3,0
2020,New Hampshire,20–24,Male,2,4,0.5
2020,New Hampshire,25–34,Female,2,5,0.4
2020,New Hampshire,25–34,Male,12,17,0.7058823529411765
2020,New Hampshire,35–44,Female,1,4,0.25
2020,New Hampshire,35–44,Male,1,6,0.16666666666666666
2020,New Hampshire,45-54,Female,1,4,0.25
2020,New Hampshire,45-54,Male,5,10,0.5
2020,New Hampshire,55-64,Female,1,4,0.25
2020,New Hampshire,55-64,Male,6,15,0.4
2020,New Hampshire,65+,Female,0,11,0
2020,New Hampshire,65+,Male,0,16,0
2020,New Jersey,0-14,Female,0,6,0
2020,New Jersey,0-14,Male,0,6,0
2020,New Jersey,15–19,Female,3,12,0.25
2020,New Jersey,15–19,Male,2,24,0.08333333333333333
2020,New Jersey,20–24,Female,1,16,0.0625
2020,New Jersey,20–24,Male,19,46,0.41304347826086957
2020,New Jersey,25–34,Female,3,17,0.17647058823529413
2020,New Jersey,25–34,Male,31,91,0.34065934065934067
2020,New Jersey,35–44,Female,6,23,0.2608695652173913
2020,New Jersey,35–44,Male,21,54,0.3888888888888889
2020,New Jersey,45-54,Female,1,16,0.0625
2020,New Jersey,45-54,Male,18,51,0.35294117647058826
2020,New Jersey,55-64,Female,2,29,0.06896551724137931
2020,New Jersey,55-64,Male,20,76,0.2631578947368421
2020,New Jersey,65+,Female,1,53,0.018867924528301886
2020,New Jersey,65+,Male,5,65,0.07692307692307693
2020,New Mexico,0-14,Female,0,8,0
2020,New Mexico,0-14,Male,0,2,0
2020,New Mexico,15–19,Female,1,11,0.09090909090909091
2020,New Mexico,15–19,Male,4,19,0.21052631578947367
2020,New Mexico,20–24,Female,5,12,0.4166666666666667
2020,New Mexico,20–24,Male,9,22,0.4090909090909091
2020,New Mexico,25–34,Female,5,22,0.22727272727272727
2020,New Mexico,25–34,Male,17,49,0.3469387755102041
2020,New Mexico,35–44,Female,6,20,0.3
2020,New Mexico,35–44,Male,20,47,0.425531914893617
2020,New Mexico,45-54,Female,5,17,0.29411764705882354
2020,New Mexico,45-54,Male,17,42,0.40476190476190477
2020,New Mexico,55-64,Female,3,21,0.14285714285714285
2020,New Mexico,55-64,Male,10,49,0.20408163265306123
2020,New Mexico,65+,Female,0,16,0
2020,New Mexico,65+,Male,5,41,0.12195121951219512
2020,New York,0-14,Female,0,16,0
2020,New York,0-14,Male,0,14,0
2020,New York,15–19,Female,0,15,0
2020,New York,15–19,Male,6,46,0.13043478260869565
2020,New York,20–24,Female,4,31,0.12903225806451613
2020,New York,20–24,Male,16,96,0.16666666666666666
2020,New York,25–34,Female,9,40,0.225
2020,New York,25–34,Male,40,174,0.22988505747126436
2020,New York,35–44,Female,6,32,0.1875
2020,New York,35–44,Male,28,113,0.24778761061946902
2020,New York,45-54,Female,4,24,0.16666666666666666
2020,New York,45-54,Male,30,87,0.3448275862068966
2020,New York,55-64,Female,5,42,0.11904761904761904
2020,New York,55-64,Male,18,98,0.1836734693877551
2020,New York,65+,Female,1,83,0.012048192771084338
2020,New York,65+,Male,7,129,0.05426356589147287
2020,North Carolina,0-14,Female,0,16,0
2020,North Carolina,0-14,Male,0,15,0
2020,North Carolina,15–19,Female,1,32,0.03125
2020,North Carolina,15–19,Male,5,79,0.06329113924050633
2020,North Carolina,20–24,Female,8,51,0.1568627450980392
2020,North Carolina,20–24,Male,31,146,0.21232876712328766
2020,North Carolina,25–34,Female,7,77,0.09090909090909091
2020,North Carolina,25–34,Male,54,227,0.23788546255506607
2020,North Carolina,35–44,Female,7,48,0.14583333333333334
2020,North Carolina,35–44,Male,47,187,0.25133689839572193
2020,North Carolina,45-54,Female,5,59,0.0847457627118644
2020,North Carolina,45-54,Male,34,137,0.24817518248175183
2020,North Carolina,55-64,Female,2,46,0.043478260869565216
2020,North Carolina,55-64,Male,22,178,0.12359550561797752
2020,North Carolina,65+,Female,1,82,0.012195121951219513
2020,North Carolina,65+,Male,8,152,0.05263157894736842
2020,North Dakota,0-14,Female,0,0,NA
2020,North Dakota,0-14,Male,0,4,0
2020,North Dakota,15–19,Female,0,4,0
2020,North Dakota,15–19,Male,1,3,0.3333333333333333
2020,North Dakota,20–24,Female,1,2,0.5
2020,North Dakota,20–24,Male,3,7,0.42857142857142855
2020,North Dakota,25–34,Female,1,3,0.3333333333333333
2020,North Dakota,25–34,Male,8,20,0.4
2020,North Dakota,35–44,Female,2,2,1
2020,North Dakota,35–44,Male,6,10,0.6
2020,North Dakota,45-54,Female,3,7,0.42857142857142855
2020,North Dakota,45-54,Male,1,6,0.16666666666666666
2020,North Dakota,55-64,Female,0,5,0
2020,North Dakota,55-64,Male,2,8,0.25
2020,North Dakota,65+,Female,0,5,0
2020,North Dakota,65+,Male,2,14,0.14285714285714285
2020,Ohio,0-14,Female,1,13,0.07692307692307693
2020,Ohio,0-14,Male,0,23,0
2020,Ohio,15–19,Female,4,26,0.15384615384615385
2020,Ohio,15–19,Male,5,44,0.11363636363636363
2020,Ohio,20–24,Female,10,35,0.2857142857142857
2020,Ohio,20–24,Male,21,78,0.2692307692307692
2020,Ohio,25–34,Female,27,69,0.391304347826087
2020,Ohio,25–34,Male,65,174,0.3735632183908046
2020,Ohio,35–44,Female,15,47,0.3191489361702128
2020,Ohio,35–44,Male,50,150,0.3333333333333333
2020,Ohio,45-54,Female,12,55,0.21818181818181817
2020,Ohio,45-54,Male,38,116,0.3275862068965517
2020,Ohio,55-64,Female,8,47,0.1702127659574468
2020,Ohio,55-64,Male,39,133,0.2932330827067669
2020,Ohio,65+,Female,2,74,0.02702702702702703
2020,Ohio,65+,Male,21,145,0.14482758620689656
2020,Oklahoma,0-14,Female,0,13,0
2020,Oklahoma,0-14,Male,0,14,0
2020,Oklahoma,15–19,Female,0,17,0
2020,Oklahoma,15–19,Male,3,28,0.10714285714285714
2020,Oklahoma,20–24,Female,4,27,0.14814814814814814
2020,Oklahoma,20–24,Male,15,41,0.36585365853658536
2020,Oklahoma,25–34,Female,10,42,0.23809523809523808
2020,Oklahoma,25–34,Male,30,68,0.4411764705882353
2020,Oklahoma,35–44,Female,9,39,0.23076923076923078
2020,Oklahoma,35–44,Male,20,72,0.2777777777777778
2020,Oklahoma,45-54,Female,6,24,0.25
2020,Oklahoma,45-54,Male,26,65,0.4
2020,Oklahoma,55-64,Female,7,30,0.23333333333333334
2020,Oklahoma,55-64,Male,10,76,0.13157894736842105
2020,Oklahoma,65+,Female,1,36,0.027777777777777776
2020,Oklahoma,65+,Male,4,61,0.06557377049180328
2020,Oregon,0-14,Female,0,7,0
2020,Oregon,0-14,Male,0,9,0
2020,Oregon,15–19,Female,4,15,0.26666666666666666
2020,Oregon,15–19,Male,2,18,0.1111111111111111
2020,Oregon,20–24,Female,4,12,0.3333333333333333
2020,Oregon,20–24,Male,10,29,0.3448275862068966
2020,Oregon,25–34,Female,2,17,0.11764705882352941
2020,Oregon,25–34,Male,16,70,0.22857142857142856
2020,Oregon,35–44,Female,7,18,0.3888888888888889
2020,Oregon,35–44,Male,15,56,0.26785714285714285
2020,Oregon,45-54,Female,5,17,0.29411764705882354
2020,Oregon,45-54,Male,22,57,0.38596491228070173
2020,Oregon,55-64,Female,3,20,0.15
2020,Oregon,55-64,Male,10,57,0.17543859649122806
2020,Oregon,65+,Female,1,34,0.029411764705882353
2020,Oregon,65+,Male,9,71,0.1267605633802817
2020,Pennsylvania,0-14,Female,0,16,0
2020,Pennsylvania,0-14,Male,0,13,0
2020,Pennsylvania,15–19,Female,0,11,0
2020,Pennsylvania,15–19,Male,4,52,0.07692307692307693
2020,Pennsylvania,20–24,Female,2,27,0.07407407407407407
2020,Pennsylvania,20–24,Male,14,84,0.16666666666666666
2020,Pennsylvania,25–34,Female,8,44,0.18181818181818182
2020,Pennsylvania,25–34,Male,42,160,0.2625
2020,Pennsylvania,35–44,Female,10,39,0.2564102564102564
2020,Pennsylvania,35–44,Male,31,125,0.248
2020,Pennsylvania,45-54,Female,1,36,0.027777777777777776
2020,Pennsylvania,45-54,Male,29,118,0.2457627118644068
2020,Pennsylvania,55-64,Female,4,42,0.09523809523809523
2020,Pennsylvania,55-64,Male,34,140,0.24285714285714285
2020,Pennsylvania,65+,Female,1,83,0.012048192771084338
2020,Pennsylvania,65+,Male,7,139,0.050359712230215826
2020,Puerto Rico,0-14,Female,0,0,NA
2020,Puerto Rico,0-14,Male,0,2,0
2020,Puerto Rico,15–19,Female,0,1,0
2020,Puerto Rico,15–19,Male,0,9,0
2020,Puerto Rico,20–24,Female,5,9,0.5555555555555556
2020,Puerto Rico,20–24,Male,4,20,0.2
2020,Puerto Rico,25–34,Female,3,9,0.3333333333333333
2020,Puerto Rico,25–34,Male,12,39,0.3076923076923077
2020,Puerto Rico,35–44,Female,1,3,0.3333333333333333
2020,Puerto Rico,35–44,Male,9,27,0.3333333333333333
2020,Puerto Rico,45-54,Female,2,10,0.2
2020,Puerto Rico,45-54,Male,12,24,0.5
2020,Puerto Rico,55-64,Female,1,6,0.16666666666666666
2020,Puerto Rico,55-64,Male,12,21,0.5714285714285714
2020,Puerto Rico,65+,Female,1,16,0.0625
2020,Puerto Rico,65+,Male,9,35,0.2571428571428571
2020,Rhode Island,0-14,Female,0,0,NA
2020,Rhode Island,0-14,Male,0,0,NA
2020,Rhode Island,15–19,Female,2,2,1
2020,Rhode Island,15–19,Male,1,4,0.25
2020,Rhode Island,20–24,Female,0,0,NA
2020,Rhode Island,20–24,Male,5,9,0.5555555555555556
2020,Rhode Island,25–34,Female,0,1,0
2020,Rhode Island,25–34,Male,5,10,0.5
2020,Rhode Island,35–44,Female,1,1,1
2020,Rhode Island,35–44,Male,4,4,1
2020,Rhode Island,45-54,Female,1,2,0.5
2020,Rhode Island,45-54,Male,3,8,0.375
2020,Rhode Island,55-64,Female,0,3,0
2020,Rhode Island,55-64,Male,4,4,1
2020,Rhode Island,65+,Female,0,9,0
2020,Rhode Island,65+,Male,0,10,0
2020,South Carolina,0-14,Female,0,12,0
2020,South Carolina,0-14,Male,0,11,0
2020,South Carolina,15–19,Female,2,24,0.08333333333333333
2020,South Carolina,15–19,Male,7,41,0.17073170731707318
2020,South Carolina,20–24,Female,7,34,0.20588235294117646
2020,South Carolina,20–24,Male,22,68,0.3235294117647059
2020,South Carolina,25–34,Female,17,66,0.25757575757575757
2020,South Carolina,25–34,Male,70,173,0.4046242774566474
2020,South Carolina,35–44,Female,12,34,0.35294117647058826
2020,South Carolina,35–44,Male,47,126,0.373015873015873
2020,South Carolina,45-54,Female,9,43,0.20930232558139536
2020,South Carolina,45-54,Male,43,126,0.3412698412698413
2020,South Carolina,55-64,Female,4,31,0.12903225806451613
2020,South Carolina,55-64,Male,27,109,0.24770642201834864
2020,South Carolina,65+,Female,0,48,0
2020,South Carolina,65+,Male,17,120,0.14166666666666666
2020,South Dakota,0-14,Female,0,0,NA
2020,South Dakota,0-14,Male,0,2,0
2020,South Dakota,15–19,Female,0,2,0
2020,South Dakota,15–19,Male,1,6,0.16666666666666666
2020,South Dakota,20–24,Female,3,3,1
2020,South Dakota,20–24,Male,3,11,0.2727272727272727
2020,South Dakota,25–34,Female,2,4,0.5
2020,South Dakota,25–34,Male,5,12,0.4166666666666667
2020,South Dakota,35–44,Female,1,5,0.2
2020,South Dakota,35–44,Male,11,22,0.5
2020,South Dakota,45-54,Female,0,5,0
2020,South Dakota,45-54,Male,3,11,0.2727272727272727
2020,South Dakota,55-64,Female,0,5,0
2020,South Dakota,55-64,Male,6,25,0.24
2020,South Dakota,65+,Female,0,5,0
2020,South Dakota,65+,Male,2,23,0.08695652173913043
2020,Tennessee,0-14,Female,0,8,0
2020,Tennessee,0-14,Male,0,14,0
2020,Tennessee,15–19,Female,2,25,0.08
2020,Tennessee,15–19,Male,6,59,0.1016949152542373
2020,Tennessee,20–24,Female,6,40,0.15
2020,Tennessee,20–24,Male,21,93,0.22580645161290322
2020,Tennessee,25–34,Female,10,58,0.1724137931034483
2020,Tennessee,25–34,Male,36,174,0.20689655172413793
2020,Tennessee,35–44,Female,9,55,0.16363636363636364
2020,Tennessee,35–44,Male,33,146,0.22602739726027396
2020,Tennessee,45-54,Female,4,48,0.08333333333333333
2020,Tennessee,45-54,Male,28,138,0.2028985507246377
2020,Tennessee,55-64,Female,2,49,0.04081632653061224
2020,Tennessee,55-64,Male,25,118,0.211864406779661
2020,Tennessee,65+,Female,2,62,0.03225806451612903
2020,Tennessee,65+,Male,7,130,0.05384615384615385
2020,Texas,0-14,Female,0,63,0
2020,Texas,0-14,Male,0,86,0
2020,Texas,15–19,Female,7,77,0.09090909090909091
2020,Texas,15–19,Male,22,202,0.10891089108910891
2020,Texas,20–24,Female,21,108,0.19444444444444445
2020,Texas,20–24,Male,80,332,0.24096385542168675
2020,Texas,25–34,Female,40,240,0.16666666666666666
2020,Texas,25–34,Male,172,600,0.2866666666666667
2020,Texas,35–44,Female,13,140,0.09285714285714286
2020,Texas,35–44,Male,108,470,0.2297872340425532
2020,Texas,45-54,Female,11,136,0.08088235294117647
2020,Texas,45-54,Male,71,388,0.18298969072164947
2020,Texas,55-64,Female,16,125,0.128
2020,Texas,55-64,Male,58,362,0.16022099447513813
2020,Texas,65+,Female,3,171,0.017543859649122806
2020,Texas,65+,Male,25,363,0.06887052341597796
2020,Utah,0-14,Female,0,5,0
2020,Utah,0-14,Male,1,6,0.16666666666666666
2020,Utah,15–19,Female,0,4,0
2020,Utah,15–19,Male,0,15,0
2020,Utah,20–24,Female,0,6,0
2020,Utah,20–24,Male,9,27,0.3333333333333333
2020,Utah,25–34,Female,4,19,0.21052631578947367
2020,Utah,25–34,Male,10,28,0.35714285714285715
2020,Utah,35–44,Female,2,10,0.2
2020,Utah,35–44,Male,4,31,0.12903225806451613
2020,Utah,45-54,Female,2,10,0.2
2020,Utah,45-54,Male,4,19,0.21052631578947367
2020,Utah,55-64,Female,2,9,0.2222222222222222
2020,Utah,55-64,Male,3,25,0.12
2020,Utah,65+,Female,0,17,0
2020,Utah,65+,Male,2,45,0.044444444444444446
2020,Vermont,0-14,Female,0,1,0
2020,Vermont,0-14,Male,0,0,NA
2020,Vermont,15–19,Female,0,1,0
2020,Vermont,15–19,Male,0,3,0
2020,Vermont,20–24,Female,1,3,0.3333333333333333
2020,Vermont,20–24,Male,0,3,0
2020,Vermont,25–34,Female,0,2,0
2020,Vermont,25–34,Male,1,6,0.16666666666666666
2020,Vermont,35–44,Female,3,5,0.6
2020,Vermont,35–44,Male,0,3,0
2020,Vermont,45-54,Female,1,3,0.3333333333333333
2020,Vermont,45-54,Male,5,5,1
2020,Vermont,55-64,Female,2,5,0.4
2020,Vermont,55-64,Male,2,7,0.2857142857142857
2020,Vermont,65+,Female,0,7,0
2020,Vermont,65+,Male,1,8,0.125
2020,Virginia,0-14,Female,0,8,0
2020,Virginia,0-14,Male,0,9,0
2020,Virginia,15–19,Female,3,14,0.21428571428571427
2020,Virginia,15–19,Male,4,32,0.125
2020,Virginia,20–24,Female,5,22,0.22727272727272727
2020,Virginia,20–24,Male,23,66,0.3484848484848485
2020,Virginia,25–34,Female,10,36,0.2777777777777778
2020,Virginia,25–34,Male,58,141,0.41134751773049644
2020,Virginia,35–44,Female,11,31,0.3548387096774194
2020,Virginia,35–44,Male,31,80,0.3875
2020,Virginia,45-54,Female,7,27,0.25925925925925924
2020,Virginia,45-54,Male,28,81,0.345679012345679
2020,Virginia,55-64,Female,4,23,0.17391304347826086
2020,Virginia,55-64,Male,35,110,0.3181818181818182
2020,Virginia,65+,Female,3,44,0.06818181818181818
2020,Virginia,65+,Male,14,115,0.12173913043478261
2020,Washington,0-14,Female,0,6,0
2020,Washington,0-14,Male,0,10,0
2020,Washington,15–19,Female,1,10,0.1
2020,Washington,15–19,Male,7,24,0.2916666666666667
2020,Washington,20–24,Female,5,18,0.2777777777777778
2020,Washington,20–24,Male,14,37,0.3783783783783784
2020,Washington,25–34,Female,7,31,0.22580645161290322
2020,Washington,25–34,Male,25,71,0.352112676056338
2020,Washington,35–44,Female,10,32,0.3125
2020,Washington,35–44,Male,19,61,0.3114754098360656
2020,Washington,45-54,Female,3,17,0.17647058823529413
2020,Washington,45-54,Male,19,51,0.37254901960784315
2020,Washington,55-64,Female,4,21,0.19047619047619047
2020,Washington,55-64,Male,15,69,0.21739130434782608
2020,Washington,65+,Female,0,37,0
2020,Washington,65+,Male,3,62,0.04838709677419355
2020,West Virginia,0-14,Female,0,1,0
2020,West Virginia,0-14,Male,0,4,0
2020,West Virginia,15–19,Female,0,4,0
2020,West Virginia,15–19,Male,3,7,0.42857142857142855
2020,West Virginia,20–24,Female,4,6,0.6666666666666666
2020,West Virginia,20–24,Male,11,26,0.4230769230769231
2020,West Virginia,25–34,Female,1,11,0.09090909090909091
2020,West Virginia,25–34,Male,7,35,0.2
2020,West Virginia,35–44,Female,2,6,0.3333333333333333
2020,West Virginia,35–44,Male,14,43,0.32558139534883723
2020,West Virginia,45-54,Female,1,10,0.1
2020,West Virginia,45-54,Male,8,27,0.2962962962962963
2020,West Virginia,55-64,Female,0,3,0
2020,West Virginia,55-64,Male,4,29,0.13793103448275862
2020,West Virginia,65+,Female,0,16,0
2020,West Virginia,65+,Male,3,39,0.07692307692307693
2020,Wisconsin,0-14,Female,0,5,0
2020,Wisconsin,0-14,Male,0,6,0
2020,Wisconsin,15–19,Female,0,9,0
2020,Wisconsin,15–19,Male,0,22,0
2020,Wisconsin,20–24,Female,3,26,0.11538461538461539
2020,Wisconsin,20–24,Male,8,52,0.15384615384615385
2020,Wisconsin,25–34,Female,7,34,0.20588235294117646
2020,Wisconsin,25–34,Male,18,91,0.1978021978021978
2020,Wisconsin,35–44,Female,3,19,0.15789473684210525
2020,Wisconsin,35–44,Male,14,61,0.22950819672131148
2020,Wisconsin,45-54,Female,2,29,0.06896551724137931
2020,Wisconsin,45-54,Male,4,60,0.06666666666666667
2020,Wisconsin,55-64,Female,1,26,0.038461538461538464
2020,Wisconsin,55-64,Male,10,65,0.15384615384615385
2020,Wisconsin,65+,Female,0,37,0
2020,Wisconsin,65+,Male,7,70,0.1
2020,Wyoming,0-14,Female,0,1,0
2020,Wyoming,0-14,Male,0,1,0
2020,Wyoming,15–19,Female,0,2,0
2020,Wyoming,15–19,Male,1,4,0.25
2020,Wyoming,20–24,Female,1,4,0.25
2020,Wyoming,20–24,Male,2,5,0.4
2020,Wyoming,25–34,Female,3,8,0.375
2020,Wyoming,25–34,Male,9,19,0.47368421052631576
2020,Wyoming,35–44,Female,1,6,0.16666666666666666
2020,Wyoming,35–44,Male,3,14,0.21428571428571427
2020,Wyoming,45-54,Female,1,6,0.16666666666666666
2020,Wyoming,45-54,Male,0,9,0
2020,Wyoming,55-64,Female,1,6,0.16666666666666666
2020,Wyoming,55-64,Male,3,17,0.17647058823529413
2020,Wyoming,65+,Female,0,8,0
2020,Wyoming,65+,Male,3,17,0.17647058823529413
2021,Alabama,0-14,Female,0,14,0
2021,Alabama,0-14,Male,1,23,0.043478260869565216
2021,Alabama,15–19,Female,4,22,0.18181818181818182
2021,Alabama,15–19,Male,5,58,0.08620689655172414
2021,Alabama,20–24,Female,2,33,0.06060606060606061
2021,Alabama,20–24,Male,16,57,0.2807017543859649
2021,Alabama,25–34,Female,8,64,0.125
2021,Alabama,25–34,Male,17,127,0.13385826771653545
2021,Alabama,35–44,Female,9,52,0.17307692307692307
2021,Alabama,35–44,Male,27,110,0.24545454545454545
2021,Alabama,45-54,Female,3,42,0.07142857142857142
2021,Alabama,45-54,Male,21,93,0.22580645161290322
2021,Alabama,55-64,Female,0,34,0
2021,Alabama,55-64,Male,17,94,0.18085106382978725
2021,Alabama,65+,Female,2,56,0.03571428571428571
2021,Alabama,65+,Male,4,95,0.042105263157894736
2021,Alaska,0-14,Female,0,1,0
2021,Alaska,0-14,Male,0,1,0
2021,Alaska,15–19,Female,0,0,NA
2021,Alaska,15–19,Male,1,2,0.5
2021,Alaska,20–24,Female,0,1,0
2021,Alaska,20–24,Male,1,8,0.125
2021,Alaska,25–34,Female,1,2,0.5
2021,Alaska,25–34,Male,3,11,0.2727272727272727
2021,Alaska,35–44,Female,2,4,0.5
2021,Alaska,35–44,Male,8,12,0.6666666666666666
2021,Alaska,45-54,Female,0,2,0
2021,Alaska,45-54,Male,3,4,0.75
2021,Alaska,55-64,Female,0,2,0
2021,Alaska,55-64,Male,3,7,0.42857142857142855
2021,Alaska,65+,Female,0,1,0
2021,Alaska,65+,Male,0,12,0
2021,Arizona,0-14,Female,0,16,0
2021,Arizona,0-14,Male,0,16,0
2021,Arizona,15–19,Female,2,19,0.10526315789473684
2021,Arizona,15–19,Male,5,61,0.08196721311475409
2021,Arizona,20–24,Female,3,44,0.06818181818181818
2021,Arizona,20–24,Male,15,83,0.18072289156626506
2021,Arizona,25–34,Female,7,58,0.1206896551724138
2021,Arizona,25–34,Male,21,159,0.1320754716981132
2021,Arizona,35–44,Female,5,60,0.08333333333333333
2021,Arizona,35–44,Male,22,133,0.16541353383458646
2021,Arizona,45-54,Female,0,47,0
2021,Arizona,45-54,Male,23,124,0.18548387096774194
2021,Arizona,55-64,Female,4,40,0.1
2021,Arizona,55-64,Male,12,133,0.09022556390977443
2021,Arizona,65+,Female,2,62,0.03225806451612903
2021,Arizona,65+,Male,3,128,0.0234375
2021,Arkansas,0-14,Female,0,7,0
2021,Arkansas,0-14,Male,0,14,0
2021,Arkansas,15–19,Female,0,8,0
2021,Arkansas,15–19,Male,3,23,0.13043478260869565
2021,Arkansas,20–24,Female,5,22,0.22727272727272727
2021,Arkansas,20–24,Male,7,40,0.175
2021,Arkansas,25–34,Female,7,31,0.22580645161290322
2021,Arkansas,25–34,Male,31,96,0.3229166666666667
2021,Arkansas,35–44,Female,8,45,0.17777777777777778
2021,Arkansas,35–44,Male,22,83,0.26506024096385544
2021,Arkansas,45-54,Female,6,34,0.17647058823529413
2021,Arkansas,45-54,Male,19,67,0.2835820895522388
2021,Arkansas,55-64,Female,1,25,0.04
2021,Arkansas,55-64,Male,12,68,0.17647058823529413
2021,Arkansas,65+,Female,0,45,0
2021,Arkansas,65+,Male,7,82,0.08536585365853659
2021,California,0-14,Female,0,54,0
2021,California,0-14,Male,0,57,0
2021,California,15–19,Female,5,85,0.058823529411764705
2021,California,15–19,Male,22,190,0.11578947368421053
2021,California,20–24,Female,36,128,0.28125
2021,California,20–24,Male,77,377,0.20424403183023873
2021,California,25–34,Female,61,260,0.23461538461538461
2021,California,25–34,Male,204,753,0.27091633466135456
2021,California,35–44,Female,22,173,0.12716763005780346
2021,California,35–44,Male,144,551,0.2613430127041742
2021,California,45-54,Female,23,148,0.1554054054054054
2021,California,45-54,Male,91,464,0.1961206896551724
2021,California,55-64,Female,11,152,0.07236842105263158
2021,California,55-64,Male,72,476,0.15126050420168066
2021,California,65+,Female,6,184,0.03260869565217391
2021,California,65+,Male,36,448,0.08035714285714286
2021,Colorado,0-14,Female,0,3,0
2021,Colorado,0-14,Male,0,12,0
2021,Colorado,15–19,Female,2,12,0.16666666666666666
2021,Colorado,15–19,Male,9,37,0.24324324324324326
2021,Colorado,20–24,Female,7,21,0.3333333333333333
2021,Colorado,20–24,Male,20,54,0.37037037037037035
2021,Colorado,25–34,Female,17,32,0.53125
2021,Colorado,25–34,Male,37,102,0.3627450980392157
2021,Colorado,35–44,Female,7,39,0.1794871794871795
2021,Colorado,35–44,Male,41,84,0.4880952380952381
2021,Colorado,45-54,Female,2,22,0.09090909090909091
2021,Colorado,45-54,Male,24,68,0.35294117647058826
2021,Colorado,55-64,Female,5,27,0.18518518518518517
2021,Colorado,55-64,Male,13,70,0.18571428571428572
2021,Colorado,65+,Female,2,39,0.05128205128205128
2021,Colorado,65+,Male,10,69,0.14492753623188406
2021,Connecticut,0-14,Female,0,4,0
2021,Connecticut,0-14,Male,0,1,0
2021,Connecticut,15–19,Female,0,3,0
2021,Connecticut,15–19,Male,2,17,0.11764705882352941
2021,Connecticut,20–24,Female,5,10,0.5
2021,Connecticut,20–24,Male,9,24,0.375
2021,Connecticut,25–34,Female,6,15,0.4
2021,Connecticut,25–34,Male,13,49,0.2653061224489796
2021,Connecticut,35–44,Female,5,9,0.5555555555555556
2021,Connecticut,35–44,Male,24,54,0.4444444444444444
2021,Connecticut,45-54,Female,2,8,0.25
2021,Connecticut,45-54,Male,11,24,0.4583333333333333
2021,Connecticut,55-64,Female,4,15,0.26666666666666666
2021,Connecticut,55-64,Male,3,27,0.1111111111111111
2021,Connecticut,65+,Female,0,11,0
2021,Connecticut,65+,Male,2,31,0.06451612903225806
2021,Delaware,0-14,Female,0,3,0
2021,Delaware,0-14,Male,0,2,0
2021,Delaware,15–19,Female,0,4,0
2021,Delaware,15–19,Male,0,7,0
2021,Delaware,20–24,Female,1,1,1
2021,Delaware,20–24,Male,1,11,0.09090909090909091
2021,Delaware,25–34,Female,2,8,0.25
2021,Delaware,25–34,Male,5,15,0.3333333333333333
2021,Delaware,35–44,Female,1,7,0.14285714285714285
2021,Delaware,35–44,Male,4,12,0.3333333333333333
2021,Delaware,45-54,Female,0,5,0
2021,Delaware,45-54,Male,4,14,0.2857142857142857
2021,Delaware,55-64,Female,0,5,0
2021,Delaware,55-64,Male,4,11,0.36363636363636365
2021,Delaware,65+,Female,0,14,0
2021,Delaware,65+,Male,2,17,0.11764705882352941
2021,District of Columbia,0-14,Female,0,1,0
2021,District of Columbia,0-14,Male,0,1,0
2021,District of Columbia,15–19,Female,0,0,NA
2021,District of Columbia,15–19,Male,0,0,NA
2021,District of Columbia,20–24,Female,0,2,0
2021,District of Columbia,20–24,Male,2,6,0.3333333333333333
2021,District of Columbia,25–34,Female,0,0,NA
2021,District of Columbia,25–34,Male,2,7,0.2857142857142857
2021,District of Columbia,35–44,Female,0,1,0
2021,District of Columbia,35–44,Male,1,6,0.16666666666666666
2021,District of Columbia,45-54,Female,1,1,1
2021,District of Columbia,45-54,Male,1,5,0.2
2021,District of Columbia,55-64,Female,1,2,0.5
2021,District of Columbia,55-64,Male,1,4,0.25
2021,District of Columbia,65+,Female,0,1,0
2021,District of Columbia,65+,Male,0,4,0
2021,Florida,0-14,Female,0,43,0
2021,Florida,0-14,Male,0,47,0
2021,Florida,15–19,Female,3,68,0.04411764705882353
2021,Florida,15–19,Male,9,138,0.06521739130434782
2021,Florida,20–24,Female,22,96,0.22916666666666666
2021,Florida,20–24,Male,41,244,0.1680327868852459
2021,Florida,25–34,Female,42,163,0.25766871165644173
2021,Florida,25–34,Male,132,541,0.24399260628465805
2021,Florida,35–44,Female,17,108,0.1574074074074074
2021,Florida,35–44,Male,98,426,0.2300469483568075
2021,Florida,45-54,Female,12,111,0.10810810810810811
2021,Florida,45-54,Male,89,386,0.23056994818652848
2021,Florida,55-64,Female,15,140,0.10714285714285714
2021,Florida,55-64,Male,73,428,0.1705607476635514
2021,Florida,65+,Female,7,236,0.029661016949152543
2021,Florida,65+,Male,34,454,0.07488986784140969
2021,Georgia,0-14,Female,0,16,0
2021,Georgia,0-14,Male,0,31,0
2021,Georgia,15–19,Female,3,34,0.08823529411764706
2021,Georgia,15–19,Male,5,74,0.06756756756756757
2021,Georgia,20–24,Female,6,55,0.10909090909090909
2021,Georgia,20–24,Male,19,142,0.13380281690140844
2021,Georgia,25–34,Female,6,87,0.06896551724137931
2021,Georgia,25–34,Male,40,263,0.1520912547528517
2021,Georgia,35–44,Female,5,80,0.0625
2021,Georgia,35–44,Male,45,219,0.2054794520547945
2021,Georgia,45-54,Female,6,64,0.09375
2021,Georgia,45-54,Male,33,186,0.1774193548387097
2021,Georgia,55-64,Female,8,65,0.12307692307692308
2021,Georgia,55-64,Male,32,176,0.18181818181818182
2021,Georgia,65+,Female,0,124,0
2021,Georgia,65+,Male,12,175,0.06857142857142857
2021,Hawaii,0-14,Female,0,1,0
2021,Hawaii,0-14,Male,0,0,NA
2021,Hawaii,15–19,Female,0,1,0
2021,Hawaii,15–19,Male,3,4,0.75
2021,Hawaii,20–24,Female,0,1,0
2021,Hawaii,20–24,Male,2,6,0.3333333333333333
2021,Hawaii,25–34,Female,0,1,0
2021,Hawaii,25–34,Male,6,15,0.4
2021,Hawaii,35–44,Female,0,5,0
2021,Hawaii,35–44,Male,6,14,0.42857142857142855
2021,Hawaii,45-54,Female,0,4,0
2021,Hawaii,45-54,Male,1,9,0.1111111111111111
2021,Hawaii,55-64,Female,0,0,NA
2021,Hawaii,55-64,Male,2,11,0.18181818181818182
2021,Hawaii,65+,Female,0,5,0
2021,Hawaii,65+,Male,1,17,0.058823529411764705
2021,Idaho,0-14,Female,0,3,0
2021,Idaho,0-14,Male,0,7,0
2021,Idaho,15–19,Female,2,12,0.16666666666666666
2021,Idaho,15–19,Male,1,14,0.07142857142857142
2021,Idaho,20–24,Female,1,9,0.1111111111111111
2021,Idaho,20–24,Male,11,29,0.3793103448275862
2021,Idaho,25–34,Female,3,10,0.3
2021,Idaho,25–34,Male,14,37,0.3783783783783784
2021,Idaho,35–44,Female,2,5,0.4
2021,Idaho,35–44,Male,9,29,0.3103448275862069
2021,Idaho,45-54,Female,3,9,0.3333333333333333
2021,Idaho,45-54,Male,5,27,0.18518518518518517
2021,Idaho,55-64,Female,1,10,0.1
2021,Idaho,55-64,Male,5,26,0.19230769230769232
2021,Idaho,65+,Female,1,14,0.07142857142857142
2021,Idaho,65+,Male,1,32,0.03125
2021,Illinois,0-14,Female,0,16,0
2021,Illinois,0-14,Male,0,24,0
2021,Illinois,15–19,Female,1,19,0.05263157894736842
2021,Illinois,15–19,Male,4,77,0.05194805194805195
2021,Illinois,20–24,Female,4,38,0.10526315789473684
2021,Illinois,20–24,Male,14,79,0.17721518987341772
2021,Illinois,25–34,Female,25,79,0.31645569620253167
2021,Illinois,25–34,Male,57,180,0.31666666666666665
2021,Illinois,35–44,Female,6,42,0.14285714285714285
2021,Illinois,35–44,Male,48,146,0.3287671232876712
2021,Illinois,45-54,Female,6,48,0.125
2021,Illinois,45-54,Male,32,146,0.2191780821917808
2021,Illinois,55-64,Female,9,44,0.20454545454545456
2021,Illinois,55-64,Male,24,136,0.17647058823529413
2021,Illinois,65+,Female,0,79,0
2021,Illinois,65+,Male,14,154,0.09090909090909091
2021,Indiana,0-14,Female,0,15,0
2021,Indiana,0-14,Male,0,19,0
2021,Indiana,15–19,Female,1,19,0.05263157894736842
2021,Indiana,15–19,Male,1,60,0.016666666666666666
2021,Indiana,20–24,Female,3,33,0.09090909090909091
2021,Indiana,20–24,Male,7,60,0.11666666666666667
2021,Indiana,25–34,Female,7,41,0.17073170731707318
2021,Indiana,25–34,Male,26,136,0.19117647058823528
2021,Indiana,35–44,Female,3,45,0.06666666666666667
2021,Indiana,35–44,Male,20,103,0.1941747572815534
2021,Indiana,45-54,Female,3,26,0.11538461538461539
2021,Indiana,45-54,Male,15,93,0.16129032258064516
2021,Indiana,55-64,Female,4,32,0.125
2021,Indiana,55-64,Male,4,81,0.04938271604938271
2021,Indiana,65+,Female,1,48,0.020833333333333332
2021,Indiana,65+,Male,2,104,0.019230769230769232
2021,Iowa,0-14,Female,0,5,0
2021,Iowa,0-14,Male,0,6,0
2021,Iowa,15–19,Female,0,11,0
2021,Iowa,15–19,Male,1,18,0.05555555555555555
2021,Iowa,20–24,Female,0,4,0
2021,Iowa,20–24,Male,7,25,0.28
2021,Iowa,25–34,Female,1,12,0.08333333333333333
2021,Iowa,25–34,Male,9,47,0.19148936170212766
2021,Iowa,35–44,Female,0,12,0
2021,Iowa,35–44,Male,9,34,0.2647058823529412
2021,Iowa,45-54,Female,0,7,0
2021,Iowa,45-54,Male,3,35,0.08571428571428572
2021,Iowa,55-64,Female,0,12,0
2021,Iowa,55-64,Male,11,47,0.23404255319148937
2021,Iowa,65+,Female,0,27,0
2021,Iowa,65+,Male,7,54,0.12962962962962962
2021,Kansas,0-14,Female,0,7,0
2021,Kansas,0-14,Male,0,7,0
2021,Kansas,15–19,Female,0,19,0
2021,Kansas,15–19,Male,0,18,0
2021,Kansas,20–24,Female,2,11,0.18181818181818182
2021,Kansas,20–24,Male,8,29,0.27586206896551724
2021,Kansas,25–34,Female,1,20,0.05
2021,Kansas,25–34,Male,8,41,0.1951219512195122
2021,Kansas,35–44,Female,2,16,0.125
2021,Kansas,35–44,Male,7,39,0.1794871794871795
2021,Kansas,45-54,Female,3,21,0.14285714285714285
2021,Kansas,45-54,Male,11,45,0.24444444444444444
2021,Kansas,55-64,Female,1,15,0.06666666666666667
2021,Kansas,55-64,Male,6,43,0.13953488372093023
2021,Kansas,65+,Female,0,27,0
2021,Kansas,65+,Male,6,65,0.09230769230769231
2021,Kentucky,0-14,Female,0,10,0
2021,Kentucky,0-14,Male,0,12,0
2021,Kentucky,15–19,Female,0,18,0
2021,Kentucky,15–19,Male,4,30,0.13333333333333333
2021,Kentucky,20–24,Female,5,23,0.21739130434782608
2021,Kentucky,20–24,Male,14,52,0.2692307692307692
2021,Kentucky,25–34,Female,4,30,0.13333333333333333
2021,Kentucky,25–34,Male,33,108,0.3055555555555556
2021,Kentucky,35–44,Female,3,37,0.08108108108108109
2021,Kentucky,35–44,Male,21,89,0.23595505617977527
2021,Kentucky,45-54,Female,6,29,0.20689655172413793
2021,Kentucky,45-54,Male,22,96,0.22916666666666666
2021,Kentucky,55-64,Female,0,31,0
2021,Kentucky,55-64,Male,13,91,0.14285714285714285
2021,Kentucky,65+,Female,0,42,0
2021,Kentucky,65+,Male,7,108,0.06481481481481481
2021,Louisiana,0-14,Female,0,22,0
2021,Louisiana,0-14,Male,0,13,0
2021,Louisiana,15–19,Female,1,30,0.03333333333333333
2021,Louisiana,15–19,Male,3,37,0.08108108108108109
2021,Louisiana,20–24,Female,8,28,0.2857142857142857
2021,Louisiana,20–24,Male,23,73,0.3150684931506849
2021,Louisiana,25–34,Female,15,52,0.28846153846153844
2021,Louisiana,25–34,Male,39,131,0.29770992366412213
2021,Louisiana,35–44,Female,10,56,0.17857142857142858
2021,Louisiana,35–44,Male,53,128,0.4140625
2021,Louisiana,45-54,Female,4,28,0.14285714285714285
2021,Louisiana,45-54,Male,33,113,0.2920353982300885
2021,Louisiana,55-64,Female,3,33,0.09090909090909091
2021,Louisiana,55-64,Male,25,96,0.2604166666666667
2021,Louisiana,65+,Female,1,41,0.024390243902439025
2021,Louisiana,65+,Male,9,86,0.10465116279069768
2021,Maine,0-14,Female,0,2,0
2021,Maine,0-14,Male,0,2,0
2021,Maine,15–19,Female,1,4,0.25
2021,Maine,15–19,Male,1,6,0.16666666666666666
2021,Maine,20–24,Female,0,2,0
2021,Maine,20–24,Male,7,10,0.7
2021,Maine,25–34,Female,1,7,0.14285714285714285
2021,Maine,25–34,Male,6,13,0.46153846153846156
2021,Maine,35–44,Female,1,7,0.14285714285714285
2021,Maine,35–44,Male,5,15,0.3333333333333333
2021,Maine,45-54,Female,0,2,0
2021,Maine,45-54,Male,6,18,0.3333333333333333
2021,Maine,55-64,Female,0,4,0
2021,Maine,55-64,Male,3,20,0.15
2021,Maine,65+,Female,0,15,0
2021,Maine,65+,Male,1,26,0.038461538461538464
2021,Maryland,0-14,Female,0,5,0
2021,Maryland,0-14,Male,0,8,0
2021,Maryland,15–19,Female,0,5,0
2021,Maryland,15–19,Male,1,20,0.05
2021,Maryland,20–24,Female,4,12,0.3333333333333333
2021,Maryland,20–24,Male,9,38,0.23684210526315788
2021,Maryland,25–34,Female,12,33,0.36363636363636365
2021,Maryland,25–34,Male,47,119,0.3949579831932773
2021,Maryland,35–44,Female,10,30,0.3333333333333333
2021,Maryland,35–44,Male,23,70,0.32857142857142857
2021,Maryland,45-54,Female,2,21,0.09523809523809523
2021,Maryland,45-54,Male,16,55,0.2909090909090909
2021,Maryland,55-64,Female,3,18,0.16666666666666666
2021,Maryland,55-64,Male,13,53,0.24528301886792453
2021,Maryland,65+,Female,2,29,0.06896551724137931
2021,Maryland,65+,Male,5,46,0.10869565217391304
2021,Massachusetts,0-14,Female,0,0,NA
2021,Massachusetts,0-14,Male,0,2,0
2021,Massachusetts,15–19,Female,1,4,0.25
2021,Massachusetts,15–19,Male,4,17,0.23529411764705882
2021,Massachusetts,20–24,Female,6,13,0.46153846153846156
2021,Massachusetts,20–24,Male,18,41,0.43902439024390244
2021,Massachusetts,25–34,Female,6,18,0.3333333333333333
2021,Massachusetts,25–34,Male,28,55,0.509090909090909
2021,Massachusetts,35–44,Female,1,11,0.09090909090909091
2021,Massachusetts,35–44,Male,20,39,0.5128205128205128
2021,Massachusetts,45-54,Female,3,11,0.2727272727272727
2021,Massachusetts,45-54,Male,15,46,0.32608695652173914
2021,Massachusetts,55-64,Female,1,23,0.043478260869565216
2021,Massachusetts,55-64,Male,14,42,0.3333333333333333
2021,Massachusetts,65+,Female,0,32,0
2021,Massachusetts,65+,Male,4,59,0.06779661016949153
2021,Michigan,0-14,Female,0,12,0
2021,Michigan,0-14,Male,0,16,0
2021,Michigan,15–19,Female,1,29,0.034482758620689655
2021,Michigan,15–19,Male,6,50,0.12
2021,Michigan,20–24,Female,5,41,0.12195121951219512
2021,Michigan,20–24,Male,10,74,0.13513513513513514
2021,Michigan,25–34,Female,7,52,0.1346153846153846
2021,Michigan,25–34,Male,33,173,0.1907514450867052
2021,Michigan,35–44,Female,9,53,0.16981132075471697
2021,Michigan,35–44,Male,24,130,0.18461538461538463
2021,Michigan,45-54,Female,5,35,0.14285714285714285
2021,Michigan,45-54,Male,19,124,0.1532258064516129
2021,Michigan,55-64,Female,1,37,0.02702702702702703
2021,Michigan,55-64,Male,12,110,0.10909090909090909
2021,Michigan,65+,Female,0,62,0
2021,Michigan,65+,Male,7,139,0.050359712230215826
2021,Minnesota,0-14,Female,0,5,0
2021,Minnesota,0-14,Male,0,7,0
2021,Minnesota,15–19,Female,0,14,0
2021,Minnesota,15–19,Male,3,18,0.16666666666666666
2021,Minnesota,20–24,Female,4,18,0.2222222222222222
2021,Minnesota,20–24,Male,8,25,0.32
2021,Minnesota,25–34,Female,7,20,0.35
2021,Minnesota,25–34,Male,24,67,0.3582089552238806
2021,Minnesota,35–44,Female,2,14,0.14285714285714285
2021,Minnesota,35–44,Male,21,56,0.375
2021,Minnesota,45-54,Female,3,9,0.3333333333333333
2021,Minnesota,45-54,Male,15,50,0.3
2021,Minnesota,55-64,Female,2,16,0.125
2021,Minnesota,55-64,Male,9,53,0.16981132075471697
2021,Minnesota,65+,Female,1,42,0.023809523809523808
2021,Minnesota,65+,Male,5,74,0.06756756756756757
2021,Mississippi,0-14,Female,0,9,0
2021,Mississippi,0-14,Male,0,18,0
2021,Mississippi,15–19,Female,0,18,0
2021,Mississippi,15–19,Male,1,38,0.02631578947368421
2021,Mississippi,20–24,Female,2,27,0.07407407407407407
2021,Mississippi,20–24,Male,9,61,0.14754098360655737
2021,Mississippi,25–34,Female,0,52,0
2021,Mississippi,25–34,Male,3,80,0.0375
2021,Mississippi,35–44,Female,2,37,0.05405405405405406
2021,Mississippi,35–44,Male,10,110,0.09090909090909091
2021,Mississippi,45-54,Female,1,21,0.047619047619047616
2021,Mississippi,45-54,Male,3,55,0.05454545454545454
2021,Mississippi,55-64,Female,2,19,0.10526315789473684
2021,Mississippi,55-64,Male,5,92,0.05434782608695652
2021,Mississippi,65+,Female,1,36,0.027777777777777776
2021,Mississippi,65+,Male,3,85,0.03529411764705882
2021,Missouri,0-14,Female,0,10,0
2021,Missouri,0-14,Male,0,18,0
2021,Missouri,15–19,Female,4,32,0.125
2021,Missouri,15–19,Male,4,44,0.09090909090909091
2021,Missouri,20–24,Female,3,19,0.15789473684210525
2021,Missouri,20–24,Male,26,68,0.38235294117647056
2021,Missouri,25–34,Female,12,56,0.21428571428571427
2021,Missouri,25–34,Male,43,141,0.3049645390070922
2021,Missouri,35–44,Female,9,41,0.21951219512195122
2021,Missouri,35–44,Male,42,113,0.37168141592920356
2021,Missouri,45-54,Female,14,36,0.3888888888888889
2021,Missouri,45-54,Male,25,101,0.24752475247524752
2021,Missouri,55-64,Female,8,41,0.1951219512195122
2021,Missouri,55-64,Male,21,109,0.1926605504587156
2021,Missouri,65+,Female,0,59,0
2021,Missouri,65+,Male,11,126,0.0873015873015873
2021,Montana,0-14,Female,0,2,0
2021,Montana,0-14,Male,0,4,0
2021,Montana,15–19,Female,1,12,0.08333333333333333
2021,Montana,15–19,Male,4,17,0.23529411764705882
2021,Montana,20–24,Female,3,5,0.6
2021,Montana,20–24,Male,6,16,0.375
2021,Montana,25–34,Female,7,17,0.4117647058823529
2021,Montana,25–34,Male,10,28,0.35714285714285715
2021,Montana,35–44,Female,1,10,0.1
2021,Montana,35–44,Male,12,30,0.4
2021,Montana,45-54,Female,1,4,0.25
2021,Montana,45-54,Male,7,24,0.2916666666666667
2021,Montana,55-64,Female,1,3,0.3333333333333333
2021,Montana,55-64,Male,11,27,0.4074074074074074
2021,Montana,65+,Female,2,14,0.14285714285714285
2021,Montana,65+,Male,4,26,0.15384615384615385
2021,Nebraska,0-14,Female,0,2,0
2021,Nebraska,0-14,Male,0,6,0
2021,Nebraska,15–19,Female,0,6,0
2021,Nebraska,15–19,Male,1,13,0.07692307692307693
2021,Nebraska,20–24,Female,4,11,0.36363636363636365
2021,Nebraska,20–24,Male,1,11,0.09090909090909091
2021,Nebraska,25–34,Female,4,9,0.4444444444444444
2021,Nebraska,25–34,Male,1,25,0.04
2021,Nebraska,35–44,Female,1,8,0.125
2021,Nebraska,35–44,Male,7,20,0.35
2021,Nebraska,45-54,Female,2,6,0.3333333333333333
2021,Nebraska,45-54,Male,5,22,0.22727272727272727
2021,Nebraska,55-64,Female,2,9,0.2222222222222222
2021,Nebraska,55-64,Male,6,28,0.21428571428571427
2021,Nebraska,65+,Female,0,12,0
2021,Nebraska,65+,Male,4,33,0.12121212121212122
2021,Nevada,0-14,Female,0,7,0
2021,Nevada,0-14,Male,0,5,0
2021,Nevada,15–19,Female,0,1,0
2021,Nevada,15–19,Male,1,7,0.14285714285714285
2021,Nevada,20–24,Female,0,4,0
2021,Nevada,20–24,Male,9,35,0.2571428571428571
2021,Nevada,25–34,Female,6,23,0.2608695652173913
2021,Nevada,25–34,Male,22,64,0.34375
2021,Nevada,35–44,Female,5,17,0.29411764705882354
2021,Nevada,35–44,Male,7,38,0.18421052631578946
2021,Nevada,45-54,Female,1,18,0.05555555555555555
2021,Nevada,45-54,Male,10,36,0.2777777777777778
2021,Nevada,55-64,Female,0,9,0
2021,Nevada,55-64,Male,4,41,0.0975609756097561
2021,Nevada,65+,Female,0,19,0
2021,Nevada,65+,Male,7,55,0.12727272727272726
2021,New Hampshire,0-14,Female,0,3,0
2021,New Hampshire,0-14,Male,0,1,0
2021,New Hampshire,15–19,Female,0,1,0
2021,New Hampshire,15–19,Male,1,4,0.25
2021,New Hampshire,20–24,Female,1,3,0.3333333333333333
2021,New Hampshire,20–24,Male,3,6,0.5
2021,New Hampshire,25–34,Female,3,9,0.3333333333333333
2021,New Hampshire,25–34,Male,7,14,0.5
2021,New Hampshire,35–44,Female,3,7,0.42857142857142855
2021,New Hampshire,35–44,Male,6,17,0.35294117647058826
2021,New Hampshire,45-54,Female,0,8,0
2021,New Hampshire,45-54,Male,4,12,0.3333333333333333
2021,New Hampshire,55-64,Female,1,1,1
2021,New Hampshire,55-64,Male,0,7,0
2021,New Hampshire,65+,Female,0,13,0
2021,New Hampshire,65+,Male,4,12,0.3333333333333333
2021,New Jersey,0-14,Female,0,6,0
2021,New Jersey,0-14,Male,0,10,0
2021,New Jersey,15–19,Female,1,9,0.1111111111111111
2021,New Jersey,15–19,Male,3,26,0.11538461538461539
2021,New Jersey,20–24,Female,6,17,0.35294117647058826
2021,New Jersey,20–24,Male,17,47,0.3617021276595745
2021,New Jersey,25–34,Female,10,28,0.35714285714285715
2021,New Jersey,25–34,Male,44,113,0.3893805309734513
2021,New Jersey,35–44,Female,4,21,0.19047619047619047
2021,New Jersey,35–44,Male,31,82,0.3780487804878049
2021,New Jersey,45-54,Female,2,24,0.08333333333333333
2021,New Jersey,45-54,Male,15,59,0.2542372881355932
2021,New Jersey,55-64,Female,5,26,0.19230769230769232
2021,New Jersey,55-64,Male,16,66,0.24242424242424243
2021,New Jersey,65+,Female,1,68,0.014705882352941176
2021,New Jersey,65+,Male,6,88,0.06818181818181818
2021,New Mexico,0-14,Female,0,11,0
2021,New Mexico,0-14,Male,0,10,0
2021,New Mexico,15–19,Female,1,16,0.0625
2021,New Mexico,15–19,Male,2,16,0.125
2021,New Mexico,20–24,Female,6,12,0.5
2021,New Mexico,20–24,Male,15,30,0.5
2021,New Mexico,25–34,Female,11,29,0.3793103448275862
2021,New Mexico,25–34,Male,33,97,0.3402061855670103
2021,New Mexico,35–44,Female,8,25,0.32
2021,New Mexico,35–44,Male,10,47,0.2127659574468085
2021,New Mexico,45-54,Female,2,20,0.1
2021,New Mexico,45-54,Male,11,42,0.2619047619047619
2021,New Mexico,55-64,Female,0,18,0
2021,New Mexico,55-64,Male,10,48,0.20833333333333334
2021,New Mexico,65+,Female,0,23,0
2021,New Mexico,65+,Male,4,37,0.10810810810810811
2021,New York,0-14,Female,0,11,0
2021,New York,0-14,Male,0,17,0
2021,New York,15–19,Female,1,20,0.05
2021,New York,15–19,Male,1,37,0.02702702702702703
2021,New York,20–24,Female,0,22,0
2021,New York,20–24,Male,16,94,0.1702127659574468
2021,New York,25–34,Female,13,48,0.2708333333333333
2021,New York,25–34,Male,54,182,0.2967032967032967
2021,New York,35–44,Female,2,32,0.0625
2021,New York,35–44,Male,33,136,0.2426470588235294
2021,New York,45-54,Female,3,29,0.10344827586206896
2021,New York,45-54,Male,30,123,0.24390243902439024
2021,New York,55-64,Female,3,38,0.07894736842105263
2021,New York,55-64,Male,25,129,0.1937984496124031
2021,New York,65+,Female,0,98,0
2021,New York,65+,Male,7,134,0.05223880597014925
2021,North Carolina,0-14,Female,0,23,0
2021,North Carolina,0-14,Male,0,29,0
2021,North Carolina,15–19,Female,0,33,0
2021,North Carolina,15–19,Male,9,75,0.12
2021,North Carolina,20–24,Female,5,53,0.09433962264150944
2021,North Carolina,20–24,Male,39,117,0.3333333333333333
2021,North Carolina,25–34,Female,13,91,0.14285714285714285
2021,North Carolina,25–34,Male,74,261,0.2835249042145594
2021,North Carolina,35–44,Female,10,76,0.13157894736842105
2021,North Carolina,35–44,Male,50,168,0.2976190476190476
2021,North Carolina,45-54,Female,11,65,0.16923076923076924
2021,North Carolina,45-54,Male,40,158,0.25316455696202533
2021,North Carolina,55-64,Female,5,56,0.08928571428571429
2021,North Carolina,55-64,Male,37,180,0.20555555555555555
2021,North Carolina,65+,Female,2,90,0.022222222222222223
2021,North Carolina,65+,Male,17,212,0.08018867924528301
2021,North Dakota,0-14,Female,0,3,0
2021,North Dakota,0-14,Male,0,3,0
2021,North Dakota,15–19,Female,1,1,1
2021,North Dakota,15–19,Male,1,10,0.1
2021,North Dakota,20–24,Female,1,7,0.14285714285714285
2021,North Dakota,20–24,Male,4,9,0.4444444444444444
2021,North Dakota,25–34,Female,1,4,0.25
2021,North Dakota,25–34,Male,4,11,0.36363636363636365
2021,North Dakota,35–44,Female,2,6,0.3333333333333333
2021,North Dakota,35–44,Male,3,9,0.3333333333333333
2021,North Dakota,45-54,Female,1,5,0.2
2021,North Dakota,45-54,Male,1,3,0.3333333333333333
2021,North Dakota,55-64,Female,0,1,0
2021,North Dakota,55-64,Male,2,9,0.2222222222222222
2021,North Dakota,65+,Female,0,9,0
2021,North Dakota,65+,Male,2,11,0.18181818181818182
2021,Ohio,0-14,Female,1,11,0.09090909090909091
2021,Ohio,0-14,Male,0,21,0
2021,Ohio,15–19,Female,4,34,0.11764705882352941
2021,Ohio,15–19,Male,11,65,0.16923076923076924
2021,Ohio,20–24,Female,12,33,0.36363636363636365
2021,Ohio,20–24,Male,32,80,0.4
2021,Ohio,25–34,Female,23,67,0.34328358208955223
2021,Ohio,25–34,Male,75,192,0.390625
2021,Ohio,35–44,Female,19,61,0.3114754098360656
2021,Ohio,35–44,Male,53,155,0.3419354838709677
2021,Ohio,45-54,Female,17,42,0.40476190476190477
2021,Ohio,45-54,Male,49,136,0.3602941176470588
2021,Ohio,55-64,Female,6,44,0.13636363636363635
2021,Ohio,55-64,Male,40,142,0.28169014084507044
2021,Ohio,65+,Female,2,113,0.017699115044247787
2021,Ohio,65+,Male,7,157,0.044585987261146494
2021,Oklahoma,0-14,Female,0,14,0
2021,Oklahoma,0-14,Male,0,14,0
2021,Oklahoma,15–19,Female,1,21,0.047619047619047616
2021,Oklahoma,15–19,Male,4,35,0.11428571428571428
2021,Oklahoma,20–24,Female,3,20,0.15
2021,Oklahoma,20–24,Male,16,48,0.3333333333333333
2021,Oklahoma,25–34,Female,6,30,0.2
2021,Oklahoma,25–34,Male,31,96,0.3229166666666667
2021,Oklahoma,35–44,Female,8,39,0.20512820512820512
2021,Oklahoma,35–44,Male,20,74,0.2702702702702703
2021,Oklahoma,45-54,Female,3,34,0.08823529411764706
2021,Oklahoma,45-54,Male,27,88,0.3068181818181818
2021,Oklahoma,55-64,Female,4,23,0.17391304347826086
2021,Oklahoma,55-64,Male,15,77,0.19480519480519481
2021,Oklahoma,65+,Female,1,45,0.022222222222222223
2021,Oklahoma,65+,Male,11,104,0.10576923076923077
2021,Oregon,0-14,Female,0,5,0
2021,Oregon,0-14,Male,0,4,0
2021,Oregon,15–19,Female,0,5,0
2021,Oregon,15–19,Male,3,20,0.15
2021,Oregon,20–24,Female,6,17,0.35294117647058826
2021,Oregon,20–24,Male,18,40,0.45
2021,Oregon,25–34,Female,3,24,0.125
2021,Oregon,25–34,Male,32,84,0.38095238095238093
2021,Oregon,35–44,Female,8,21,0.38095238095238093
2021,Oregon,35–44,Male,25,81,0.30864197530864196
2021,Oregon,45-54,Female,5,22,0.22727272727272727
2021,Oregon,45-54,Male,8,63,0.12698412698412698
2021,Oregon,55-64,Female,6,28,0.21428571428571427
2021,Oregon,55-64,Male,14,58,0.2413793103448276
2021,Oregon,65+,Female,1,46,0.021739130434782608
2021,Oregon,65+,Male,11,81,0.13580246913580246
2021,Pennsylvania,0-14,Female,0,14,0
2021,Pennsylvania,0-14,Male,0,17,0
2021,Pennsylvania,15–19,Female,1,16,0.0625
2021,Pennsylvania,15–19,Male,5,61,0.08196721311475409
2021,Pennsylvania,20–24,Female,2,31,0.06451612903225806
2021,Pennsylvania,20–24,Male,15,79,0.189873417721519
2021,Pennsylvania,25–34,Female,11,43,0.2558139534883721
2021,Pennsylvania,25–34,Male,37,164,0.22560975609756098
2021,Pennsylvania,35–44,Female,4,43,0.09302325581395349
2021,Pennsylvania,35–44,Male,33,135,0.24444444444444444
2021,Pennsylvania,45-54,Female,7,30,0.23333333333333334
2021,Pennsylvania,45-54,Male,37,132,0.2803030303030303
2021,Pennsylvania,55-64,Female,3,51,0.058823529411764705
2021,Pennsylvania,55-64,Male,20,135,0.14814814814814814
2021,Pennsylvania,65+,Female,0,90,0
2021,Pennsylvania,65+,Male,11,189,0.0582010582010582
2021,Puerto Rico,0-14,Female,0,0,NA
2021,Puerto Rico,0-14,Male,0,3,0
2021,Puerto Rico,15–19,Female,0,4,0
2021,Puerto Rico,15–19,Male,2,11,0.18181818181818182
2021,Puerto Rico,20–24,Female,2,9,0.2222222222222222
2021,Puerto Rico,20–24,Male,7,40,0.175
2021,Puerto Rico,25–34,Female,6,9,0.6666666666666666
2021,Puerto Rico,25–34,Male,21,61,0.3442622950819672
2021,Puerto Rico,35–44,Female,4,7,0.5714285714285714
2021,Puerto Rico,35–44,Male,14,40,0.35
2021,Puerto Rico,45-54,Female,1,6,0.16666666666666666
2021,Puerto Rico,45-54,Male,6,32,0.1875
2021,Puerto Rico,55-64,Female,1,6,0.16666666666666666
2021,Puerto Rico,55-64,Male,13,33,0.3939393939393939
2021,Puerto Rico,65+,Female,0,16,0
2021,Puerto Rico,65+,Male,12,46,0.2608695652173913
2021,Rhode Island,0-14,Female,0,0,NA
2021,Rhode Island,0-14,Male,0,0,NA
2021,Rhode Island,15–19,Female,1,2,0.5
2021,Rhode Island,15–19,Male,0,3,0
2021,Rhode Island,20–24,Female,0,1,0
2021,Rhode Island,20–24,Male,3,8,0.375
2021,Rhode Island,25–34,Female,0,0,NA
2021,Rhode Island,25–34,Male,4,7,0.5714285714285714
2021,Rhode Island,35–44,Female,0,0,NA
2021,Rhode Island,35–44,Male,2,5,0.4
2021,Rhode Island,45-54,Female,0,0,NA
2021,Rhode Island,45-54,Male,6,11,0.5454545454545454
2021,Rhode Island,55-64,Female,0,3,0
2021,Rhode Island,55-64,Male,1,11,0.09090909090909091
2021,Rhode Island,65+,Female,0,8,0
2021,Rhode Island,65+,Male,0,4,0
2021,South Carolina,0-14,Female,0,16,0
2021,South Carolina,0-14,Male,0,16,0
2021,South Carolina,15–19,Female,3,27,0.1111111111111111
2021,South Carolina,15–19,Male,8,55,0.14545454545454545
2021,South Carolina,20–24,Female,9,28,0.32142857142857145
2021,South Carolina,20–24,Male,32,92,0.34782608695652173
2021,South Carolina,25–34,Female,21,70,0.3
2021,South Carolina,25–34,Male,81,200,0.405
2021,South Carolina,35–44,Female,6,50,0.12
2021,South Carolina,35–44,Male,58,127,0.4566929133858268
2021,South Carolina,45-54,Female,9,44,0.20454545454545456
2021,South Carolina,45-54,Male,44,121,0.36363636363636365
2021,South Carolina,55-64,Female,8,51,0.1568627450980392
2021,South Carolina,55-64,Male,23,119,0.19327731092436976
2021,South Carolina,65+,Female,2,55,0.03636363636363636
2021,South Carolina,65+,Male,21,127,0.16535433070866143
2021,South Dakota,0-14,Female,0,1,0
2021,South Dakota,0-14,Male,0,1,0
2021,South Dakota,15–19,Female,1,6,0.16666666666666666
2021,South Dakota,15–19,Male,0,4,0
2021,South Dakota,20–24,Female,1,1,1
2021,South Dakota,20–24,Male,7,13,0.5384615384615384
2021,South Dakota,25–34,Female,2,11,0.18181818181818182
2021,South Dakota,25–34,Male,11,21,0.5238095238095238
2021,South Dakota,35–44,Female,2,5,0.4
2021,South Dakota,35–44,Male,6,15,0.4
2021,South Dakota,45-54,Female,1,7,0.14285714285714285
2021,South Dakota,45-54,Male,4,10,0.4
2021,South Dakota,55-64,Female,0,9,0
2021,South Dakota,55-64,Male,4,19,0.21052631578947367
2021,South Dakota,65+,Female,0,7,0
2021,South Dakota,65+,Male,1,18,0.05555555555555555
2021,Tennessee,0-14,Female,0,14,0
2021,Tennessee,0-14,Male,0,21,0
2021,Tennessee,15–19,Female,2,39,0.05128205128205128
2021,Tennessee,15–19,Male,4,58,0.06896551724137931
2021,Tennessee,20–24,Female,4,30,0.13333333333333333
2021,Tennessee,20–24,Male,26,98,0.2653061224489796
2021,Tennessee,25–34,Female,16,69,0.2318840579710145
2021,Tennessee,25–34,Male,47,192,0.24479166666666666
2021,Tennessee,35–44,Female,9,61,0.14754098360655737
2021,Tennessee,35–44,Male,27,144,0.1875
2021,Tennessee,45-54,Female,9,55,0.16363636363636364
2021,Tennessee,45-54,Male,28,146,0.1917808219178082
2021,Tennessee,55-64,Female,3,48,0.0625
2021,Tennessee,55-64,Male,22,133,0.16541353383458646
2021,Tennessee,65+,Female,1,87,0.011494252873563218
2021,Tennessee,65+,Male,7,132,0.05303030303030303
2021,Texas,0-14,Female,1,64,0.015625
2021,Texas,0-14,Male,0,79,0
2021,Texas,15–19,Female,5,98,0.05102040816326531
2021,Texas,15–19,Male,16,193,0.08290155440414508
2021,Texas,20–24,Female,30,130,0.23076923076923078
2021,Texas,20–24,Male,105,389,0.2699228791773779
2021,Texas,25–34,Female,61,216,0.2824074074074074
2021,Texas,25–34,Male,204,749,0.27236315086782376
2021,Texas,35–44,Female,29,196,0.14795918367346939
2021,Texas,35–44,Male,121,525,0.23047619047619047
2021,Texas,45-54,Female,14,160,0.0875
2021,Texas,45-54,Male,91,425,0.21411764705882352
2021,Texas,55-64,Female,9,138,0.06521739130434782
2021,Texas,55-64,Male,86,460,0.18695652173913044
2021,Texas,65+,Female,2,239,0.008368200836820083
2021,Texas,65+,Male,37,417,0.08872901678657075
2021,Utah,0-14,Female,1,5,0.2
2021,Utah,0-14,Male,0,8,0
2021,Utah,15–19,Female,0,6,0
2021,Utah,15–19,Male,2,25,0.08
2021,Utah,20–24,Female,2,13,0.15384615384615385
2021,Utah,20–24,Male,5,24,0.20833333333333334
2021,Utah,25–34,Female,4,13,0.3076923076923077
2021,Utah,25–34,Male,8,33,0.24242424242424243
2021,Utah,35–44,Female,4,17,0.23529411764705882
2021,Utah,35–44,Male,12,36,0.3333333333333333
2021,Utah,45-54,Female,2,14,0.14285714285714285
2021,Utah,45-54,Male,12,34,0.35294117647058826
2021,Utah,55-64,Female,1,7,0.14285714285714285
2021,Utah,55-64,Male,4,29,0.13793103448275862
2021,Utah,65+,Female,1,27,0.037037037037037035
2021,Utah,65+,Male,1,41,0.024390243902439025
2021,Vermont,0-14,Female,0,0,NA
2021,Vermont,0-14,Male,0,1,0
2021,Vermont,15–19,Female,1,1,1
2021,Vermont,15–19,Male,3,7,0.42857142857142855
2021,Vermont,20–24,Female,1,2,0.5
2021,Vermont,20–24,Male,3,6,0.5
2021,Vermont,25–34,Female,0,1,0
2021,Vermont,25–34,Male,0,8,0
2021,Vermont,35–44,Female,0,1,0
2021,Vermont,35–44,Male,6,10,0.6
2021,Vermont,45-54,Female,1,2,0.5
2021,Vermont,45-54,Male,4,7,0.5714285714285714
2021,Vermont,55-64,Female,2,5,0.4
2021,Vermont,55-64,Male,4,9,0.4444444444444444
2021,Vermont,65+,Female,0,2,0
2021,Vermont,65+,Male,0,12,0
2021,Virginia,0-14,Female,0,14,0
2021,Virginia,0-14,Male,0,13,0
2021,Virginia,15–19,Female,2,22,0.09090909090909091
2021,Virginia,15–19,Male,4,35,0.11428571428571428
2021,Virginia,20–24,Female,3,22,0.13636363636363635
2021,Virginia,20–24,Male,16,62,0.25806451612903225
2021,Virginia,25–34,Female,20,64,0.3125
2021,Virginia,25–34,Male,61,126,0.48412698412698413
2021,Virginia,35–44,Female,7,31,0.22580645161290322
2021,Virginia,35–44,Male,29,94,0.30851063829787234
2021,Virginia,45-54,Female,3,27,0.1111111111111111
2021,Virginia,45-54,Male,29,85,0.3411764705882353
2021,Virginia,55-64,Female,4,35,0.11428571428571428
2021,Virginia,55-64,Male,27,109,0.24770642201834864
2021,Virginia,65+,Female,1,67,0.014925373134328358
2021,Virginia,65+,Male,9,144,0.0625
2021,Washington,0-14,Female,0,8,0
2021,Washington,0-14,Male,0,7,0
2021,Washington,15–19,Female,3,14,0.21428571428571427
2021,Washington,15–19,Male,5,32,0.15625
2021,Washington,20–24,Female,7,23,0.30434782608695654
2021,Washington,20–24,Male,20,51,0.39215686274509803
2021,Washington,25–34,Female,8,33,0.24242424242424243
2021,Washington,25–34,Male,25,91,0.27472527472527475
2021,Washington,35–44,Female,6,31,0.1935483870967742
2021,Washington,35–44,Male,26,79,0.3291139240506329
2021,Washington,45-54,Female,5,22,0.22727272727272727
2021,Washington,45-54,Male,20,64,0.3125
2021,Washington,55-64,Female,5,24,0.20833333333333334
2021,Washington,55-64,Male,10,71,0.14084507042253522
2021,Washington,65+,Female,3,36,0.08333333333333333
2021,Washington,65+,Male,10,82,0.12195121951219512
2021,West Virginia,0-14,Female,0,1,0
2021,West Virginia,0-14,Male,0,6,0
2021,West Virginia,15–19,Female,0,6,0
2021,West Virginia,15–19,Male,1,10,0.1
2021,West Virginia,20–24,Female,0,2,0
2021,West Virginia,20–24,Male,5,9,0.5555555555555556
2021,West Virginia,25–34,Female,3,11,0.2727272727272727
2021,West Virginia,25–34,Male,9,33,0.2727272727272727
2021,West Virginia,35–44,Female,1,12,0.08333333333333333
2021,West Virginia,35–44,Male,12,39,0.3076923076923077
2021,West Virginia,45-54,Female,2,9,0.2222222222222222
2021,West Virginia,45-54,Male,8,33,0.24242424242424243
2021,West Virginia,55-64,Female,0,7,0
2021,West Virginia,55-64,Male,5,29,0.1724137931034483
2021,West Virginia,65+,Female,0,28,0
2021,West Virginia,65+,Male,8,47,0.1702127659574468
2021,Wisconsin,0-14,Female,0,7,0
2021,Wisconsin,0-14,Male,0,7,0
2021,Wisconsin,15–19,Female,0,16,0
2021,Wisconsin,15–19,Male,2,40,0.05
2021,Wisconsin,20–24,Female,1,11,0.09090909090909091
2021,Wisconsin,20–24,Male,6,37,0.16216216216216217
2021,Wisconsin,25–34,Female,4,27,0.14814814814814814
2021,Wisconsin,25–34,Male,16,74,0.21621621621621623
2021,Wisconsin,35–44,Female,4,22,0.18181818181818182
2021,Wisconsin,35–44,Male,17,82,0.2073170731707317
2021,Wisconsin,45-54,Female,5,24,0.20833333333333334
2021,Wisconsin,45-54,Male,18,57,0.3157894736842105
2021,Wisconsin,55-64,Female,2,21,0.09523809523809523
2021,Wisconsin,55-64,Male,14,76,0.18421052631578946
2021,Wisconsin,65+,Female,0,32,0
2021,Wisconsin,65+,Male,7,86,0.08139534883720931
2021,Wyoming,0-14,Female,0,0,NA
2021,Wyoming,0-14,Male,0,4,0
2021,Wyoming,15–19,Female,0,2,0
2021,Wyoming,15–19,Male,2,8,0.25
2021,Wyoming,20–24,Female,0,0,NA
2021,Wyoming,20–24,Male,1,5,0.2
2021,Wyoming,25–34,Female,3,8,0.375
2021,Wyoming,25–34,Male,7,15,0.4666666666666667
2021,Wyoming,35–44,Female,3,6,0.5
2021,Wyoming,35–44,Male,7,12,0.5833333333333334
2021,Wyoming,45-54,Female,1,2,0.5
2021,Wyoming,45-54,Male,3,8,0.375
2021,Wyoming,55-64,Female,1,5,0.2
2021,Wyoming,55-64,Male,1,15,0.06666666666666667
2021,Wyoming,65+,Female,0,7,0
2021,Wyoming,65+,Male,1,13,0.07692307692307693
2022,Alabama,0-14,Female,0,14,0
2022,Alabama,0-14,Male,0,13,0
2022,Alabama,15–19,Female,0,10,0
2022,Alabama,15–19,Male,4,38,0.10526315789473684
2022,Alabama,20–24,Female,5,32,0.15625
2022,Alabama,20–24,Male,15,73,0.2054794520547945
2022,Alabama,25–34,Female,11,46,0.2391304347826087
2022,Alabama,25–34,Male,42,147,0.2857142857142857
2022,Alabama,35–44,Female,10,40,0.25
2022,Alabama,35–44,Male,30,119,0.25210084033613445
2022,Alabama,45-54,Female,5,32,0.15625
2022,Alabama,45-54,Male,29,101,0.2871287128712871
2022,Alabama,55-64,Female,6,43,0.13953488372093023
2022,Alabama,55-64,Male,17,102,0.16666666666666666
2022,Alabama,65+,Female,1,50,0.02
2022,Alabama,65+,Male,8,120,0.06666666666666667
2022,Alaska,0-14,Female,0,1,0
2022,Alaska,0-14,Male,0,1,0
2022,Alaska,15–19,Female,0,2,0
2022,Alaska,15–19,Male,1,2,0.5
2022,Alaska,20–24,Female,0,1,0
2022,Alaska,20–24,Male,2,7,0.2857142857142857
2022,Alaska,25–34,Female,1,8,0.125
2022,Alaska,25–34,Male,7,13,0.5384615384615384
2022,Alaska,35–44,Female,2,5,0.4
2022,Alaska,35–44,Male,1,9,0.1111111111111111
2022,Alaska,45-54,Female,0,1,0
2022,Alaska,45-54,Male,1,8,0.125
2022,Alaska,55-64,Female,1,7,0.14285714285714285
2022,Alaska,55-64,Male,4,9,0.4444444444444444
2022,Alaska,65+,Female,0,2,0
2022,Alaska,65+,Male,0,6,0
2022,Arizona,0-14,Female,0,16,0
2022,Arizona,0-14,Male,1,28,0.03571428571428571
2022,Arizona,15–19,Female,0,21,0
2022,Arizona,15–19,Male,6,60,0.1
2022,Arizona,20–24,Female,5,30,0.16666666666666666
2022,Arizona,20–24,Male,18,82,0.21951219512195122
2022,Arizona,25–34,Female,7,72,0.09722222222222222
2022,Arizona,25–34,Male,17,160,0.10625
2022,Arizona,35–44,Female,6,57,0.10526315789473684
2022,Arizona,35–44,Male,32,169,0.1893491124260355
2022,Arizona,45-54,Female,3,37,0.08108108108108109
2022,Arizona,45-54,Male,27,130,0.2076923076923077
2022,Arizona,55-64,Female,2,58,0.034482758620689655
2022,Arizona,55-64,Male,19,135,0.14074074074074075
2022,Arizona,65+,Female,0,74,0
2022,Arizona,65+,Male,7,187,0.0374331550802139
2022,Arkansas,0-14,Female,0,5,0
2022,Arkansas,0-14,Male,0,6,0
2022,Arkansas,15–19,Female,0,5,0
2022,Arkansas,15–19,Male,1,30,0.03333333333333333
2022,Arkansas,20–24,Female,4,19,0.21052631578947367
2022,Arkansas,20–24,Male,16,51,0.3137254901960784
2022,Arkansas,25–34,Female,8,30,0.26666666666666666
2022,Arkansas,25–34,Male,21,73,0.2876712328767123
2022,Arkansas,35–44,Female,3,24,0.125
2022,Arkansas,35–44,Male,12,77,0.15584415584415584
2022,Arkansas,45-54,Female,3,26,0.11538461538461539
2022,Arkansas,45-54,Male,16,81,0.19753086419753085
2022,Arkansas,55-64,Female,1,22,0.045454545454545456
2022,Arkansas,55-64,Male,9,73,0.1232876712328767
2022,Arkansas,65+,Female,1,36,0.027777777777777776
2022,Arkansas,65+,Male,2,79,0.02531645569620253
2022,California,0-14,Female,0,46,0
2022,California,0-14,Male,0,52,0
2022,California,15–19,Female,5,78,0.0641025641025641
2022,California,15–19,Male,13,171,0.07602339181286549
2022,California,20–24,Female,29,112,0.25892857142857145
2022,California,20–24,Male,82,364,0.22527472527472528
2022,California,25–34,Female,48,263,0.18250950570342206
2022,California,25–34,Male,180,761,0.23653088042049936
2022,California,35–44,Female,26,165,0.15757575757575756
2022,California,35–44,Male,115,590,0.19491525423728814
2022,California,45-54,Female,19,160,0.11875
2022,California,45-54,Male,67,410,0.16341463414634147
2022,California,55-64,Female,14,153,0.0915032679738562
2022,California,55-64,Male,59,499,0.11823647294589178
2022,California,65+,Female,6,231,0.025974025974025976
2022,California,65+,Male,27,465,0.05806451612903226
2022,Colorado,0-14,Female,0,9,0
2022,Colorado,0-14,Male,0,6,0
2022,Colorado,15–19,Female,3,14,0.21428571428571427
2022,Colorado,15–19,Male,7,41,0.17073170731707318
2022,Colorado,20–24,Female,7,21,0.3333333333333333
2022,Colorado,20–24,Male,33,71,0.4647887323943662
2022,Colorado,25–34,Female,6,40,0.15
2022,Colorado,25–34,Male,54,129,0.4186046511627907
2022,Colorado,35–44,Female,5,27,0.18518518518518517
2022,Colorado,35–44,Male,31,88,0.3522727272727273
2022,Colorado,45-54,Female,7,21,0.3333333333333333
2022,Colorado,45-54,Male,29,81,0.35802469135802467
2022,Colorado,55-64,Female,4,23,0.17391304347826086
2022,Colorado,55-64,Male,25,78,0.32051282051282054
2022,Colorado,65+,Female,0,39,0
2022,Colorado,65+,Male,9,76,0.11842105263157894
2022,Connecticut,0-14,Female,0,1,0
2022,Connecticut,0-14,Male,0,0,NA
2022,Connecticut,15–19,Female,0,5,0
2022,Connecticut,15–19,Male,4,25,0.16
2022,Connecticut,20–24,Female,3,10,0.3
2022,Connecticut,20–24,Male,15,35,0.42857142857142855
2022,Connecticut,25–34,Female,9,17,0.5294117647058824
2022,Connecticut,25–34,Male,15,60,0.25
2022,Connecticut,35–44,Female,8,16,0.5
2022,Connecticut,35–44,Male,12,41,0.2926829268292683
2022,Connecticut,45-54,Female,1,10,0.1
2022,Connecticut,45-54,Male,10,30,0.3333333333333333
2022,Connecticut,55-64,Female,0,7,0
2022,Connecticut,55-64,Male,11,47,0.23404255319148937
2022,Connecticut,65+,Female,0,19,0
2022,Connecticut,65+,Male,4,42,0.09523809523809523
2022,Delaware,0-14,Female,0,5,0
2022,Delaware,0-14,Male,0,3,0
2022,Delaware,15–19,Female,0,6,0
2022,Delaware,15–19,Male,0,8,0
2022,Delaware,20–24,Female,0,5,0
2022,Delaware,20–24,Male,2,5,0.4
2022,Delaware,25–34,Female,2,7,0.2857142857142857
2022,Delaware,25–34,Male,8,23,0.34782608695652173
2022,Delaware,35–44,Female,2,5,0.4
2022,Delaware,35–44,Male,9,19,0.47368421052631576
2022,Delaware,45-54,Female,0,5,0
2022,Delaware,45-54,Male,10,18,0.5555555555555556
2022,Delaware,55-64,Female,1,7,0.14285714285714285
2022,Delaware,55-64,Male,6,13,0.46153846153846156
2022,Delaware,65+,Female,0,10,0
2022,Delaware,65+,Male,1,23,0.043478260869565216
2022,District of Columbia,0-14,Female,0,0,NA
2022,District of Columbia,0-14,Male,0,1,0
2022,District of Columbia,15–19,Female,0,0,NA
2022,District of Columbia,15–19,Male,0,0,NA
2022,District of Columbia,20–24,Female,0,0,NA
2022,District of Columbia,20–24,Male,0,0,NA
2022,District of Columbia,25–34,Female,2,3,0.6666666666666666
2022,District of Columbia,25–34,Male,4,8,0.5
2022,District of Columbia,35–44,Female,0,2,0
2022,District of Columbia,35–44,Male,0,2,0
2022,District of Columbia,45-54,Female,0,0,NA
2022,District of Columbia,45-54,Male,1,4,0.25
2022,District of Columbia,55-64,Female,0,2,0
2022,District of Columbia,55-64,Male,1,2,0.5
2022,District of Columbia,65+,Female,0,2,0
2022,District of Columbia,65+,Male,0,6,0
2022,Florida,0-14,Female,0,38,0
2022,Florida,0-14,Male,0,51,0
2022,Florida,15–19,Female,2,57,0.03508771929824561
2022,Florida,15–19,Male,11,139,0.07913669064748201
2022,Florida,20–24,Female,16,78,0.20512820512820512
2022,Florida,20–24,Male,37,231,0.16017316017316016
2022,Florida,25–34,Female,27,147,0.1836734693877551
2022,Florida,25–34,Male,109,486,0.2242798353909465
2022,Florida,35–44,Female,17,123,0.13821138211382114
2022,Florida,35–44,Male,97,415,0.23373493975903614
2022,Florida,45-54,Female,20,117,0.17094017094017094
2022,Florida,45-54,Male,77,338,0.22781065088757396
2022,Florida,55-64,Female,11,119,0.09243697478991597
2022,Florida,55-64,Male,70,357,0.19607843137254902
2022,Florida,65+,Female,7,266,0.02631578947368421
2022,Florida,65+,Male,35,500,0.07
2022,Georgia,0-14,Female,0,25,0
2022,Georgia,0-14,Male,0,24,0
2022,Georgia,15–19,Female,3,36,0.08333333333333333
2022,Georgia,15–19,Male,3,67,0.04477611940298507
2022,Georgia,20–24,Female,9,44,0.20454545454545456
2022,Georgia,20–24,Male,26,127,0.2047244094488189
2022,Georgia,25–34,Female,15,101,0.1485148514851485
2022,Georgia,25–34,Male,64,265,0.24150943396226415
2022,Georgia,35–44,Female,14,75,0.18666666666666668
2022,Georgia,35–44,Male,44,226,0.19469026548672566
2022,Georgia,45-54,Female,8,62,0.12903225806451613
2022,Georgia,45-54,Male,36,201,0.1791044776119403
2022,Georgia,55-64,Female,6,69,0.08695652173913043
2022,Georgia,55-64,Male,32,183,0.17486338797814208
2022,Georgia,65+,Female,2,99,0.020202020202020204
2022,Georgia,65+,Male,3,181,0.016574585635359115
2022,Hawaii,0-14,Female,0,2,0
2022,Hawaii,0-14,Male,0,1,0
2022,Hawaii,15–19,Female,0,1,0
2022,Hawaii,15–19,Male,0,3,0
2022,Hawaii,20–24,Female,1,2,0.5
2022,Hawaii,20–24,Male,2,4,0.5
2022,Hawaii,25–34,Female,1,2,0.5
2022,Hawaii,25–34,Male,8,14,0.5714285714285714
2022,Hawaii,35–44,Female,1,3,0.3333333333333333
2022,Hawaii,35–44,Male,4,8,0.5
2022,Hawaii,45-54,Female,1,5,0.2
2022,Hawaii,45-54,Male,3,16,0.1875
2022,Hawaii,55-64,Female,1,10,0.1
2022,Hawaii,55-64,Male,3,17,0.17647058823529413
2022,Hawaii,65+,Female,1,5,0.2
2022,Hawaii,65+,Male,4,23,0.17391304347826086
2022,Idaho,0-14,Female,0,0,NA
2022,Idaho,0-14,Male,0,4,0
2022,Idaho,15–19,Female,1,4,0.25
2022,Idaho,15–19,Male,1,10,0.1
2022,Idaho,20–24,Female,2,6,0.3333333333333333
2022,Idaho,20–24,Male,3,11,0.2727272727272727
2022,Idaho,25–34,Female,5,10,0.5
2022,Idaho,25–34,Male,7,26,0.2692307692307692
2022,Idaho,35–44,Female,3,14,0.21428571428571427
2022,Idaho,35–44,Male,6,23,0.2608695652173913
2022,Idaho,45-54,Female,0,8,0
2022,Idaho,45-54,Male,4,22,0.18181818181818182
2022,Idaho,55-64,Female,1,13,0.07692307692307693
2022,Idaho,55-64,Male,5,17,0.29411764705882354
2022,Idaho,65+,Female,1,13,0.07692307692307693
2022,Idaho,65+,Male,1,34,0.029411764705882353
2022,Illinois,0-14,Female,0,17,0
2022,Illinois,0-14,Male,0,22,0
2022,Illinois,15–19,Female,1,28,0.03571428571428571
2022,Illinois,15–19,Male,9,60,0.15
2022,Illinois,20–24,Female,8,40,0.2
2022,Illinois,20–24,Male,25,100,0.25
2022,Illinois,25–34,Female,15,59,0.2542372881355932
2022,Illinois,25–34,Male,50,168,0.2976190476190476
2022,Illinois,35–44,Female,6,50,0.12
2022,Illinois,35–44,Male,33,132,0.25
2022,Illinois,45-54,Female,4,45,0.08888888888888889
2022,Illinois,45-54,Male,22,110,0.2
2022,Illinois,55-64,Female,5,41,0.12195121951219512
2022,Illinois,55-64,Male,19,124,0.1532258064516129
2022,Illinois,65+,Female,2,88,0.022727272727272728
2022,Illinois,65+,Male,7,172,0.040697674418604654
2022,Indiana,0-14,Female,0,13,0
2022,Indiana,0-14,Male,0,13,0
2022,Indiana,15–19,Female,0,18,0
2022,Indiana,15–19,Male,4,41,0.0975609756097561
2022,Indiana,20–24,Female,1,20,0.05
2022,Indiana,20–24,Male,9,67,0.13432835820895522
2022,Indiana,25–34,Female,7,52,0.1346153846153846
2022,Indiana,25–34,Male,21,122,0.1721311475409836
2022,Indiana,35–44,Female,4,47,0.0851063829787234
2022,Indiana,35–44,Male,9,122,0.07377049180327869
2022,Indiana,45-54,Female,2,30,0.06666666666666667
2022,Indiana,45-54,Male,15,101,0.1485148514851485
2022,Indiana,55-64,Female,1,37,0.02702702702702703
2022,Indiana,55-64,Male,11,101,0.10891089108910891
2022,Indiana,65+,Female,1,62,0.016129032258064516
2022,Indiana,65+,Male,9,128,0.0703125
2022,Iowa,0-14,Female,0,5,0
2022,Iowa,0-14,Male,0,9,0
2022,Iowa,15–19,Female,0,11,0
2022,Iowa,15–19,Male,4,20,0.2
2022,Iowa,20–24,Female,0,6,0
2022,Iowa,20–24,Male,4,23,0.17391304347826086
2022,Iowa,25–34,Female,2,12,0.16666666666666666
2022,Iowa,25–34,Male,9,41,0.21951219512195122
2022,Iowa,35–44,Female,1,5,0.2
2022,Iowa,35–44,Male,7,41,0.17073170731707318
2022,Iowa,45-54,Female,1,10,0.1
2022,Iowa,45-54,Male,7,30,0.23333333333333334
2022,Iowa,55-64,Female,1,11,0.09090909090909091
2022,Iowa,55-64,Male,3,31,0.0967741935483871
2022,Iowa,65+,Female,0,26,0
2022,Iowa,65+,Male,2,51,0.0392156862745098
2022,Kansas,0-14,Female,0,10,0
2022,Kansas,0-14,Male,0,11,0
2022,Kansas,15–19,Female,0,5,0
2022,Kansas,15–19,Male,3,20,0.15
2022,Kansas,20–24,Female,3,10,0.3
2022,Kansas,20–24,Male,10,34,0.29411764705882354
2022,Kansas,25–34,Female,5,24,0.20833333333333334
2022,Kansas,25–34,Male,11,44,0.25
2022,Kansas,35–44,Female,2,16,0.125
2022,Kansas,35–44,Male,12,54,0.2222222222222222
2022,Kansas,45-54,Female,1,14,0.07142857142857142
2022,Kansas,45-54,Male,7,41,0.17073170731707318
2022,Kansas,55-64,Female,0,10,0
2022,Kansas,55-64,Male,4,42,0.09523809523809523
2022,Kansas,65+,Female,0,23,0
2022,Kansas,65+,Male,4,52,0.07692307692307693
2022,Kentucky,0-14,Female,0,9,0
2022,Kentucky,0-14,Male,0,12,0
2022,Kentucky,15–19,Female,0,20,0
2022,Kentucky,15–19,Male,3,30,0.1
2022,Kentucky,20–24,Female,3,15,0.2
2022,Kentucky,20–24,Male,13,33,0.3939393939393939
2022,Kentucky,25–34,Female,11,36,0.3055555555555556
2022,Kentucky,25–34,Male,22,78,0.28205128205128205
2022,Kentucky,35–44,Female,6,32,0.1875
2022,Kentucky,35–44,Male,20,95,0.21052631578947367
2022,Kentucky,45-54,Female,4,20,0.2
2022,Kentucky,45-54,Male,17,77,0.22077922077922077
2022,Kentucky,55-64,Female,4,33,0.12121212121212122
2022,Kentucky,55-64,Male,18,88,0.20454545454545456
2022,Kentucky,65+,Female,0,39,0
2022,Kentucky,65+,Male,10,127,0.07874015748031496
2022,Louisiana,0-14,Female,0,16,0
2022,Louisiana,0-14,Male,0,8,0
2022,Louisiana,15–19,Female,1,17,0.058823529411764705
2022,Louisiana,15–19,Male,2,40,0.05
2022,Louisiana,20–24,Female,7,27,0.25925925925925924
2022,Louisiana,20–24,Male,16,63,0.25396825396825395
2022,Louisiana,25–34,Female,21,45,0.4666666666666667
2022,Louisiana,25–34,Male,53,134,0.39552238805970147
2022,Louisiana,35–44,Female,6,30,0.2
2022,Louisiana,35–44,Male,35,119,0.29411764705882354
2022,Louisiana,45-54,Female,2,31,0.06451612903225806
2022,Louisiana,45-54,Male,31,101,0.3069306930693069
2022,Louisiana,55-64,Female,3,30,0.1
2022,Louisiana,55-64,Male,21,92,0.22826086956521738
2022,Louisiana,65+,Female,2,45,0.044444444444444446
2022,Louisiana,65+,Male,11,104,0.10576923076923077
2022,Maine,0-14,Female,0,0,NA
2022,Maine,0-14,Male,0,2,0
2022,Maine,15–19,Female,0,2,0
2022,Maine,15–19,Male,3,11,0.2727272727272727
2022,Maine,20–24,Female,0,2,0
2022,Maine,20–24,Male,10,15,0.6666666666666666
2022,Maine,25–34,Female,3,9,0.3333333333333333
2022,Maine,25–34,Male,9,24,0.375
2022,Maine,35–44,Female,1,3,0.3333333333333333
2022,Maine,35–44,Male,10,18,0.5555555555555556
2022,Maine,45-54,Female,0,5,0
2022,Maine,45-54,Male,5,21,0.23809523809523808
2022,Maine,55-64,Female,1,7,0.14285714285714285
2022,Maine,55-64,Male,4,21,0.19047619047619047
2022,Maine,65+,Female,0,13,0
2022,Maine,65+,Male,2,29,0.06896551724137931
2022,Maryland,0-14,Female,1,5,0.2
2022,Maryland,0-14,Male,0,6,0
2022,Maryland,15–19,Female,0,6,0
2022,Maryland,15–19,Male,5,28,0.17857142857142858
2022,Maryland,20–24,Female,6,18,0.3333333333333333
2022,Maryland,20–24,Male,11,38,0.2894736842105263
2022,Maryland,25–34,Female,12,27,0.4444444444444444
2022,Maryland,25–34,Male,42,96,0.4375
2022,Maryland,35–44,Female,9,29,0.3103448275862069
2022,Maryland,35–44,Male,18,53,0.33962264150943394
2022,Maryland,45-54,Female,7,26,0.2692307692307692
2022,Maryland,45-54,Male,23,62,0.3709677419354839
2022,Maryland,55-64,Female,4,15,0.26666666666666666
2022,Maryland,55-64,Male,16,67,0.23880597014925373
2022,Maryland,65+,Female,1,28,0.03571428571428571
2022,Maryland,65+,Male,9,61,0.14754098360655737
2022,Massachusetts,0-14,Female,0,1,0
2022,Massachusetts,0-14,Male,0,0,NA
2022,Massachusetts,15–19,Female,0,4,0
2022,Massachusetts,15–19,Male,7,24,0.2916666666666667
2022,Massachusetts,20–24,Female,3,12,0.25
2022,Massachusetts,20–24,Male,9,33,0.2727272727272727
2022,Massachusetts,25–34,Female,6,18,0.3333333333333333
2022,Massachusetts,25–34,Male,24,54,0.4444444444444444
2022,Massachusetts,35–44,Female,7,13,0.5384615384615384
2022,Massachusetts,35–44,Male,11,33,0.3333333333333333
2022,Massachusetts,45-54,Female,2,15,0.13333333333333333
2022,Massachusetts,45-54,Male,13,44,0.29545454545454547
2022,Massachusetts,55-64,Female,2,19,0.10526315789473684
2022,Massachusetts,55-64,Male,7,45,0.15555555555555556
2022,Massachusetts,65+,Female,2,45,0.044444444444444446
2022,Massachusetts,65+,Male,7,74,0.0945945945945946
2022,Michigan,0-14,Female,0,8,0
2022,Michigan,0-14,Male,0,18,0
2022,Michigan,15–19,Female,0,12,0
2022,Michigan,15–19,Male,2,36,0.05555555555555555
2022,Michigan,20–24,Female,3,32,0.09375
2022,Michigan,20–24,Male,10,73,0.136986301369863
2022,Michigan,25–34,Female,8,53,0.1509433962264151
2022,Michigan,25–34,Male,15,130,0.11538461538461539
2022,Michigan,35–44,Female,1,41,0.024390243902439025
2022,Michigan,35–44,Male,25,133,0.18796992481203006
2022,Michigan,45-54,Female,1,46,0.021739130434782608
2022,Michigan,45-54,Male,12,124,0.0967741935483871
2022,Michigan,55-64,Female,0,39,0
2022,Michigan,55-64,Male,21,133,0.15789473684210525
2022,Michigan,65+,Female,1,75,0.013333333333333334
2022,Michigan,65+,Male,9,170,0.052941176470588235
2022,Minnesota,0-14,Female,0,8,0
2022,Minnesota,0-14,Male,0,7,0
2022,Minnesota,15–19,Female,0,8,0
2022,Minnesota,15–19,Male,4,21,0.19047619047619047
2022,Minnesota,20–24,Female,3,9,0.3333333333333333
2022,Minnesota,20–24,Male,5,18,0.2777777777777778
2022,Minnesota,25–34,Female,2,14,0.14285714285714285
2022,Minnesota,25–34,Male,16,42,0.38095238095238093
2022,Minnesota,35–44,Female,3,12,0.25
2022,Minnesota,35–44,Male,25,62,0.4032258064516129
2022,Minnesota,45-54,Female,6,20,0.3
2022,Minnesota,45-54,Male,15,44,0.3409090909090909
2022,Minnesota,55-64,Female,2,20,0.1
2022,Minnesota,55-64,Male,10,49,0.20408163265306123
2022,Minnesota,65+,Female,1,40,0.025
2022,Minnesota,65+,Male,5,66,0.07575757575757576
2022,Mississippi,0-14,Female,0,11,0
2022,Mississippi,0-14,Male,0,13,0
2022,Mississippi,15–19,Female,0,15,0
2022,Mississippi,15–19,Male,2,26,0.07692307692307693
2022,Mississippi,20–24,Female,0,26,0
2022,Mississippi,20–24,Male,1,37,0.02702702702702703
2022,Mississippi,25–34,Female,1,38,0.02631578947368421
2022,Mississippi,25–34,Male,5,103,0.04854368932038835
2022,Mississippi,35–44,Female,0,26,0
2022,Mississippi,35–44,Male,3,79,0.0379746835443038
2022,Mississippi,45-54,Female,1,28,0.03571428571428571
2022,Mississippi,45-54,Male,0,70,0
2022,Mississippi,55-64,Female,0,30,0
2022,Mississippi,55-64,Male,3,82,0.036585365853658534
2022,Mississippi,65+,Female,0,28,0
2022,Mississippi,65+,Male,0,78,0
2022,Missouri,0-14,Female,0,9,0
2022,Missouri,0-14,Male,0,18,0
2022,Missouri,15–19,Female,2,22,0.09090909090909091
2022,Missouri,15–19,Male,10,67,0.14925373134328357
2022,Missouri,20–24,Female,8,28,0.2857142857142857
2022,Missouri,20–24,Male,16,63,0.25396825396825395
2022,Missouri,25–34,Female,12,50,0.24
2022,Missouri,25–34,Male,35,118,0.2966101694915254
2022,Missouri,35–44,Female,5,37,0.13513513513513514
2022,Missouri,35–44,Male,38,114,0.3333333333333333
2022,Missouri,45-54,Female,8,38,0.21052631578947367
2022,Missouri,45-54,Male,30,105,0.2857142857142857
2022,Missouri,55-64,Female,5,34,0.14705882352941177
2022,Missouri,55-64,Male,37,130,0.2846153846153846
2022,Missouri,65+,Female,2,80,0.025
2022,Missouri,65+,Male,15,143,0.1048951048951049
2022,Montana,0-14,Female,0,5,0
2022,Montana,0-14,Male,0,4,0
2022,Montana,15–19,Female,3,6,0.5
2022,Montana,15–19,Male,3,10,0.3
2022,Montana,20–24,Female,2,4,0.5
2022,Montana,20–24,Male,9,12,0.75
2022,Montana,25–34,Female,4,7,0.5714285714285714
2022,Montana,25–34,Male,9,22,0.4090909090909091
2022,Montana,35–44,Female,5,10,0.5
2022,Montana,35–44,Male,12,25,0.48
2022,Montana,45-54,Female,1,10,0.1
2022,Montana,45-54,Male,6,19,0.3157894736842105
2022,Montana,55-64,Female,2,13,0.15384615384615385
2022,Montana,55-64,Male,10,27,0.37037037037037035
2022,Montana,65+,Female,0,5,0
2022,Montana,65+,Male,1,36,0.027777777777777776
2022,Nebraska,0-14,Female,0,1,0
2022,Nebraska,0-14,Male,0,1,0
2022,Nebraska,15–19,Female,2,4,0.5
2022,Nebraska,15–19,Male,2,15,0.13333333333333333
2022,Nebraska,20–24,Female,4,11,0.36363636363636365
2022,Nebraska,20–24,Male,5,24,0.20833333333333334
2022,Nebraska,25–34,Female,4,13,0.3076923076923077
2022,Nebraska,25–34,Male,7,33,0.21212121212121213
2022,Nebraska,35–44,Female,2,17,0.11764705882352941
2022,Nebraska,35–44,Male,5,25,0.2
2022,Nebraska,45-54,Female,1,7,0.14285714285714285
2022,Nebraska,45-54,Male,1,17,0.058823529411764705
2022,Nebraska,55-64,Female,0,10,0
2022,Nebraska,55-64,Male,1,18,0.05555555555555555
2022,Nebraska,65+,Female,0,15,0
2022,Nebraska,65+,Male,2,29,0.06896551724137931
2022,Nevada,0-14,Female,1,7,0.14285714285714285
2022,Nevada,0-14,Male,0,10,0
2022,Nevada,15–19,Female,0,5,0
2022,Nevada,15–19,Male,3,15,0.2
2022,Nevada,20–24,Female,8,15,0.5333333333333333
2022,Nevada,20–24,Male,7,31,0.22580645161290322
2022,Nevada,25–34,Female,5,19,0.2631578947368421
2022,Nevada,25–34,Male,25,65,0.38461538461538464
2022,Nevada,35–44,Female,3,19,0.15789473684210525
2022,Nevada,35–44,Male,15,51,0.29411764705882354
2022,Nevada,45-54,Female,3,13,0.23076923076923078
2022,Nevada,45-54,Male,17,44,0.38636363636363635
2022,Nevada,55-64,Female,1,8,0.125
2022,Nevada,55-64,Male,14,38,0.3684210526315789
2022,Nevada,65+,Female,0,18,0
2022,Nevada,65+,Male,1,51,0.0196078431372549
2022,New Hampshire,0-14,Female,0,0,NA
2022,New Hampshire,0-14,Male,0,2,0
2022,New Hampshire,15–19,Female,2,2,1
2022,New Hampshire,15–19,Male,1,3,0.3333333333333333
2022,New Hampshire,20–24,Female,1,4,0.25
2022,New Hampshire,20–24,Male,8,13,0.6153846153846154
2022,New Hampshire,25–34,Female,3,4,0.75
2022,New Hampshire,25–34,Male,9,14,0.6428571428571429
2022,New Hampshire,35–44,Female,1,5,0.2
2022,New Hampshire,35–44,Male,7,15,0.4666666666666667
2022,New Hampshire,45-54,Female,1,5,0.2
2022,New Hampshire,45-54,Male,6,12,0.5
2022,New Hampshire,55-64,Female,2,14,0.14285714285714285
2022,New Hampshire,55-64,Male,3,18,0.16666666666666666
2022,New Hampshire,65+,Female,0,10,0
2022,New Hampshire,65+,Male,0,24,0
2022,New Jersey,0-14,Female,0,3,0
2022,New Jersey,0-14,Male,0,5,0
2022,New Jersey,15–19,Female,0,9,0
2022,New Jersey,15–19,Male,2,25,0.08
2022,New Jersey,20–24,Female,2,11,0.18181818181818182
2022,New Jersey,20–24,Male,11,38,0.2894736842105263
2022,New Jersey,25–34,Female,8,29,0.27586206896551724
2022,New Jersey,25–34,Male,38,95,0.4
2022,New Jersey,35–44,Female,4,19,0.21052631578947367
2022,New Jersey,35–44,Male,23,78,0.2948717948717949
2022,New Jersey,45-54,Female,3,20,0.15
2022,New Jersey,45-54,Male,21,73,0.2876712328767123
2022,New Jersey,55-64,Female,4,30,0.13333333333333333
2022,New Jersey,55-64,Male,25,84,0.2976190476190476
2022,New Jersey,65+,Female,1,58,0.017241379310344827
2022,New Jersey,65+,Male,6,110,0.05454545454545454
2022,New Mexico,0-14,Female,0,7,0
2022,New Mexico,0-14,Male,0,1,0
2022,New Mexico,15–19,Female,0,11,0
2022,New Mexico,15–19,Male,5,27,0.18518518518518517
2022,New Mexico,20–24,Female,3,11,0.2727272727272727
2022,New Mexico,20–24,Male,12,41,0.2926829268292683
2022,New Mexico,25–34,Female,11,27,0.4074074074074074
2022,New Mexico,25–34,Male,24,78,0.3076923076923077
2022,New Mexico,35–44,Female,2,18,0.1111111111111111
2022,New Mexico,35–44,Male,17,68,0.25
2022,New Mexico,45-54,Female,7,16,0.4375
2022,New Mexico,45-54,Male,11,41,0.2682926829268293
2022,New Mexico,55-64,Female,0,11,0
2022,New Mexico,55-64,Male,10,41,0.24390243902439024
2022,New Mexico,65+,Female,0,18,0
2022,New Mexico,65+,Male,5,50,0.1
2022,New York,0-14,Female,0,10,0
2022,New York,0-14,Male,0,22,0
2022,New York,15–19,Female,0,31,0
2022,New York,15–19,Male,4,49,0.08163265306122448
2022,New York,20–24,Female,6,21,0.2857142857142857
2022,New York,20–24,Male,24,89,0.2696629213483146
2022,New York,25–34,Female,16,51,0.3137254901960784
2022,New York,25–34,Male,54,167,0.32335329341317365
2022,New York,35–44,Female,9,40,0.225
2022,New York,35–44,Male,35,118,0.2966101694915254
2022,New York,45-54,Female,8,32,0.25
2022,New York,45-54,Male,26,116,0.22413793103448276
2022,New York,55-64,Female,6,38,0.15789473684210525
2022,New York,55-64,Male,26,132,0.19696969696969696
2022,New York,65+,Female,1,89,0.011235955056179775
2022,New York,65+,Male,13,174,0.07471264367816093
2022,North Carolina,0-14,Female,0,20,0
2022,North Carolina,0-14,Male,0,25,0
2022,North Carolina,15–19,Female,0,30,0
2022,North Carolina,15–19,Male,5,69,0.07246376811594203
2022,North Carolina,20–24,Female,8,43,0.18604651162790697
2022,North Carolina,20–24,Male,20,126,0.15873015873015872
2022,North Carolina,25–34,Female,16,88,0.18181818181818182
2022,North Carolina,25–34,Male,38,224,0.16964285714285715
2022,North Carolina,35–44,Female,10,68,0.14705882352941177
2022,North Carolina,35–44,Male,23,188,0.12234042553191489
2022,North Carolina,45-54,Female,7,64,0.109375
2022,North Carolina,45-54,Male,34,152,0.2236842105263158
2022,North Carolina,55-64,Female,2,48,0.041666666666666664
2022,North Carolina,55-64,Male,26,158,0.16455696202531644
2022,North Carolina,65+,Female,1,107,0.009345794392523364
2022,North Carolina,65+,Male,10,201,0.04975124378109453
2022,North Dakota,0-14,Female,0,1,0
2022,North Dakota,0-14,Male,0,0,NA
2022,North Dakota,15–19,Female,2,2,1
2022,North Dakota,15–19,Male,1,7,0.14285714285714285
2022,North Dakota,20–24,Female,1,2,0.5
2022,North Dakota,20–24,Male,3,9,0.3333333333333333
2022,North Dakota,25–34,Female,1,4,0.25
2022,North Dakota,25–34,Male,2,9,0.2222222222222222
2022,North Dakota,35–44,Female,0,4,0
2022,North Dakota,35–44,Male,7,15,0.4666666666666667
2022,North Dakota,45-54,Female,0,0,NA
2022,North Dakota,45-54,Male,7,16,0.4375
2022,North Dakota,55-64,Female,2,4,0.5
2022,North Dakota,55-64,Male,2,6,0.3333333333333333
2022,North Dakota,65+,Female,0,2,0
2022,North Dakota,65+,Male,1,17,0.058823529411764705
2022,Ohio,0-14,Female,0,19,0
2022,Ohio,0-14,Male,0,23,0
2022,Ohio,15–19,Female,1,24,0.041666666666666664
2022,Ohio,15–19,Male,7,59,0.11864406779661017
2022,Ohio,20–24,Female,8,34,0.23529411764705882
2022,Ohio,20–24,Male,30,87,0.3448275862068966
2022,Ohio,25–34,Female,17,65,0.26153846153846155
2022,Ohio,25–34,Male,59,164,0.3597560975609756
2022,Ohio,35–44,Female,12,52,0.23076923076923078
2022,Ohio,35–44,Male,57,146,0.3904109589041096
2022,Ohio,45-54,Female,6,35,0.17142857142857143
2022,Ohio,45-54,Male,57,143,0.3986013986013986
2022,Ohio,55-64,Female,9,48,0.1875
2022,Ohio,55-64,Male,29,124,0.23387096774193547
2022,Ohio,65+,Female,2,92,0.021739130434782608
2022,Ohio,65+,Male,16,159,0.10062893081761007
2022,Oklahoma,0-14,Female,0,13,0
2022,Oklahoma,0-14,Male,0,15,0
2022,Oklahoma,15–19,Female,2,23,0.08695652173913043
2022,Oklahoma,15–19,Male,3,32,0.09375
2022,Oklahoma,20–24,Female,5,25,0.2
2022,Oklahoma,20–24,Male,10,44,0.22727272727272727
2022,Oklahoma,25–34,Female,9,32,0.28125
2022,Oklahoma,25–34,Male,28,73,0.3835616438356164
2022,Oklahoma,35–44,Female,5,21,0.23809523809523808
2022,Oklahoma,35–44,Male,22,86,0.2558139534883721
2022,Oklahoma,45-54,Female,4,35,0.11428571428571428
2022,Oklahoma,45-54,Male,17,58,0.29310344827586204
2022,Oklahoma,55-64,Female,5,28,0.17857142857142858
2022,Oklahoma,55-64,Male,10,63,0.15873015873015872
2022,Oklahoma,65+,Female,2,52,0.038461538461538464
2022,Oklahoma,65+,Male,7,110,0.06363636363636363
2022,Oregon,0-14,Female,0,7,0
2022,Oregon,0-14,Male,0,3,0
2022,Oregon,15–19,Female,2,13,0.15384615384615385
2022,Oregon,15–19,Male,5,20,0.25
2022,Oregon,20–24,Female,5,12,0.4166666666666667
2022,Oregon,20–24,Male,15,38,0.39473684210526316
2022,Oregon,25–34,Female,7,25,0.28
2022,Oregon,25–34,Male,26,77,0.33766233766233766
2022,Oregon,35–44,Female,3,22,0.13636363636363635
2022,Oregon,35–44,Male,26,70,0.37142857142857144
2022,Oregon,45-54,Female,4,27,0.14814814814814814
2022,Oregon,45-54,Male,19,71,0.2676056338028169
2022,Oregon,55-64,Female,3,23,0.13043478260869565
2022,Oregon,55-64,Male,29,68,0.4264705882352941
2022,Oregon,65+,Female,2,42,0.047619047619047616
2022,Oregon,65+,Male,9,84,0.10714285714285714
2022,Pennsylvania,0-14,Female,0,12,0
2022,Pennsylvania,0-14,Male,0,16,0
2022,Pennsylvania,15–19,Female,3,24,0.125
2022,Pennsylvania,15–19,Male,2,37,0.05405405405405406
2022,Pennsylvania,20–24,Female,9,25,0.36
2022,Pennsylvania,20–24,Male,22,79,0.27848101265822783
2022,Pennsylvania,25–34,Female,9,61,0.14754098360655737
2022,Pennsylvania,25–34,Male,40,145,0.27586206896551724
2022,Pennsylvania,35–44,Female,6,41,0.14634146341463414
2022,Pennsylvania,35–44,Male,41,142,0.2887323943661972
2022,Pennsylvania,45-54,Female,7,39,0.1794871794871795
2022,Pennsylvania,45-54,Male,26,103,0.2524271844660194
2022,Pennsylvania,55-64,Female,5,45,0.1111111111111111
2022,Pennsylvania,55-64,Male,23,140,0.16428571428571428
2022,Pennsylvania,65+,Female,1,99,0.010101010101010102
2022,Pennsylvania,65+,Male,8,170,0.047058823529411764
2022,Puerto Rico,0-14,Female,0,1,0
2022,Puerto Rico,0-14,Male,0,1,0
2022,Puerto Rico,15–19,Female,0,3,0
2022,Puerto Rico,15–19,Male,2,11,0.18181818181818182
2022,Puerto Rico,20–24,Female,2,6,0.3333333333333333
2022,Puerto Rico,20–24,Male,4,20,0.2
2022,Puerto Rico,25–34,Female,2,6,0.3333333333333333
2022,Puerto Rico,25–34,Male,19,49,0.3877551020408163
2022,Puerto Rico,35–44,Female,3,8,0.375
2022,Puerto Rico,35–44,Male,21,41,0.5121951219512195
2022,Puerto Rico,45-54,Female,1,6,0.16666666666666666
2022,Puerto Rico,45-54,Male,15,26,0.5769230769230769
2022,Puerto Rico,55-64,Female,2,7,0.2857142857142857
2022,Puerto Rico,55-64,Male,11,25,0.44
2022,Puerto Rico,65+,Female,0,15,0
2022,Puerto Rico,65+,Male,8,35,0.22857142857142856
2022,Rhode Island,0-14,Female,0,0,NA
2022,Rhode Island,0-14,Male,0,0,NA
2022,Rhode Island,15–19,Female,0,3,0
2022,Rhode Island,15–19,Male,1,3,0.3333333333333333
2022,Rhode Island,20–24,Female,0,2,0
2022,Rhode Island,20–24,Male,1,2,0.5
2022,Rhode Island,25–34,Female,2,3,0.6666666666666666
2022,Rhode Island,25–34,Male,4,6,0.6666666666666666
2022,Rhode Island,35–44,Female,0,0,NA
2022,Rhode Island,35–44,Male,2,6,0.3333333333333333
2022,Rhode Island,45-54,Female,0,0,NA
2022,Rhode Island,45-54,Male,3,8,0.375
2022,Rhode Island,55-64,Female,1,4,0.25
2022,Rhode Island,55-64,Male,3,7,0.42857142857142855
2022,Rhode Island,65+,Female,0,2,0
2022,Rhode Island,65+,Male,0,6,0
2022,South Carolina,0-14,Female,0,8,0
2022,South Carolina,0-14,Male,0,24,0
2022,South Carolina,15–19,Female,1,14,0.07142857142857142
2022,South Carolina,15–19,Male,13,38,0.34210526315789475
2022,South Carolina,20–24,Female,13,37,0.35135135135135137
2022,South Carolina,20–24,Male,23,76,0.3026315789473684
2022,South Carolina,25–34,Female,20,49,0.40816326530612246
2022,South Carolina,25–34,Male,74,175,0.4228571428571429
2022,South Carolina,35–44,Female,18,53,0.33962264150943394
2022,South Carolina,35–44,Male,46,131,0.3511450381679389
2022,South Carolina,45-54,Female,3,34,0.08823529411764706
2022,South Carolina,45-54,Male,34,129,0.26356589147286824
2022,South Carolina,55-64,Female,8,45,0.17777777777777778
2022,South Carolina,55-64,Male,38,120,0.31666666666666665
2022,South Carolina,65+,Female,2,53,0.03773584905660377
2022,South Carolina,65+,Male,21,105,0.2
2022,South Dakota,0-14,Female,0,3,0
2022,South Dakota,0-14,Male,0,3,0
2022,South Dakota,15–19,Female,0,0,NA
2022,South Dakota,15–19,Male,0,5,0
2022,South Dakota,20–24,Female,0,3,0
2022,South Dakota,20–24,Male,2,7,0.2857142857142857
2022,South Dakota,25–34,Female,3,7,0.42857142857142855
2022,South Dakota,25–34,Male,4,16,0.25
2022,South Dakota,35–44,Female,1,11,0.09090909090909091
2022,South Dakota,35–44,Male,5,11,0.45454545454545453
2022,South Dakota,45-54,Female,1,9,0.1111111111111111
2022,South Dakota,45-54,Male,6,15,0.4
2022,South Dakota,55-64,Female,1,5,0.2
2022,South Dakota,55-64,Male,1,12,0.08333333333333333
2022,South Dakota,65+,Female,1,9,0.1111111111111111
2022,South Dakota,65+,Male,0,21,0
2022,Tennessee,0-14,Female,0,12,0
2022,Tennessee,0-14,Male,0,11,0
2022,Tennessee,15–19,Female,1,21,0.047619047619047616
2022,Tennessee,15–19,Male,11,68,0.16176470588235295
2022,Tennessee,20–24,Female,8,34,0.23529411764705882
2022,Tennessee,20–24,Male,37,92,0.40217391304347827
2022,Tennessee,25–34,Female,18,59,0.3050847457627119
2022,Tennessee,25–34,Male,53,192,0.2760416666666667
2022,Tennessee,35–44,Female,7,60,0.11666666666666667
2022,Tennessee,35–44,Male,43,168,0.25595238095238093
2022,Tennessee,45-54,Female,7,53,0.1320754716981132
2022,Tennessee,45-54,Male,32,112,0.2857142857142857
2022,Tennessee,55-64,Female,5,39,0.1282051282051282
2022,Tennessee,55-64,Male,20,133,0.15037593984962405
2022,Tennessee,65+,Female,1,80,0.0125
2022,Tennessee,65+,Male,14,176,0.07954545454545454
2022,Texas,0-14,Female,0,64,0
2022,Texas,0-14,Male,0,91,0
2022,Texas,15–19,Female,15,95,0.15789473684210525
2022,Texas,15–19,Male,25,206,0.12135922330097088
2022,Texas,20–24,Female,37,147,0.25170068027210885
2022,Texas,20–24,Male,108,355,0.30422535211267604
2022,Texas,25–34,Female,52,241,0.2157676348547718
2022,Texas,25–34,Male,218,723,0.301521438450899
2022,Texas,35–44,Female,19,179,0.10614525139664804
2022,Texas,35–44,Male,155,554,0.27978339350180503
2022,Texas,45-54,Female,26,153,0.16993464052287582
2022,Texas,45-54,Male,103,443,0.2325056433408578
2022,Texas,55-64,Female,12,120,0.1
2022,Texas,55-64,Male,65,407,0.1597051597051597
2022,Texas,65+,Female,3,218,0.013761467889908258
2022,Texas,65+,Male,44,397,0.11083123425692695
2022,Utah,0-14,Female,0,8,0
2022,Utah,0-14,Male,0,12,0
2022,Utah,15–19,Female,0,9,0
2022,Utah,15–19,Male,0,19,0
2022,Utah,20–24,Female,0,7,0
2022,Utah,20–24,Male,3,26,0.11538461538461539
2022,Utah,25–34,Female,2,13,0.15384615384615385
2022,Utah,25–34,Male,16,46,0.34782608695652173
2022,Utah,35–44,Female,0,11,0
2022,Utah,35–44,Male,13,35,0.37142857142857144
2022,Utah,45-54,Female,0,6,0
2022,Utah,45-54,Male,7,36,0.19444444444444445
2022,Utah,55-64,Female,1,9,0.1111111111111111
2022,Utah,55-64,Male,5,31,0.16129032258064516
2022,Utah,65+,Female,0,16,0
2022,Utah,65+,Male,3,35,0.08571428571428572
2022,Vermont,0-14,Female,0,1,0
2022,Vermont,0-14,Male,0,2,0
2022,Vermont,15–19,Female,0,2,0
2022,Vermont,15–19,Male,1,2,0.5
2022,Vermont,20–24,Female,0,1,0
2022,Vermont,20–24,Male,2,7,0.2857142857142857
2022,Vermont,25–34,Female,0,1,0
2022,Vermont,25–34,Male,3,9,0.3333333333333333
2022,Vermont,35–44,Female,2,5,0.4
2022,Vermont,35–44,Male,3,7,0.42857142857142855
2022,Vermont,45-54,Female,0,1,0
2022,Vermont,45-54,Male,1,3,0.3333333333333333
2022,Vermont,55-64,Female,0,4,0
2022,Vermont,55-64,Male,6,10,0.6
2022,Vermont,65+,Female,0,9,0
2022,Vermont,65+,Male,3,12,0.25
2022,Virginia,0-14,Female,0,4,0
2022,Virginia,0-14,Male,0,6,0
2022,Virginia,15–19,Female,3,25,0.12
2022,Virginia,15–19,Male,3,38,0.07894736842105263
2022,Virginia,20–24,Female,2,16,0.125
2022,Virginia,20–24,Male,22,65,0.3384615384615385
2022,Virginia,25–34,Female,15,43,0.3488372093023256
2022,Virginia,25–34,Male,50,139,0.3597122302158273
2022,Virginia,35–44,Female,6,35,0.17142857142857143
2022,Virginia,35–44,Male,46,110,0.41818181818181815
2022,Virginia,45-54,Female,3,33,0.09090909090909091
2022,Virginia,45-54,Male,26,99,0.26262626262626265
2022,Virginia,55-64,Female,5,41,0.12195121951219512
2022,Virginia,55-64,Male,22,117,0.18803418803418803
2022,Virginia,65+,Female,1,73,0.0136986301369863
2022,Virginia,65+,Male,8,154,0.05194805194805195
2022,Washington,0-14,Female,1,9,0.1111111111111111
2022,Washington,0-14,Male,0,3,0
2022,Washington,15–19,Female,1,14,0.07142857142857142
2022,Washington,15–19,Male,2,22,0.09090909090909091
2022,Washington,20–24,Female,4,14,0.2857142857142857
2022,Washington,20–24,Male,22,67,0.3283582089552239
2022,Washington,25–34,Female,7,40,0.175
2022,Washington,25–34,Male,39,110,0.35454545454545455
2022,Washington,35–44,Female,3,28,0.10714285714285714
2022,Washington,35–44,Male,24,96,0.25
2022,Washington,45-54,Female,3,19,0.15789473684210525
2022,Washington,45-54,Male,16,79,0.20253164556962025
2022,Washington,55-64,Female,1,23,0.043478260869565216
2022,Washington,55-64,Male,19,83,0.2289156626506024
2022,Washington,65+,Female,3,47,0.06382978723404255
2022,Washington,65+,Male,9,83,0.10843373493975904
2022,West Virginia,0-14,Female,0,4,0
2022,West Virginia,0-14,Male,0,2,0
2022,West Virginia,15–19,Female,0,3,0
2022,West Virginia,15–19,Male,1,11,0.09090909090909091
2022,West Virginia,20–24,Female,2,6,0.3333333333333333
2022,West Virginia,20–24,Male,7,10,0.7
2022,West Virginia,25–34,Female,1,10,0.1
2022,West Virginia,25–34,Male,8,26,0.3076923076923077
2022,West Virginia,35–44,Female,3,12,0.25
2022,West Virginia,35–44,Male,7,27,0.25925925925925924
2022,West Virginia,45-54,Female,2,9,0.2222222222222222
2022,West Virginia,45-54,Male,6,33,0.18181818181818182
2022,West Virginia,55-64,Female,0,7,0
2022,West Virginia,55-64,Male,2,28,0.07142857142857142
2022,West Virginia,65+,Female,0,20,0
2022,West Virginia,65+,Male,4,58,0.06896551724137931
2022,Wisconsin,0-14,Female,0,10,0
2022,Wisconsin,0-14,Male,0,13,0
2022,Wisconsin,15–19,Female,1,7,0.14285714285714285
2022,Wisconsin,15–19,Male,2,19,0.10526315789473684
2022,Wisconsin,20–24,Female,1,12,0.08333333333333333
2022,Wisconsin,20–24,Male,7,37,0.1891891891891892
2022,Wisconsin,25–34,Female,2,26,0.07692307692307693
2022,Wisconsin,25–34,Male,21,80,0.2625
2022,Wisconsin,35–44,Female,4,34,0.11764705882352941
2022,Wisconsin,35–44,Male,10,62,0.16129032258064516
2022,Wisconsin,45-54,Female,2,17,0.11764705882352941
2022,Wisconsin,45-54,Male,6,44,0.13636363636363635
2022,Wisconsin,55-64,Female,2,18,0.1111111111111111
2022,Wisconsin,55-64,Male,10,71,0.14084507042253522
2022,Wisconsin,65+,Female,1,47,0.02127659574468085
2022,Wisconsin,65+,Male,5,106,0.04716981132075472
2022,Wyoming,0-14,Female,0,0,NA
2022,Wyoming,0-14,Male,0,4,0
2022,Wyoming,15–19,Female,0,7,0
2022,Wyoming,15–19,Male,2,12,0.16666666666666666
2022,Wyoming,20–24,Female,0,0,NA
2022,Wyoming,20–24,Male,4,11,0.36363636363636365
2022,Wyoming,25–34,Female,0,4,0
2022,Wyoming,25–34,Male,2,10,0.2
2022,Wyoming,35–44,Female,0,3,0
2022,Wyoming,35–44,Male,4,14,0.2857142857142857
2022,Wyoming,45-54,Female,1,4,0.25
2022,Wyoming,45-54,Male,3,15,0.2
2022,Wyoming,55-64,Female,1,6,0.16666666666666666
2022,Wyoming,55-64,Male,3,20,0.15
2022,Wyoming,65+,Female,1,5,0.2
2022,Wyoming,65+,Male,2,19,0.10526315789473684
2023,Alabama,0-14,Female,0,8,0
2023,Alabama,0-14,Male,0,14,0
2023,Alabama,15–19,Female,4,20,0.2
2023,Alabama,15–19,Male,10,47,0.2127659574468085
2023,Alabama,20–24,Female,2,23,0.08695652173913043
2023,Alabama,20–24,Male,10,55,0.18181818181818182
2023,Alabama,25–34,Female,9,56,0.16071428571428573
2023,Alabama,25–34,Male,46,143,0.32167832167832167
2023,Alabama,35–44,Female,8,43,0.18604651162790697
2023,Alabama,35–44,Male,23,118,0.19491525423728814
2023,Alabama,45-54,Female,2,34,0.058823529411764705
2023,Alabama,45-54,Male,19,95,0.2
2023,Alabama,55-64,Female,5,52,0.09615384615384616
2023,Alabama,55-64,Male,22,104,0.21153846153846154
2023,Alabama,65+,Female,1,49,0.02040816326530612
2023,Alabama,65+,Male,9,112,0.08035714285714286
2023,Alaska,0-14,Female,0,0,NA
2023,Alaska,0-14,Male,0,1,0
2023,Alaska,15–19,Female,0,1,0
2023,Alaska,15–19,Male,2,2,1
2023,Alaska,20–24,Female,0,1,0
2023,Alaska,20–24,Male,4,6,0.6666666666666666
2023,Alaska,25–34,Female,1,3,0.3333333333333333
2023,Alaska,25–34,Male,2,7,0.2857142857142857
2023,Alaska,35–44,Female,2,5,0.4
2023,Alaska,35–44,Male,3,8,0.375
2023,Alaska,45-54,Female,1,4,0.25
2023,Alaska,45-54,Male,1,5,0.2
2023,Alaska,55-64,Female,0,4,0
2023,Alaska,55-64,Male,1,5,0.2
2023,Alaska,65+,Female,0,1,0
2023,Alaska,65+,Male,1,8,0.125
2023,Arizona,0-14,Female,2,14,0.14285714285714285
2023,Arizona,0-14,Male,0,22,0
2023,Arizona,15–19,Female,2,28,0.07142857142857142
2023,Arizona,15–19,Male,7,47,0.14893617021276595
2023,Arizona,20–24,Female,2,32,0.0625
2023,Arizona,20–24,Male,19,95,0.2
2023,Arizona,25–34,Female,14,55,0.2545454545454545
2023,Arizona,25–34,Male,44,191,0.23036649214659685
2023,Arizona,35–44,Female,13,54,0.24074074074074073
2023,Arizona,35–44,Male,26,151,0.17218543046357615
2023,Arizona,45-54,Female,2,44,0.045454545454545456
2023,Arizona,45-54,Male,26,119,0.2184873949579832
2023,Arizona,55-64,Female,3,30,0.1
2023,Arizona,55-64,Male,26,156,0.16666666666666666
2023,Arizona,65+,Female,1,85,0.011764705882352941
2023,Arizona,65+,Male,8,180,0.044444444444444446
2023,Arkansas,0-14,Female,0,10,0
2023,Arkansas,0-14,Male,0,10,0
2023,Arkansas,15–19,Female,2,11,0.18181818181818182
2023,Arkansas,15–19,Male,4,25,0.16
2023,Arkansas,20–24,Female,3,15,0.2
2023,Arkansas,20–24,Male,11,49,0.22448979591836735
2023,Arkansas,25–34,Female,5,30,0.16666666666666666
2023,Arkansas,25–34,Male,22,66,0.3333333333333333
2023,Arkansas,35–44,Female,6,28,0.21428571428571427
2023,Arkansas,35–44,Male,20,67,0.29850746268656714
2023,Arkansas,45-54,Female,1,18,0.05555555555555555
2023,Arkansas,45-54,Male,19,56,0.3392857142857143
2023,Arkansas,55-64,Female,0,21,0
2023,Arkansas,55-64,Male,14,74,0.1891891891891892
2023,Arkansas,65+,Female,0,27,0
2023,Arkansas,65+,Male,5,87,0.05747126436781609
2023,California,0-14,Female,0,38,0
2023,California,0-14,Male,0,53,0
2023,California,15–19,Female,12,70,0.17142857142857143
2023,California,15–19,Male,17,171,0.09941520467836257
2023,California,20–24,Female,36,115,0.3130434782608696
2023,California,20–24,Male,90,344,0.2616279069767442
2023,California,25–34,Female,52,207,0.25120772946859904
2023,California,25–34,Male,223,678,0.32890855457227136
2023,California,35–44,Female,29,150,0.19333333333333333
2023,California,35–44,Male,118,523,0.22562141491395793
2023,California,45-54,Female,17,133,0.12781954887218044
2023,California,45-54,Male,97,439,0.22095671981776766
2023,California,55-64,Female,13,122,0.10655737704918032
2023,California,55-64,Male,76,431,0.17633410672853828
2023,California,65+,Female,6,202,0.0297029702970297
2023,California,65+,Male,31,466,0.06652360515021459
2023,Colorado,0-14,Female,0,8,0
2023,Colorado,0-14,Male,0,9,0
2023,Colorado,15–19,Female,2,14,0.14285714285714285
2023,Colorado,15–19,Male,17,58,0.29310344827586204
2023,Colorado,20–24,Female,6,14,0.42857142857142855
2023,Colorado,20–24,Male,23,53,0.4339622641509434
2023,Colorado,25–34,Female,12,29,0.41379310344827586
2023,Colorado,25–34,Male,46,117,0.39316239316239315
2023,Colorado,35–44,Female,7,31,0.22580645161290322
2023,Colorado,35–44,Male,28,82,0.34146341463414637
2023,Colorado,45-54,Female,2,19,0.10526315789473684
2023,Colorado,45-54,Male,16,73,0.2191780821917808
2023,Colorado,55-64,Female,3,20,0.15
2023,Colorado,55-64,Male,17,65,0.26153846153846155
2023,Colorado,65+,Female,1,46,0.021739130434782608
2023,Colorado,65+,Male,8,82,0.0975609756097561
2023,Connecticut,0-14,Female,0,1,0
2023,Connecticut,0-14,Male,0,4,0
2023,Connecticut,15–19,Female,2,3,0.6666666666666666
2023,Connecticut,15–19,Male,2,13,0.15384615384615385
2023,Connecticut,20–24,Female,2,9,0.2222222222222222
2023,Connecticut,20–24,Male,16,36,0.4444444444444444
2023,Connecticut,25–34,Female,9,17,0.5294117647058824
2023,Connecticut,25–34,Male,21,41,0.5121951219512195
2023,Connecticut,35–44,Female,1,14,0.07142857142857142
2023,Connecticut,35–44,Male,22,45,0.4888888888888889
2023,Connecticut,45-54,Female,4,13,0.3076923076923077
2023,Connecticut,45-54,Male,11,28,0.39285714285714285
2023,Connecticut,55-64,Female,2,8,0.25
2023,Connecticut,55-64,Male,7,25,0.28
2023,Connecticut,65+,Female,0,21,0
2023,Connecticut,65+,Male,1,30,0.03333333333333333
2023,Delaware,0-14,Female,0,2,0
2023,Delaware,0-14,Male,0,3,0
2023,Delaware,15–19,Female,0,2,0
2023,Delaware,15–19,Male,0,5,0
2023,Delaware,20–24,Female,0,4,0
2023,Delaware,20–24,Male,6,10,0.6
2023,Delaware,25–34,Female,2,12,0.16666666666666666
2023,Delaware,25–34,Male,8,20,0.4
2023,Delaware,35–44,Female,0,0,NA
2023,Delaware,35–44,Male,8,19,0.42105263157894735
2023,Delaware,45-54,Female,1,5,0.2
2023,Delaware,45-54,Male,2,9,0.2222222222222222
2023,Delaware,55-64,Female,0,5,0
2023,Delaware,55-64,Male,4,11,0.36363636363636365
2023,Delaware,65+,Female,0,9,0
2023,Delaware,65+,Male,1,19,0.05263157894736842
2023,District of Columbia,0-14,Female,0,0,NA
2023,District of Columbia,0-14,Male,0,0,NA
2023,District of Columbia,15–19,Female,1,2,0.5
2023,District of Columbia,15–19,Male,0,0,NA
2023,District of Columbia,20–24,Female,0,0,NA
2023,District of Columbia,20–24,Male,1,6,0.16666666666666666
2023,District of Columbia,25–34,Female,0,2,0
2023,District of Columbia,25–34,Male,4,11,0.36363636363636365
2023,District of Columbia,35–44,Female,1,1,1
2023,District of Columbia,35–44,Male,0,5,0
2023,District of Columbia,45-54,Female,1,1,1
2023,District of Columbia,45-54,Male,2,7,0.2857142857142857
2023,District of Columbia,55-64,Female,0,1,0
2023,District of Columbia,55-64,Male,0,4,0
2023,District of Columbia,65+,Female,0,0,NA
2023,District of Columbia,65+,Male,1,4,0.25
2023,Florida,0-14,Female,0,29,0
2023,Florida,0-14,Male,0,66,0
2023,Florida,15–19,Female,3,44,0.06818181818181818
2023,Florida,15–19,Male,11,151,0.0728476821192053
2023,Florida,20–24,Female,12,60,0.2
2023,Florida,20–24,Male,43,224,0.19196428571428573
2023,Florida,25–34,Female,24,148,0.16216216216216217
2023,Florida,25–34,Male,97,467,0.20770877944325483
2023,Florida,35–44,Female,13,114,0.11403508771929824
2023,Florida,35–44,Male,83,387,0.2144702842377261
2023,Florida,45-54,Female,7,93,0.07526881720430108
2023,Florida,45-54,Male,55,316,0.17405063291139242
2023,Florida,55-64,Female,3,82,0.036585365853658534
2023,Florida,55-64,Male,64,365,0.17534246575342466
2023,Florida,65+,Female,8,260,0.03076923076923077
2023,Florida,65+,Male,34,490,0.06938775510204082
2023,Georgia,0-14,Female,0,18,0
2023,Georgia,0-14,Male,0,30,0
2023,Georgia,15–19,Female,1,36,0.027777777777777776
2023,Georgia,15–19,Male,2,55,0.03636363636363636
2023,Georgia,20–24,Female,4,43,0.09302325581395349
2023,Georgia,20–24,Male,14,119,0.11764705882352941
2023,Georgia,25–34,Female,20,95,0.21052631578947367
2023,Georgia,25–34,Male,41,203,0.2019704433497537
2023,Georgia,35–44,Female,12,72,0.16666666666666666
2023,Georgia,35–44,Male,38,209,0.18181818181818182
2023,Georgia,45-54,Female,2,58,0.034482758620689655
2023,Georgia,45-54,Male,16,156,0.10256410256410256
2023,Georgia,55-64,Female,6,72,0.08333333333333333
2023,Georgia,55-64,Male,20,178,0.11235955056179775
2023,Georgia,65+,Female,1,84,0.011904761904761904
2023,Georgia,65+,Male,19,174,0.10919540229885058
2023,Hawaii,0-14,Female,0,0,NA
2023,Hawaii,0-14,Male,0,0,NA
2023,Hawaii,15–19,Female,0,1,0
2023,Hawaii,15–19,Male,0,1,0
2023,Hawaii,20–24,Female,0,0,NA
2023,Hawaii,20–24,Male,3,9,0.3333333333333333
2023,Hawaii,25–34,Female,4,5,0.8
2023,Hawaii,25–34,Male,8,16,0.5
2023,Hawaii,35–44,Female,2,3,0.6666666666666666
2023,Hawaii,35–44,Male,4,8,0.5
2023,Hawaii,45-54,Female,0,1,0
2023,Hawaii,45-54,Male,3,11,0.2727272727272727
2023,Hawaii,55-64,Female,0,4,0
2023,Hawaii,55-64,Male,4,15,0.26666666666666666
2023,Hawaii,65+,Female,0,6,0
2023,Hawaii,65+,Male,0,13,0
2023,Idaho,0-14,Female,0,6,0
2023,Idaho,0-14,Male,0,6,0
2023,Idaho,15–19,Female,0,10,0
2023,Idaho,15–19,Male,0,14,0
2023,Idaho,20–24,Female,1,8,0.125
2023,Idaho,20–24,Male,4,24,0.16666666666666666
2023,Idaho,25–34,Female,1,10,0.1
2023,Idaho,25–34,Male,8,33,0.24242424242424243
2023,Idaho,35–44,Female,2,10,0.2
2023,Idaho,35–44,Male,6,34,0.17647058823529413
2023,Idaho,45-54,Female,1,11,0.09090909090909091
2023,Idaho,45-54,Male,3,20,0.15
2023,Idaho,55-64,Female,2,10,0.2
2023,Idaho,55-64,Male,3,25,0.12
2023,Idaho,65+,Female,0,21,0
2023,Idaho,65+,Male,1,33,0.030303030303030304
2023,Illinois,0-14,Female,0,8,0
2023,Illinois,0-14,Male,0,20,0
2023,Illinois,15–19,Female,2,24,0.08333333333333333
2023,Illinois,15–19,Male,11,68,0.16176470588235295
2023,Illinois,20–24,Female,10,33,0.30303030303030304
2023,Illinois,20–24,Male,22,90,0.24444444444444444
2023,Illinois,25–34,Female,16,54,0.2962962962962963
2023,Illinois,25–34,Male,50,172,0.29069767441860467
2023,Illinois,35–44,Female,7,47,0.14893617021276595
2023,Illinois,35–44,Male,39,142,0.2746478873239437
2023,Illinois,45-54,Female,2,30,0.06666666666666667
2023,Illinois,45-54,Male,25,114,0.21929824561403508
2023,Illinois,55-64,Female,6,42,0.14285714285714285
2023,Illinois,55-64,Male,25,134,0.1865671641791045
2023,Illinois,65+,Female,2,101,0.019801980198019802
2023,Illinois,65+,Male,8,161,0.049689440993788817
2023,Indiana,0-14,Female,0,3,0
2023,Indiana,0-14,Male,0,10,0
2023,Indiana,15–19,Female,2,20,0.1
2023,Indiana,15–19,Male,7,60,0.11666666666666667
2023,Indiana,20–24,Female,8,30,0.26666666666666666
2023,Indiana,20–24,Male,16,71,0.22535211267605634
2023,Indiana,25–34,Female,5,39,0.1282051282051282
2023,Indiana,25–34,Male,23,112,0.20535714285714285
2023,Indiana,35–44,Female,6,37,0.16216216216216217
2023,Indiana,35–44,Male,31,96,0.3229166666666667
2023,Indiana,45-54,Female,6,34,0.17647058823529413
2023,Indiana,45-54,Male,12,84,0.14285714285714285
2023,Indiana,55-64,Female,1,28,0.03571428571428571
2023,Indiana,55-64,Male,12,93,0.12903225806451613
2023,Indiana,65+,Female,0,73,0
2023,Indiana,65+,Male,4,113,0.035398230088495575
2023,Iowa,0-14,Female,0,3,0
2023,Iowa,0-14,Male,0,9,0
2023,Iowa,15–19,Female,2,13,0.15384615384615385
2023,Iowa,15–19,Male,1,16,0.0625
2023,Iowa,20–24,Female,1,9,0.1111111111111111
2023,Iowa,20–24,Male,10,29,0.3448275862068966
2023,Iowa,25–34,Female,2,15,0.13333333333333333
2023,Iowa,25–34,Male,11,39,0.28205128205128205
2023,Iowa,35–44,Female,0,9,0
2023,Iowa,35–44,Male,10,39,0.2564102564102564
2023,Iowa,45-54,Female,2,14,0.14285714285714285
2023,Iowa,45-54,Male,6,41,0.14634146341463414
2023,Iowa,55-64,Female,0,13,0
2023,Iowa,55-64,Male,5,44,0.11363636363636363
2023,Iowa,65+,Female,1,18,0.05555555555555555
2023,Iowa,65+,Male,4,67,0.05970149253731343
2023,Kansas,0-14,Female,0,7,0
2023,Kansas,0-14,Male,0,5,0
2023,Kansas,15–19,Female,1,17,0.058823529411764705
2023,Kansas,15–19,Male,4,31,0.12903225806451613
2023,Kansas,20–24,Female,3,10,0.3
2023,Kansas,20–24,Male,6,24,0.25
2023,Kansas,25–34,Female,1,23,0.043478260869565216
2023,Kansas,25–34,Male,8,40,0.2
2023,Kansas,35–44,Female,3,12,0.25
2023,Kansas,35–44,Male,9,33,0.2727272727272727
2023,Kansas,45-54,Female,2,14,0.14285714285714285
2023,Kansas,45-54,Male,10,27,0.37037037037037035
2023,Kansas,55-64,Female,1,17,0.058823529411764705
2023,Kansas,55-64,Male,3,42,0.07142857142857142
2023,Kansas,65+,Female,1,34,0.029411764705882353
2023,Kansas,65+,Male,1,51,0.0196078431372549
2023,Kentucky,0-14,Female,1,8,0.125
2023,Kentucky,0-14,Male,0,12,0
2023,Kentucky,15–19,Female,1,24,0.041666666666666664
2023,Kentucky,15–19,Male,7,25,0.28
2023,Kentucky,20–24,Female,4,17,0.23529411764705882
2023,Kentucky,20–24,Male,13,54,0.24074074074074073
2023,Kentucky,25–34,Female,9,38,0.23684210526315788
2023,Kentucky,25–34,Male,31,102,0.30392156862745096
2023,Kentucky,35–44,Female,7,29,0.2413793103448276
2023,Kentucky,35–44,Male,19,88,0.2159090909090909
2023,Kentucky,45-54,Female,5,31,0.16129032258064516
2023,Kentucky,45-54,Male,19,85,0.2235294117647059
2023,Kentucky,55-64,Female,4,33,0.12121212121212122
2023,Kentucky,55-64,Male,16,82,0.1951219512195122
2023,Kentucky,65+,Female,0,69,0
2023,Kentucky,65+,Male,6,117,0.05128205128205128
2023,Louisiana,0-14,Female,0,19,0
2023,Louisiana,0-14,Male,0,12,0
2023,Louisiana,15–19,Female,2,17,0.11764705882352941
2023,Louisiana,15–19,Male,5,34,0.14705882352941177
2023,Louisiana,20–24,Female,3,19,0.15789473684210525
2023,Louisiana,20–24,Male,22,51,0.43137254901960786
2023,Louisiana,25–34,Female,9,48,0.1875
2023,Louisiana,25–34,Male,37,93,0.3978494623655914
2023,Louisiana,35–44,Female,8,38,0.21052631578947367
2023,Louisiana,35–44,Male,33,109,0.30275229357798167
2023,Louisiana,45-54,Female,9,25,0.36
2023,Louisiana,45-54,Male,25,95,0.2631578947368421
2023,Louisiana,55-64,Female,13,34,0.38235294117647056
2023,Louisiana,55-64,Male,17,78,0.21794871794871795
2023,Louisiana,65+,Female,1,44,0.022727272727272728
2023,Louisiana,65+,Male,13,92,0.14130434782608695
2023,Maine,0-14,Female,0,1,0
2023,Maine,0-14,Male,0,1,0
2023,Maine,15–19,Female,1,3,0.3333333333333333
2023,Maine,15–19,Male,1,9,0.1111111111111111
2023,Maine,20–24,Female,1,4,0.25
2023,Maine,20–24,Male,3,11,0.2727272727272727
2023,Maine,25–34,Female,2,4,0.5
2023,Maine,25–34,Male,6,16,0.375
2023,Maine,35–44,Female,0,8,0
2023,Maine,35–44,Male,2,15,0.13333333333333333
2023,Maine,45-54,Female,1,2,0.5
2023,Maine,45-54,Male,6,16,0.375
2023,Maine,55-64,Female,1,5,0.2
2023,Maine,55-64,Male,0,11,0
2023,Maine,65+,Female,0,12,0
2023,Maine,65+,Male,0,17,0
2023,Maryland,0-14,Female,0,2,0
2023,Maryland,0-14,Male,0,7,0
2023,Maryland,15–19,Female,1,9,0.1111111111111111
2023,Maryland,15–19,Male,1,20,0.05
2023,Maryland,20–24,Female,5,16,0.3125
2023,Maryland,20–24,Male,18,48,0.375
2023,Maryland,25–34,Female,11,33,0.3333333333333333
2023,Maryland,25–34,Male,29,104,0.27884615384615385
2023,Maryland,35–44,Female,3,22,0.13636363636363635
2023,Maryland,35–44,Male,32,73,0.4383561643835616
2023,Maryland,45-54,Female,4,19,0.21052631578947367
2023,Maryland,45-54,Male,14,55,0.2545454545454545
2023,Maryland,55-64,Female,3,24,0.125
2023,Maryland,55-64,Male,19,78,0.24358974358974358
2023,Maryland,65+,Female,2,46,0.043478260869565216
2023,Maryland,65+,Male,4,63,0.06349206349206349
2023,Massachusetts,0-14,Female,0,3,0
2023,Massachusetts,0-14,Male,0,3,0
2023,Massachusetts,15–19,Female,2,5,0.4
2023,Massachusetts,15–19,Male,6,26,0.23076923076923078
2023,Massachusetts,20–24,Female,7,12,0.5833333333333334
2023,Massachusetts,20–24,Male,11,31,0.3548387096774194
2023,Massachusetts,25–34,Female,10,14,0.7142857142857143
2023,Massachusetts,25–34,Male,25,48,0.5208333333333334
2023,Massachusetts,35–44,Female,4,10,0.4
2023,Massachusetts,35–44,Male,5,25,0.2
2023,Massachusetts,45-54,Female,4,11,0.36363636363636365
2023,Massachusetts,45-54,Male,12,35,0.34285714285714286
2023,Massachusetts,55-64,Female,1,13,0.07692307692307693
2023,Massachusetts,55-64,Male,8,32,0.25
2023,Massachusetts,65+,Female,1,23,0.043478260869565216
2023,Massachusetts,65+,Male,1,51,0.0196078431372549
2023,Michigan,0-14,Female,0,9,0
2023,Michigan,0-14,Male,0,16,0
2023,Michigan,15–19,Female,0,15,0
2023,Michigan,15–19,Male,2,41,0.04878048780487805
2023,Michigan,20–24,Female,1,27,0.037037037037037035
2023,Michigan,20–24,Male,11,84,0.13095238095238096
2023,Michigan,25–34,Female,6,63,0.09523809523809523
2023,Michigan,25–34,Male,22,121,0.18181818181818182
2023,Michigan,35–44,Female,3,37,0.08108108108108109
2023,Michigan,35–44,Male,22,131,0.16793893129770993
2023,Michigan,45-54,Female,3,36,0.08333333333333333
2023,Michigan,45-54,Male,17,96,0.17708333333333334
2023,Michigan,55-64,Female,2,32,0.0625
2023,Michigan,55-64,Male,15,120,0.125
2023,Michigan,65+,Female,2,99,0.020202020202020204
2023,Michigan,65+,Male,3,169,0.01775147928994083
2023,Minnesota,0-14,Female,0,6,0
2023,Minnesota,0-14,Male,0,3,0
2023,Minnesota,15–19,Female,0,10,0
2023,Minnesota,15–19,Male,4,22,0.18181818181818182
2023,Minnesota,20–24,Female,1,7,0.14285714285714285
2023,Minnesota,20–24,Male,9,22,0.4090909090909091
2023,Minnesota,25–34,Female,4,16,0.25
2023,Minnesota,25–34,Male,11,46,0.2391304347826087
2023,Minnesota,35–44,Female,1,16,0.0625
2023,Minnesota,35–44,Male,7,36,0.19444444444444445
2023,Minnesota,45-54,Female,1,16,0.0625
2023,Minnesota,45-54,Male,12,31,0.3870967741935484
2023,Minnesota,55-64,Female,2,23,0.08695652173913043
2023,Minnesota,55-64,Male,10,49,0.20408163265306123
2023,Minnesota,65+,Female,0,35,0
2023,Minnesota,65+,Male,2,63,0.031746031746031744
2023,Mississippi,0-14,Female,0,11,0
2023,Mississippi,0-14,Male,0,5,0
2023,Mississippi,15–19,Female,0,19,0
2023,Mississippi,15–19,Male,0,51,0
2023,Mississippi,20–24,Female,0,22,0
2023,Mississippi,20–24,Male,0,54,0
2023,Mississippi,25–34,Female,2,42,0.047619047619047616
2023,Mississippi,25–34,Male,5,94,0.05319148936170213
2023,Mississippi,35–44,Female,1,28,0.03571428571428571
2023,Mississippi,35–44,Male,6,81,0.07407407407407407
2023,Mississippi,45-54,Female,1,19,0.05263157894736842
2023,Mississippi,45-54,Male,9,70,0.12857142857142856
2023,Mississippi,55-64,Female,0,29,0
2023,Mississippi,55-64,Male,1,76,0.013157894736842105
2023,Mississippi,65+,Female,0,41,0
2023,Mississippi,65+,Male,1,81,0.012345679012345678
2023,Missouri,0-14,Female,0,9,0
2023,Missouri,0-14,Male,0,13,0
2023,Missouri,15–19,Female,7,27,0.25925925925925924
2023,Missouri,15–19,Male,7,54,0.12962962962962962
2023,Missouri,20–24,Female,8,29,0.27586206896551724
2023,Missouri,20–24,Male,12,55,0.21818181818181817
2023,Missouri,25–34,Female,13,47,0.2765957446808511
2023,Missouri,25–34,Male,55,139,0.39568345323741005
2023,Missouri,35–44,Female,8,43,0.18604651162790697
2023,Missouri,35–44,Male,35,104,0.33653846153846156
2023,Missouri,45-54,Female,4,34,0.11764705882352941
2023,Missouri,45-54,Male,29,90,0.32222222222222224
2023,Missouri,55-64,Female,6,43,0.13953488372093023
2023,Missouri,55-64,Male,23,104,0.22115384615384615
2023,Missouri,65+,Female,3,77,0.03896103896103896
2023,Missouri,65+,Male,7,123,0.056910569105691054
2023,Montana,0-14,Female,0,6,0
2023,Montana,0-14,Male,0,0,NA
2023,Montana,15–19,Female,2,7,0.2857142857142857
2023,Montana,15–19,Male,5,14,0.35714285714285715
2023,Montana,20–24,Female,2,4,0.5
2023,Montana,20–24,Male,7,14,0.5
2023,Montana,25–34,Female,6,13,0.46153846153846156
2023,Montana,25–34,Male,8,23,0.34782608695652173
2023,Montana,35–44,Female,4,7,0.5714285714285714
2023,Montana,35–44,Male,8,21,0.38095238095238093
2023,Montana,45-54,Female,0,7,0
2023,Montana,45-54,Male,13,19,0.6842105263157895
2023,Montana,55-64,Female,3,11,0.2727272727272727
2023,Montana,55-64,Male,6,24,0.25
2023,Montana,65+,Female,0,12,0
2023,Montana,65+,Male,3,26,0.11538461538461539
2023,Nebraska,0-14,Female,0,2,0
2023,Nebraska,0-14,Male,0,5,0
2023,Nebraska,15–19,Female,0,4,0
2023,Nebraska,15–19,Male,3,15,0.2
2023,Nebraska,20–24,Female,0,6,0
2023,Nebraska,20–24,Male,4,16,0.25
2023,Nebraska,25–34,Female,2,9,0.2222222222222222
2023,Nebraska,25–34,Male,9,28,0.32142857142857145
2023,Nebraska,35–44,Female,2,10,0.2
2023,Nebraska,35–44,Male,5,24,0.20833333333333334
2023,Nebraska,45-54,Female,0,8,0
2023,Nebraska,45-54,Male,5,27,0.18518518518518517
2023,Nebraska,55-64,Female,2,8,0.25
2023,Nebraska,55-64,Male,6,23,0.2608695652173913
2023,Nebraska,65+,Female,1,11,0.09090909090909091
2023,Nebraska,65+,Male,1,31,0.03225806451612903
2023,Nevada,0-14,Female,0,6,0
2023,Nevada,0-14,Male,0,6,0
2023,Nevada,15–19,Female,2,7,0.2857142857142857
2023,Nevada,15–19,Male,6,19,0.3157894736842105
2023,Nevada,20–24,Female,1,9,0.1111111111111111
2023,Nevada,20–24,Male,9,28,0.32142857142857145
2023,Nevada,25–34,Female,6,18,0.3333333333333333
2023,Nevada,25–34,Male,23,64,0.359375
2023,Nevada,35–44,Female,5,17,0.29411764705882354
2023,Nevada,35–44,Male,20,59,0.3389830508474576
2023,Nevada,45-54,Female,4,14,0.2857142857142857
2023,Nevada,45-54,Male,6,27,0.2222222222222222
2023,Nevada,55-64,Female,2,14,0.14285714285714285
2023,Nevada,55-64,Male,9,37,0.24324324324324326
2023,Nevada,65+,Female,0,25,0
2023,Nevada,65+,Male,2,46,0.043478260869565216
2023,New Hampshire,0-14,Female,0,0,NA
2023,New Hampshire,0-14,Male,0,0,NA
2023,New Hampshire,15–19,Female,1,2,0.5
2023,New Hampshire,15–19,Male,0,3,0
2023,New Hampshire,20–24,Female,0,2,0
2023,New Hampshire,20–24,Male,3,11,0.2727272727272727
2023,New Hampshire,25–34,Female,1,5,0.2
2023,New Hampshire,25–34,Male,2,14,0.14285714285714285
2023,New Hampshire,35–44,Female,2,5,0.4
2023,New Hampshire,35–44,Male,8,11,0.7272727272727273
2023,New Hampshire,45-54,Female,1,5,0.2
2023,New Hampshire,45-54,Male,7,15,0.4666666666666667
2023,New Hampshire,55-64,Female,1,6,0.16666666666666666
2023,New Hampshire,55-64,Male,0,12,0
2023,New Hampshire,65+,Female,1,11,0.09090909090909091
2023,New Hampshire,65+,Male,2,25,0.08
2023,New Jersey,0-14,Female,0,9,0
2023,New Jersey,0-14,Male,0,7,0
2023,New Jersey,15–19,Female,1,12,0.08333333333333333
2023,New Jersey,15–19,Male,2,23,0.08695652173913043
2023,New Jersey,20–24,Female,9,14,0.6428571428571429
2023,New Jersey,20–24,Male,16,47,0.3404255319148936
2023,New Jersey,25–34,Female,0,12,0
2023,New Jersey,25–34,Male,24,84,0.2857142857142857
2023,New Jersey,35–44,Female,8,19,0.42105263157894735
2023,New Jersey,35–44,Male,24,67,0.3582089552238806
2023,New Jersey,45-54,Female,2,17,0.11764705882352941
2023,New Jersey,45-54,Male,18,52,0.34615384615384615
2023,New Jersey,55-64,Female,0,18,0
2023,New Jersey,55-64,Male,12,60,0.2
2023,New Jersey,65+,Female,0,55,0
2023,New Jersey,65+,Male,5,108,0.046296296296296294
2023,New Mexico,0-14,Female,0,2,0
2023,New Mexico,0-14,Male,0,5,0
2023,New Mexico,15–19,Female,1,6,0.16666666666666666
2023,New Mexico,15–19,Male,2,17,0.11764705882352941
2023,New Mexico,20–24,Female,2,10,0.2
2023,New Mexico,20–24,Male,14,45,0.3111111111111111
2023,New Mexico,25–34,Female,11,27,0.4074074074074074
2023,New Mexico,25–34,Male,15,56,0.26785714285714285
2023,New Mexico,35–44,Female,3,20,0.15
2023,New Mexico,35–44,Male,20,62,0.3225806451612903
2023,New Mexico,45-54,Female,2,11,0.18181818181818182
2023,New Mexico,45-54,Male,14,48,0.2916666666666667
2023,New Mexico,55-64,Female,2,12,0.16666666666666666
2023,New Mexico,55-64,Male,7,43,0.16279069767441862
2023,New Mexico,65+,Female,1,23,0.043478260869565216
2023,New Mexico,65+,Male,4,50,0.08
2023,New York,0-14,Female,1,16,0.0625
2023,New York,0-14,Male,0,19,0
2023,New York,15–19,Female,3,14,0.21428571428571427
2023,New York,15–19,Male,6,51,0.11764705882352941
2023,New York,20–24,Female,11,31,0.3548387096774194
2023,New York,20–24,Male,14,79,0.17721518987341772
2023,New York,25–34,Female,9,40,0.225
2023,New York,25–34,Male,52,149,0.348993288590604
2023,New York,35–44,Female,6,32,0.1875
2023,New York,35–44,Male,36,130,0.27692307692307694
2023,New York,45-54,Female,2,35,0.05714285714285714
2023,New York,45-54,Male,32,104,0.3076923076923077
2023,New York,55-64,Female,8,45,0.17777777777777778
2023,New York,55-64,Male,27,127,0.2125984251968504
2023,New York,65+,Female,0,111,0
2023,New York,65+,Male,5,130,0.038461538461538464
2023,North Carolina,0-14,Female,0,16,0
2023,North Carolina,0-14,Male,0,25,0
2023,North Carolina,15–19,Female,1,29,0.034482758620689655
2023,North Carolina,15–19,Male,5,80,0.0625
2023,North Carolina,20–24,Female,4,33,0.12121212121212122
2023,North Carolina,20–24,Male,17,115,0.14782608695652175
2023,North Carolina,25–34,Female,12,84,0.14285714285714285
2023,North Carolina,25–34,Male,22,205,0.1073170731707317
2023,North Carolina,35–44,Female,9,90,0.1
2023,North Carolina,35–44,Male,22,190,0.11578947368421053
2023,North Carolina,45-54,Female,5,61,0.08196721311475409
2023,North Carolina,45-54,Male,22,157,0.14012738853503184
2023,North Carolina,55-64,Female,3,67,0.04477611940298507
2023,North Carolina,55-64,Male,21,155,0.13548387096774195
2023,North Carolina,65+,Female,2,103,0.019417475728155338
2023,North Carolina,65+,Male,5,164,0.03048780487804878
2023,North Dakota,0-14,Female,0,3,0
2023,North Dakota,0-14,Male,0,1,0
2023,North Dakota,15–19,Female,1,1,1
2023,North Dakota,15–19,Male,0,4,0
2023,North Dakota,20–24,Female,3,5,0.6
2023,North Dakota,20–24,Male,3,5,0.6
2023,North Dakota,25–34,Female,2,5,0.4
2023,North Dakota,25–34,Male,5,12,0.4166666666666667
2023,North Dakota,35–44,Female,1,6,0.16666666666666666
2023,North Dakota,35–44,Male,3,9,0.3333333333333333
2023,North Dakota,45-54,Female,2,5,0.4
2023,North Dakota,45-54,Male,6,12,0.5
2023,North Dakota,55-64,Female,1,7,0.14285714285714285
2023,North Dakota,55-64,Male,2,10,0.2
2023,North Dakota,65+,Female,1,5,0.2
2023,North Dakota,65+,Male,0,16,0
2023,Ohio,0-14,Female,0,12,0
2023,Ohio,0-14,Male,0,20,0
2023,Ohio,15–19,Female,2,29,0.06896551724137931
2023,Ohio,15–19,Male,8,55,0.14545454545454545
2023,Ohio,20–24,Female,3,32,0.09375
2023,Ohio,20–24,Male,34,88,0.38636363636363635
2023,Ohio,25–34,Female,10,38,0.2631578947368421
2023,Ohio,25–34,Male,74,174,0.42528735632183906
2023,Ohio,35–44,Female,18,60,0.3
2023,Ohio,35–44,Male,47,141,0.3333333333333333
2023,Ohio,45-54,Female,6,32,0.1875
2023,Ohio,45-54,Male,49,133,0.3684210526315789
2023,Ohio,55-64,Female,7,34,0.20588235294117646
2023,Ohio,55-64,Male,39,129,0.3023255813953488
2023,Ohio,65+,Female,3,91,0.03296703296703297
2023,Ohio,65+,Male,15,173,0.08670520231213873
2023,Oklahoma,0-14,Female,0,8,0
2023,Oklahoma,0-14,Male,0,6,0
2023,Oklahoma,15–19,Female,1,17,0.058823529411764705
2023,Oklahoma,15–19,Male,10,42,0.23809523809523808
2023,Oklahoma,20–24,Female,5,17,0.29411764705882354
2023,Oklahoma,20–24,Male,11,33,0.3333333333333333
2023,Oklahoma,25–34,Female,7,30,0.23333333333333334
2023,Oklahoma,25–34,Male,24,94,0.2553191489361702
2023,Oklahoma,35–44,Female,5,34,0.14705882352941177
2023,Oklahoma,35–44,Male,32,92,0.34782608695652173
2023,Oklahoma,45-54,Female,2,27,0.07407407407407407
2023,Oklahoma,45-54,Male,16,66,0.24242424242424243
2023,Oklahoma,55-64,Female,2,34,0.058823529411764705
2023,Oklahoma,55-64,Male,11,66,0.16666666666666666
2023,Oklahoma,65+,Female,1,46,0.021739130434782608
2023,Oklahoma,65+,Male,6,99,0.06060606060606061
2023,Oregon,0-14,Female,0,1,0
2023,Oregon,0-14,Male,0,9,0
2023,Oregon,15–19,Female,2,12,0.16666666666666666
2023,Oregon,15–19,Male,7,23,0.30434782608695654
2023,Oregon,20–24,Female,1,5,0.2
2023,Oregon,20–24,Male,24,46,0.5217391304347826
2023,Oregon,25–34,Female,6,22,0.2727272727272727
2023,Oregon,25–34,Male,25,77,0.3246753246753247
2023,Oregon,35–44,Female,8,28,0.2857142857142857
2023,Oregon,35–44,Male,19,76,0.25
2023,Oregon,45-54,Female,6,25,0.24
2023,Oregon,45-54,Male,15,52,0.28846153846153844
2023,Oregon,55-64,Female,0,18,0
2023,Oregon,55-64,Male,20,58,0.3448275862068966
2023,Oregon,65+,Female,2,44,0.045454545454545456
2023,Oregon,65+,Male,6,91,0.06593406593406594
2023,Pennsylvania,0-14,Female,0,2,0
2023,Pennsylvania,0-14,Male,0,15,0
2023,Pennsylvania,15–19,Female,1,22,0.045454545454545456
2023,Pennsylvania,15–19,Male,7,67,0.1044776119402985
2023,Pennsylvania,20–24,Female,5,23,0.21739130434782608
2023,Pennsylvania,20–24,Male,25,95,0.2631578947368421
2023,Pennsylvania,25–34,Female,9,43,0.20930232558139536
2023,Pennsylvania,25–34,Male,46,168,0.27380952380952384
2023,Pennsylvania,35–44,Female,12,49,0.24489795918367346
2023,Pennsylvania,35–44,Male,39,130,0.3
2023,Pennsylvania,45-54,Female,2,27,0.07407407407407407
2023,Pennsylvania,45-54,Male,23,99,0.23232323232323232
2023,Pennsylvania,55-64,Female,9,45,0.2
2023,Pennsylvania,55-64,Male,28,118,0.23728813559322035
2023,Pennsylvania,65+,Female,2,104,0.019230769230769232
2023,Pennsylvania,65+,Male,11,204,0.05392156862745098
2023,Puerto Rico,0-14,Female,0,0,NA
2023,Puerto Rico,0-14,Male,0,2,0
2023,Puerto Rico,15–19,Female,0,1,0
2023,Puerto Rico,15–19,Male,1,13,0.07692307692307693
2023,Puerto Rico,20–24,Female,5,9,0.5555555555555556
2023,Puerto Rico,20–24,Male,7,27,0.25925925925925924
2023,Puerto Rico,25–34,Female,6,11,0.5454545454545454
2023,Puerto Rico,25–34,Male,22,53,0.41509433962264153
2023,Puerto Rico,35–44,Female,2,7,0.2857142857142857
2023,Puerto Rico,35–44,Male,14,35,0.4
2023,Puerto Rico,45-54,Female,1,4,0.25
2023,Puerto Rico,45-54,Male,10,33,0.30303030303030304
2023,Puerto Rico,55-64,Female,0,5,0
2023,Puerto Rico,55-64,Male,13,36,0.3611111111111111
2023,Puerto Rico,65+,Female,1,17,0.058823529411764705
2023,Puerto Rico,65+,Male,17,54,0.3148148148148148
2023,Rhode Island,0-14,Female,0,0,NA
2023,Rhode Island,0-14,Male,0,0,NA
2023,Rhode Island,15–19,Female,0,1,0
2023,Rhode Island,15–19,Male,1,4,0.25
2023,Rhode Island,20–24,Female,0,2,0
2023,Rhode Island,20–24,Male,1,5,0.2
2023,Rhode Island,25–34,Female,3,6,0.5
2023,Rhode Island,25–34,Male,5,8,0.625
2023,Rhode Island,35–44,Female,0,0,NA
2023,Rhode Island,35–44,Male,3,5,0.6
2023,Rhode Island,45-54,Female,0,1,0
2023,Rhode Island,45-54,Male,2,9,0.2222222222222222
2023,Rhode Island,55-64,Female,1,1,1
2023,Rhode Island,55-64,Male,1,6,0.16666666666666666
2023,Rhode Island,65+,Female,0,6,0
2023,Rhode Island,65+,Male,2,17,0.11764705882352941
2023,South Carolina,0-14,Female,0,13,0
2023,South Carolina,0-14,Male,1,17,0.058823529411764705
2023,South Carolina,15–19,Female,3,15,0.2
2023,South Carolina,15–19,Male,9,44,0.20454545454545456
2023,South Carolina,20–24,Female,5,22,0.22727272727272727
2023,South Carolina,20–24,Male,27,83,0.3253012048192771
2023,South Carolina,25–34,Female,21,55,0.38181818181818183
2023,South Carolina,25–34,Male,64,144,0.4444444444444444
2023,South Carolina,35–44,Female,11,41,0.2682926829268293
2023,South Carolina,35–44,Male,50,134,0.373134328358209
2023,South Carolina,45-54,Female,3,35,0.08571428571428572
2023,South Carolina,45-54,Male,38,98,0.3877551020408163
2023,South Carolina,55-64,Female,9,43,0.20930232558139536
2023,South Carolina,55-64,Male,31,108,0.28703703703703703
2023,South Carolina,65+,Female,3,66,0.045454545454545456
2023,South Carolina,65+,Male,16,128,0.125
2023,South Dakota,0-14,Female,0,0,NA
2023,South Dakota,0-14,Male,0,2,0
2023,South Dakota,15–19,Female,0,8,0
2023,South Dakota,15–19,Male,1,8,0.125
2023,South Dakota,20–24,Female,1,1,1
2023,South Dakota,20–24,Male,4,7,0.5714285714285714
2023,South Dakota,25–34,Female,1,6,0.16666666666666666
2023,South Dakota,25–34,Male,11,20,0.55
2023,South Dakota,35–44,Female,1,3,0.3333333333333333
2023,South Dakota,35–44,Male,3,15,0.2
2023,South Dakota,45-54,Female,0,2,0
2023,South Dakota,45-54,Male,3,14,0.21428571428571427
2023,South Dakota,55-64,Female,1,5,0.2
2023,South Dakota,55-64,Male,3,18,0.16666666666666666
2023,South Dakota,65+,Female,0,9,0
2023,South Dakota,65+,Male,0,22,0
2023,Tennessee,0-14,Female,0,11,0
2023,Tennessee,0-14,Male,1,21,0.047619047619047616
2023,Tennessee,15–19,Female,3,31,0.0967741935483871
2023,Tennessee,15–19,Male,4,69,0.057971014492753624
2023,Tennessee,20–24,Female,5,29,0.1724137931034483
2023,Tennessee,20–24,Male,39,120,0.325
2023,Tennessee,25–34,Female,17,76,0.2236842105263158
2023,Tennessee,25–34,Male,51,163,0.3128834355828221
2023,Tennessee,35–44,Female,11,54,0.2037037037037037
2023,Tennessee,35–44,Male,39,142,0.2746478873239437
2023,Tennessee,45-54,Female,4,45,0.08888888888888889
2023,Tennessee,45-54,Male,33,144,0.22916666666666666
2023,Tennessee,55-64,Female,2,42,0.047619047619047616
2023,Tennessee,55-64,Male,29,135,0.21481481481481482
2023,Tennessee,65+,Female,4,78,0.05128205128205128
2023,Tennessee,65+,Male,14,160,0.0875
2023,Texas,0-14,Female,0,49,0
2023,Texas,0-14,Male,0,71,0
2023,Texas,15–19,Female,8,75,0.10666666666666667
2023,Texas,15–19,Male,22,249,0.08835341365461848
2023,Texas,20–24,Female,29,141,0.20567375886524822
2023,Texas,20–24,Male,100,389,0.2570694087403599
2023,Texas,25–34,Female,49,201,0.24378109452736318
2023,Texas,25–34,Male,156,653,0.23889739663093415
2023,Texas,35–44,Female,36,189,0.19047619047619047
2023,Texas,35–44,Male,140,529,0.2646502835538752
2023,Texas,45-54,Female,21,131,0.16030534351145037
2023,Texas,45-54,Male,85,423,0.20094562647754138
2023,Texas,55-64,Female,10,142,0.07042253521126761
2023,Texas,55-64,Male,66,374,0.17647058823529413
2023,Texas,65+,Female,3,228,0.013157894736842105
2023,Texas,65+,Male,29,431,0.06728538283062645
2023,Utah,0-14,Female,0,2,0
2023,Utah,0-14,Male,0,7,0
2023,Utah,15–19,Female,0,13,0
2023,Utah,15–19,Male,5,21,0.23809523809523808
2023,Utah,20–24,Female,1,9,0.1111111111111111
2023,Utah,20–24,Male,6,21,0.2857142857142857
2023,Utah,25–34,Female,4,11,0.36363636363636365
2023,Utah,25–34,Male,7,27,0.25925925925925924
2023,Utah,35–44,Female,3,9,0.3333333333333333
2023,Utah,35–44,Male,15,29,0.5172413793103449
2023,Utah,45-54,Female,0,8,0
2023,Utah,45-54,Male,7,33,0.21212121212121213
2023,Utah,55-64,Female,0,13,0
2023,Utah,55-64,Male,3,33,0.09090909090909091
2023,Utah,65+,Female,0,12,0
2023,Utah,65+,Male,0,32,0
2023,Vermont,0-14,Female,0,1,0
2023,Vermont,0-14,Male,0,1,0
2023,Vermont,15–19,Female,0,0,NA
2023,Vermont,15–19,Male,2,4,0.5
2023,Vermont,20–24,Female,0,1,0
2023,Vermont,20–24,Male,1,2,0.5
2023,Vermont,25–34,Female,1,2,0.5
2023,Vermont,25–34,Male,2,8,0.25
2023,Vermont,35–44,Female,0,2,0
2023,Vermont,35–44,Male,4,6,0.6666666666666666
2023,Vermont,45-54,Female,0,2,0
2023,Vermont,45-54,Male,2,10,0.2
2023,Vermont,55-64,Female,0,3,0
2023,Vermont,55-64,Male,3,5,0.6
2023,Vermont,65+,Female,0,8,0
2023,Vermont,65+,Male,1,14,0.07142857142857142
2023,Virginia,0-14,Female,0,4,0
2023,Virginia,0-14,Male,0,11,0
2023,Virginia,15–19,Female,1,15,0.06666666666666667
2023,Virginia,15–19,Male,4,39,0.10256410256410256
2023,Virginia,20–24,Female,3,25,0.12
2023,Virginia,20–24,Male,21,60,0.35
2023,Virginia,25–34,Female,7,35,0.2
2023,Virginia,25–34,Male,50,134,0.373134328358209
2023,Virginia,35–44,Female,11,44,0.25
2023,Virginia,35–44,Male,36,101,0.3564356435643564
2023,Virginia,45-54,Female,1,21,0.047619047619047616
2023,Virginia,45-54,Male,25,84,0.2976190476190476
2023,Virginia,55-64,Female,4,33,0.12121212121212122
2023,Virginia,55-64,Male,32,107,0.29906542056074764
2023,Virginia,65+,Female,4,66,0.06060606060606061
2023,Virginia,65+,Male,11,124,0.08870967741935484
2023,Washington,0-14,Female,0,5,0
2023,Washington,0-14,Male,0,12,0
2023,Washington,15–19,Female,5,26,0.19230769230769232
2023,Washington,15–19,Male,12,46,0.2608695652173913
2023,Washington,20–24,Female,11,23,0.4782608695652174
2023,Washington,20–24,Male,31,77,0.4025974025974026
2023,Washington,25–34,Female,11,44,0.25
2023,Washington,25–34,Male,40,121,0.3305785123966942
2023,Washington,35–44,Female,3,26,0.11538461538461539
2023,Washington,35–44,Male,19,87,0.21839080459770116
2023,Washington,45-54,Female,5,26,0.19230769230769232
2023,Washington,45-54,Male,26,63,0.4126984126984127
2023,Washington,55-64,Female,5,20,0.25
2023,Washington,55-64,Male,19,87,0.21839080459770116
2023,Washington,65+,Female,1,52,0.019230769230769232
2023,Washington,65+,Male,8,84,0.09523809523809523
2023,West Virginia,0-14,Female,0,2,0
2023,West Virginia,0-14,Male,0,3,0
2023,West Virginia,15–19,Female,0,4,0
2023,West Virginia,15–19,Male,3,18,0.16666666666666666
2023,West Virginia,20–24,Female,0,5,0
2023,West Virginia,20–24,Male,4,17,0.23529411764705882
2023,West Virginia,25–34,Female,4,12,0.3333333333333333
2023,West Virginia,25–34,Male,8,39,0.20512820512820512
2023,West Virginia,35–44,Female,2,8,0.25
2023,West Virginia,35–44,Male,4,24,0.16666666666666666
2023,West Virginia,45-54,Female,1,3,0.3333333333333333
2023,West Virginia,45-54,Male,4,27,0.14814814814814814
2023,West Virginia,55-64,Female,0,11,0
2023,West Virginia,55-64,Male,6,30,0.2
2023,West Virginia,65+,Female,0,20,0
2023,West Virginia,65+,Male,3,36,0.08333333333333333
2023,Wisconsin,0-14,Female,0,15,0
2023,Wisconsin,0-14,Male,0,12,0
2023,Wisconsin,15–19,Female,1,18,0.05555555555555555
2023,Wisconsin,15–19,Male,2,33,0.06060606060606061
2023,Wisconsin,20–24,Female,1,12,0.08333333333333333
2023,Wisconsin,20–24,Male,10,47,0.2127659574468085
2023,Wisconsin,25–34,Female,4,26,0.15384615384615385
2023,Wisconsin,25–34,Male,16,72,0.2222222222222222
2023,Wisconsin,35–44,Female,3,30,0.1
2023,Wisconsin,35–44,Male,15,55,0.2727272727272727
2023,Wisconsin,45-54,Female,0,13,0
2023,Wisconsin,45-54,Male,8,62,0.12903225806451613
2023,Wisconsin,55-64,Female,2,14,0.14285714285714285
2023,Wisconsin,55-64,Male,7,57,0.12280701754385964
2023,Wisconsin,65+,Female,1,32,0.03125
2023,Wisconsin,65+,Male,6,88,0.06818181818181818
2023,Wyoming,0-14,Female,0,1,0
2023,Wyoming,0-14,Male,0,3,0
2023,Wyoming,15–19,Female,0,4,0
2023,Wyoming,15–19,Male,0,5,0
2023,Wyoming,20–24,Female,0,6,0
2023,Wyoming,20–24,Male,4,10,0.4
2023,Wyoming,25–34,Female,2,5,0.4
2023,Wyoming,25–34,Male,4,18,0.2222222222222222
2023,Wyoming,35–44,Female,2,5,0.4
2023,Wyoming,35–44,Male,4,17,0.23529411764705882
2023,Wyoming,45-54,Female,2,5,0.4
2023,Wyoming,45-54,Male,1,17,0.058823529411764705
2023,Wyoming,55-64,Female,0,3,0
2023,Wyoming,55-64,Male,0,10,0
2023,Wyoming,65+,Female,0,5,0
2023,Wyoming,65+,Male,2,30,0.06666666666666667
2024,Alabama,0-14,Female,0,10,0
2024,Alabama,0-14,Male,0,13,0
2024,Alabama,15–19,Female,3,17,0.17647058823529413
2024,Alabama,15–19,Male,8,53,0.1509433962264151
2024,Alabama,20–24,Female,6,27,0.2222222222222222
2024,Alabama,20–24,Male,21,64,0.328125
2024,Alabama,25–34,Female,8,41,0.1951219512195122
2024,Alabama,25–34,Male,33,136,0.2426470588235294
2024,Alabama,35–44,Female,10,34,0.29411764705882354
2024,Alabama,35–44,Male,32,131,0.24427480916030533
2024,Alabama,45-54,Female,6,34,0.17647058823529413
2024,Alabama,45-54,Male,21,110,0.19090909090909092
2024,Alabama,55-64,Female,3,29,0.10344827586206896
2024,Alabama,55-64,Male,20,104,0.19230769230769232
2024,Alabama,65+,Female,2,53,0.03773584905660377
2024,Alabama,65+,Male,7,96,0.07291666666666667
2024,Alaska,0-14,Female,0,0,NA
2024,Alaska,0-14,Male,0,2,0
2024,Alaska,15–19,Female,0,3,0
2024,Alaska,15–19,Male,1,4,0.25
2024,Alaska,20–24,Female,0,1,0
2024,Alaska,20–24,Male,0,5,0
2024,Alaska,25–34,Female,1,5,0.2
2024,Alaska,25–34,Male,2,11,0.18181818181818182
2024,Alaska,35–44,Female,1,3,0.3333333333333333
2024,Alaska,35–44,Male,0,6,0
2024,Alaska,45-54,Female,1,2,0.5
2024,Alaska,45-54,Male,0,5,0
2024,Alaska,55-64,Female,0,4,0
2024,Alaska,55-64,Male,1,6,0.16666666666666666
2024,Alaska,65+,Female,0,6,0
2024,Alaska,65+,Male,0,7,0
2024,Arizona,0-14,Female,0,20,0
2024,Arizona,0-14,Male,0,20,0
2024,Arizona,15–19,Female,1,20,0.05
2024,Arizona,15–19,Male,9,68,0.1323529411764706
2024,Arizona,20–24,Female,9,30,0.3
2024,Arizona,20–24,Male,19,88,0.2159090909090909
2024,Arizona,25–34,Female,8,51,0.1568627450980392
2024,Arizona,25–34,Male,39,158,0.2468354430379747
2024,Arizona,35–44,Female,7,45,0.15555555555555556
2024,Arizona,35–44,Male,34,149,0.22818791946308725
2024,Arizona,45-54,Female,8,52,0.15384615384615385
2024,Arizona,45-54,Male,11,104,0.10576923076923077
2024,Arizona,55-64,Female,2,31,0.06451612903225806
2024,Arizona,55-64,Male,9,100,0.09
2024,Arizona,65+,Female,4,97,0.041237113402061855
2024,Arizona,65+,Male,11,184,0.059782608695652176
2024,Arkansas,0-14,Female,0,11,0
2024,Arkansas,0-14,Male,0,6,0
2024,Arkansas,15–19,Female,1,13,0.07692307692307693
2024,Arkansas,15–19,Male,2,23,0.08695652173913043
2024,Arkansas,20–24,Female,4,15,0.26666666666666666
2024,Arkansas,20–24,Male,8,22,0.36363636363636365
2024,Arkansas,25–34,Female,8,34,0.23529411764705882
2024,Arkansas,25–34,Male,23,78,0.2948717948717949
2024,Arkansas,35–44,Female,1,22,0.045454545454545456
2024,Arkansas,35–44,Male,25,67,0.373134328358209
2024,Arkansas,45-54,Female,2,20,0.1
2024,Arkansas,45-54,Male,14,69,0.2028985507246377
2024,Arkansas,55-64,Female,2,26,0.07692307692307693
2024,Arkansas,55-64,Male,15,69,0.21739130434782608
2024,Arkansas,65+,Female,1,49,0.02040816326530612
2024,Arkansas,65+,Male,3,78,0.038461538461538464
2024,California,0-14,Female,0,42,0
2024,California,0-14,Male,0,49,0
2024,California,15–19,Female,5,57,0.08771929824561403
2024,California,15–19,Male,21,182,0.11538461538461539
2024,California,20–24,Female,18,98,0.1836734693877551
2024,California,20–24,Male,65,358,0.18156424581005587
2024,California,25–34,Female,23,198,0.11616161616161616
2024,California,25–34,Male,130,589,0.22071307300509338
2024,California,35–44,Female,15,171,0.08771929824561403
2024,California,35–44,Male,79,508,0.15551181102362205
2024,California,45-54,Female,10,122,0.08196721311475409
2024,California,45-54,Male,53,378,0.1402116402116402
2024,California,55-64,Female,7,110,0.06363636363636363
2024,California,55-64,Male,48,379,0.1266490765171504
2024,California,65+,Female,4,200,0.02
2024,California,65+,Male,19,421,0.04513064133016627
2024,Colorado,0-14,Female,0,7,0
2024,Colorado,0-14,Male,0,11,0
2024,Colorado,15–19,Female,3,19,0.15789473684210525
2024,Colorado,15–19,Male,10,40,0.25
2024,Colorado,20–24,Female,3,13,0.23076923076923078
2024,Colorado,20–24,Male,20,48,0.4166666666666667
2024,Colorado,25–34,Female,9,26,0.34615384615384615
2024,Colorado,25–34,Male,48,112,0.42857142857142855
2024,Colorado,35–44,Female,5,26,0.19230769230769232
2024,Colorado,35–44,Male,31,88,0.3522727272727273
2024,Colorado,45-54,Female,2,19,0.10526315789473684
2024,Colorado,45-54,Male,18,62,0.2903225806451613
2024,Colorado,55-64,Female,2,20,0.1
2024,Colorado,55-64,Male,12,71,0.16901408450704225
2024,Colorado,65+,Female,1,41,0.024390243902439025
2024,Colorado,65+,Male,8,86,0.09302325581395349
2024,Connecticut,0-14,Female,0,3,0
2024,Connecticut,0-14,Male,0,5,0
2024,Connecticut,15–19,Female,0,4,0
2024,Connecticut,15–19,Male,1,10,0.1
2024,Connecticut,20–24,Female,0,8,0
2024,Connecticut,20–24,Male,11,26,0.4230769230769231
2024,Connecticut,25–34,Female,4,13,0.3076923076923077
2024,Connecticut,25–34,Male,18,44,0.4090909090909091
2024,Connecticut,35–44,Female,6,14,0.42857142857142855
2024,Connecticut,35–44,Male,15,44,0.3409090909090909
2024,Connecticut,45-54,Female,4,10,0.4
2024,Connecticut,45-54,Male,15,28,0.5357142857142857
2024,Connecticut,55-64,Female,1,7,0.14285714285714285
2024,Connecticut,55-64,Male,9,26,0.34615384615384615
2024,Connecticut,65+,Female,1,24,0.041666666666666664
2024,Connecticut,65+,Male,3,44,0.06818181818181818
2024,Delaware,0-14,Female,0,1,0
2024,Delaware,0-14,Male,1,3,0.3333333333333333
2024,Delaware,15–19,Female,0,2,0
2024,Delaware,15–19,Male,1,6,0.16666666666666666
2024,Delaware,20–24,Female,0,0,NA
2024,Delaware,20–24,Male,2,13,0.15384615384615385
2024,Delaware,25–34,Female,1,8,0.125
2024,Delaware,25–34,Male,5,16,0.3125
2024,Delaware,35–44,Female,3,4,0.75
2024,Delaware,35–44,Male,1,11,0.09090909090909091
2024,Delaware,45-54,Female,1,4,0.25
2024,Delaware,45-54,Male,5,12,0.4166666666666667
2024,Delaware,55-64,Female,1,6,0.16666666666666666
2024,Delaware,55-64,Male,5,15,0.3333333333333333
2024,Delaware,65+,Female,1,9,0.1111111111111111
2024,Delaware,65+,Male,3,16,0.1875
2024,District of Columbia,0-14,Female,0,0,NA
2024,District of Columbia,0-14,Male,0,0,NA
2024,District of Columbia,15–19,Female,0,0,NA
2024,District of Columbia,15–19,Male,0,7,0
2024,District of Columbia,20–24,Female,0,2,0
2024,District of Columbia,20–24,Male,0,3,0
2024,District of Columbia,25–34,Female,0,2,0
2024,District of Columbia,25–34,Male,3,9,0.3333333333333333
2024,District of Columbia,35–44,Female,1,1,1
2024,District of Columbia,35–44,Male,3,6,0.5
2024,District of Columbia,45-54,Female,1,1,1
2024,District of Columbia,45-54,Male,0,3,0
2024,District of Columbia,55-64,Female,0,1,0
2024,District of Columbia,55-64,Male,1,6,0.16666666666666666
2024,District of Columbia,65+,Female,0,2,0
2024,District of Columbia,65+,Male,0,4,0
2024,Florida,0-14,Female,1,39,0.02564102564102564
2024,Florida,0-14,Male,0,33,0
2024,Florida,15–19,Female,0,42,0
2024,Florida,15–19,Male,9,129,0.06976744186046512
2024,Florida,20–24,Female,7,78,0.08974358974358974
2024,Florida,20–24,Male,23,248,0.09274193548387097
2024,Florida,25–34,Female,11,105,0.10476190476190476
2024,Florida,25–34,Male,54,397,0.13602015113350127
2024,Florida,35–44,Female,7,112,0.0625
2024,Florida,35–44,Male,52,368,0.14130434782608695
2024,Florida,45-54,Female,9,86,0.10465116279069768
2024,Florida,45-54,Male,53,292,0.1815068493150685
2024,Florida,55-64,Female,9,116,0.07758620689655173
2024,Florida,55-64,Male,41,353,0.11614730878186968
2024,Florida,65+,Female,3,249,0.012048192771084338
2024,Florida,65+,Male,23,414,0.05555555555555555
2024,Georgia,0-14,Female,0,15,0
2024,Georgia,0-14,Male,0,23,0
2024,Georgia,15–19,Female,0,16,0
2024,Georgia,15–19,Male,6,83,0.07228915662650602
2024,Georgia,20–24,Female,4,43,0.09302325581395349
2024,Georgia,20–24,Male,12,97,0.12371134020618557
2024,Georgia,25–34,Female,8,63,0.12698412698412698
2024,Georgia,25–34,Male,26,189,0.13756613756613756
2024,Georgia,35–44,Female,7,63,0.1111111111111111
2024,Georgia,35–44,Male,33,158,0.2088607594936709
2024,Georgia,45-54,Female,1,38,0.02631578947368421
2024,Georgia,45-54,Male,20,135,0.14814814814814814
2024,Georgia,55-64,Female,2,47,0.0425531914893617
2024,Georgia,55-64,Male,17,164,0.10365853658536585
2024,Georgia,65+,Female,1,88,0.011363636363636364
2024,Georgia,65+,Male,9,167,0.05389221556886228
2024,Hawaii,0-14,Female,0,0,NA
2024,Hawaii,0-14,Male,0,1,0
2024,Hawaii,15–19,Female,0,1,0
2024,Hawaii,15–19,Male,1,7,0.14285714285714285
2024,Hawaii,20–24,Female,0,1,0
2024,Hawaii,20–24,Male,3,7,0.42857142857142855
2024,Hawaii,25–34,Female,1,5,0.2
2024,Hawaii,25–34,Male,12,16,0.75
2024,Hawaii,35–44,Female,1,6,0.16666666666666666
2024,Hawaii,35–44,Male,3,6,0.5
2024,Hawaii,45-54,Female,1,3,0.3333333333333333
2024,Hawaii,45-54,Male,1,8,0.125
2024,Hawaii,55-64,Female,1,2,0.5
2024,Hawaii,55-64,Male,3,8,0.375
2024,Hawaii,65+,Female,0,11,0
2024,Hawaii,65+,Male,2,20,0.1
2024,Idaho,0-14,Female,0,2,0
2024,Idaho,0-14,Male,0,7,0
2024,Idaho,15–19,Female,0,6,0
2024,Idaho,15–19,Male,0,19,0
2024,Idaho,20–24,Female,0,5,0
2024,Idaho,20–24,Male,6,16,0.375
2024,Idaho,25–34,Female,5,11,0.45454545454545453
2024,Idaho,25–34,Male,13,34,0.38235294117647056
2024,Idaho,35–44,Female,1,8,0.125
2024,Idaho,35–44,Male,8,23,0.34782608695652173
2024,Idaho,45-54,Female,3,10,0.3
2024,Idaho,45-54,Male,9,26,0.34615384615384615
2024,Idaho,55-64,Female,0,6,0
2024,Idaho,55-64,Male,3,23,0.13043478260869565
2024,Idaho,65+,Female,0,14,0
2024,Idaho,65+,Male,2,28,0.07142857142857142
2024,Illinois,0-14,Female,0,14,0
2024,Illinois,0-14,Male,0,24,0
2024,Illinois,15–19,Female,1,26,0.038461538461538464
2024,Illinois,15–19,Male,6,60,0.1
2024,Illinois,20–24,Female,2,21,0.09523809523809523
2024,Illinois,20–24,Male,20,78,0.2564102564102564
2024,Illinois,25–34,Female,17,53,0.32075471698113206
2024,Illinois,25–34,Male,41,160,0.25625
2024,Illinois,35–44,Female,5,51,0.09803921568627451
2024,Illinois,35–44,Male,37,135,0.2740740740740741
2024,Illinois,45-54,Female,7,54,0.12962962962962962
2024,Illinois,45-54,Male,29,122,0.23770491803278687
2024,Illinois,55-64,Female,4,45,0.08888888888888889
2024,Illinois,55-64,Male,18,92,0.1956521739130435
2024,Illinois,65+,Female,4,85,0.047058823529411764
2024,Illinois,65+,Male,13,147,0.08843537414965986
2024,Indiana,0-14,Female,0,9,0
2024,Indiana,0-14,Male,0,16,0
2024,Indiana,15–19,Female,2,11,0.18181818181818182
2024,Indiana,15–19,Male,3,44,0.06818181818181818
2024,Indiana,20–24,Female,1,18,0.05555555555555555
2024,Indiana,20–24,Male,12,67,0.1791044776119403
2024,Indiana,25–34,Female,9,37,0.24324324324324326
2024,Indiana,25–34,Male,32,102,0.3137254901960784
2024,Indiana,35–44,Female,4,30,0.13333333333333333
2024,Indiana,35–44,Male,19,94,0.20212765957446807
2024,Indiana,45-54,Female,5,32,0.15625
2024,Indiana,45-54,Male,19,75,0.25333333333333335
2024,Indiana,55-64,Female,7,32,0.21875
2024,Indiana,55-64,Male,6,76,0.07894736842105263
2024,Indiana,65+,Female,0,54,0
2024,Indiana,65+,Male,8,135,0.05925925925925926
2024,Iowa,0-14,Female,0,3,0
2024,Iowa,0-14,Male,0,12,0
2024,Iowa,15–19,Female,0,7,0
2024,Iowa,15–19,Male,2,18,0.1111111111111111
2024,Iowa,20–24,Female,0,7,0
2024,Iowa,20–24,Male,5,21,0.23809523809523808
2024,Iowa,25–34,Female,2,11,0.18181818181818182
2024,Iowa,25–34,Male,12,43,0.27906976744186046
2024,Iowa,35–44,Female,1,15,0.06666666666666667
2024,Iowa,35–44,Male,6,49,0.12244897959183673
2024,Iowa,45-54,Female,0,14,0
2024,Iowa,45-54,Male,3,28,0.10714285714285714
2024,Iowa,55-64,Female,1,15,0.06666666666666667
2024,Iowa,55-64,Male,2,35,0.05714285714285714
2024,Iowa,65+,Female,0,24,0
2024,Iowa,65+,Male,3,53,0.05660377358490566
2024,Kansas,0-14,Female,0,1,0
2024,Kansas,0-14,Male,0,2,0
2024,Kansas,15–19,Female,0,5,0
2024,Kansas,15–19,Male,1,25,0.04
2024,Kansas,20–24,Female,1,13,0.07692307692307693
2024,Kansas,20–24,Male,10,22,0.45454545454545453
2024,Kansas,25–34,Female,4,12,0.3333333333333333
2024,Kansas,25–34,Male,16,42,0.38095238095238093
2024,Kansas,35–44,Female,4,14,0.2857142857142857
2024,Kansas,35–44,Male,10,41,0.24390243902439024
2024,Kansas,45-54,Female,2,9,0.2222222222222222
2024,Kansas,45-54,Male,11,31,0.3548387096774194
2024,Kansas,55-64,Female,0,12,0
2024,Kansas,55-64,Male,3,30,0.1
2024,Kansas,65+,Female,0,27,0
2024,Kansas,65+,Male,5,53,0.09433962264150944
2024,Kentucky,0-14,Female,0,8,0
2024,Kentucky,0-14,Male,0,14,0
2024,Kentucky,15–19,Female,0,13,0
2024,Kentucky,15–19,Male,3,28,0.10714285714285714
2024,Kentucky,20–24,Female,5,22,0.22727272727272727
2024,Kentucky,20–24,Male,21,47,0.44680851063829785
2024,Kentucky,25–34,Female,3,26,0.11538461538461539
2024,Kentucky,25–34,Male,24,84,0.2857142857142857
2024,Kentucky,35–44,Female,8,30,0.26666666666666666
2024,Kentucky,35–44,Male,19,69,0.2753623188405797
2024,Kentucky,45-54,Female,3,20,0.15
2024,Kentucky,45-54,Male,15,79,0.189873417721519
2024,Kentucky,55-64,Female,2,26,0.07692307692307693
2024,Kentucky,55-64,Male,14,78,0.1794871794871795
2024,Kentucky,65+,Female,0,55,0
2024,Kentucky,65+,Male,6,108,0.05555555555555555
2024,Louisiana,0-14,Female,0,9,0
2024,Louisiana,0-14,Male,0,12,0
2024,Louisiana,15–19,Female,0,10,0
2024,Louisiana,15–19,Male,4,26,0.15384615384615385
2024,Louisiana,20–24,Female,2,16,0.125
2024,Louisiana,20–24,Male,21,55,0.38181818181818183
2024,Louisiana,25–34,Female,7,25,0.28
2024,Louisiana,25–34,Male,30,104,0.28846153846153844
2024,Louisiana,35–44,Female,6,33,0.18181818181818182
2024,Louisiana,35–44,Male,27,110,0.24545454545454545
2024,Louisiana,45-54,Female,6,27,0.2222222222222222
2024,Louisiana,45-54,Male,17,85,0.2
2024,Louisiana,55-64,Female,1,22,0.045454545454545456
2024,Louisiana,55-64,Male,25,90,0.2777777777777778
2024,Louisiana,65+,Female,1,42,0.023809523809523808
2024,Louisiana,65+,Male,12,80,0.15
2024,Maine,0-14,Female,0,1,0
2024,Maine,0-14,Male,0,1,0
2024,Maine,15–19,Female,0,5,0
2024,Maine,15–19,Male,1,8,0.125
2024,Maine,20–24,Female,0,4,0
2024,Maine,20–24,Male,4,13,0.3076923076923077
2024,Maine,25–34,Female,0,5,0
2024,Maine,25–34,Male,7,20,0.35
2024,Maine,35–44,Female,1,5,0.2
2024,Maine,35–44,Male,7,24,0.2916666666666667
2024,Maine,45-54,Female,2,9,0.2222222222222222
2024,Maine,45-54,Male,3,16,0.1875
2024,Maine,55-64,Female,0,3,0
2024,Maine,55-64,Male,5,17,0.29411764705882354
2024,Maine,65+,Female,0,14,0
2024,Maine,65+,Male,1,32,0.03125
2024,Maryland,0-14,Female,0,7,0
2024,Maryland,0-14,Male,0,8,0
2024,Maryland,15–19,Female,1,11,0.09090909090909091
2024,Maryland,15–19,Male,3,19,0.15789473684210525
2024,Maryland,20–24,Female,5,14,0.35714285714285715
2024,Maryland,20–24,Male,16,57,0.2807017543859649
2024,Maryland,25–34,Female,11,35,0.3142857142857143
2024,Maryland,25–34,Male,27,66,0.4090909090909091
2024,Maryland,35–44,Female,7,25,0.28
2024,Maryland,35–44,Male,31,83,0.37349397590361444
2024,Maryland,45-54,Female,3,17,0.17647058823529413
2024,Maryland,45-54,Male,21,55,0.38181818181818183
2024,Maryland,55-64,Female,1,20,0.05
2024,Maryland,55-64,Male,16,74,0.21621621621621623
2024,Maryland,65+,Female,1,27,0.037037037037037035
2024,Maryland,65+,Male,4,59,0.06779661016949153
2024,Massachusetts,0-14,Female,0,2,0
2024,Massachusetts,0-14,Male,0,4,0
2024,Massachusetts,15–19,Female,0,6,0
2024,Massachusetts,15–19,Male,3,13,0.23076923076923078
2024,Massachusetts,20–24,Female,6,7,0.8571428571428571
2024,Massachusetts,20–24,Male,7,19,0.3684210526315789
2024,Massachusetts,25–34,Female,5,9,0.5555555555555556
2024,Massachusetts,25–34,Male,15,47,0.3191489361702128
2024,Massachusetts,35–44,Female,5,17,0.29411764705882354
2024,Massachusetts,35–44,Male,17,44,0.38636363636363635
2024,Massachusetts,45-54,Female,2,9,0.2222222222222222
2024,Massachusetts,45-54,Male,6,21,0.2857142857142857
2024,Massachusetts,55-64,Female,0,15,0
2024,Massachusetts,55-64,Male,15,44,0.3409090909090909
2024,Massachusetts,65+,Female,1,36,0.027777777777777776
2024,Massachusetts,65+,Male,2,69,0.028985507246376812
2024,Michigan,0-14,Female,0,14,0
2024,Michigan,0-14,Male,0,17,0
2024,Michigan,15–19,Female,1,20,0.05
2024,Michigan,15–19,Male,2,52,0.038461538461538464
2024,Michigan,20–24,Female,2,16,0.125
2024,Michigan,20–24,Male,11,69,0.15942028985507245
2024,Michigan,25–34,Female,11,54,0.2037037037037037
2024,Michigan,25–34,Male,29,155,0.1870967741935484
2024,Michigan,35–44,Female,9,47,0.19148936170212766
2024,Michigan,35–44,Male,16,104,0.15384615384615385
2024,Michigan,45-54,Female,5,32,0.15625
2024,Michigan,45-54,Male,19,90,0.2111111111111111
2024,Michigan,55-64,Female,3,41,0.07317073170731707
2024,Michigan,55-64,Male,20,117,0.17094017094017094
2024,Michigan,65+,Female,0,89,0
2024,Michigan,65+,Male,9,181,0.049723756906077346
2024,Minnesota,0-14,Female,0,6,0
2024,Minnesota,0-14,Male,0,8,0
2024,Minnesota,15–19,Female,0,8,0
2024,Minnesota,15–19,Male,3,33,0.09090909090909091
2024,Minnesota,20–24,Female,1,6,0.16666666666666666
2024,Minnesota,20–24,Male,10,29,0.3448275862068966
2024,Minnesota,25–34,Female,2,18,0.1111111111111111
2024,Minnesota,25–34,Male,17,46,0.3695652173913043
2024,Minnesota,35–44,Female,6,18,0.3333333333333333
2024,Minnesota,35–44,Male,15,44,0.3409090909090909
2024,Minnesota,45-54,Female,4,19,0.21052631578947367
2024,Minnesota,45-54,Male,10,36,0.2777777777777778
2024,Minnesota,55-64,Female,3,18,0.16666666666666666
2024,Minnesota,55-64,Male,11,46,0.2391304347826087
2024,Minnesota,65+,Female,0,50,0
2024,Minnesota,65+,Male,10,92,0.10869565217391304
2024,Mississippi,0-14,Female,0,8,0
2024,Mississippi,0-14,Male,0,15,0
2024,Mississippi,15–19,Female,0,19,0
2024,Mississippi,15–19,Male,4,49,0.08163265306122448
2024,Mississippi,20–24,Female,1,15,0.06666666666666667
2024,Mississippi,20–24,Male,1,41,0.024390243902439025
2024,Mississippi,25–34,Female,3,36,0.08333333333333333
2024,Mississippi,25–34,Male,12,103,0.11650485436893204
2024,Mississippi,35–44,Female,7,41,0.17073170731707318
2024,Mississippi,35–44,Male,4,83,0.04819277108433735
2024,Mississippi,45-54,Female,0,22,0
2024,Mississippi,45-54,Male,3,62,0.04838709677419355
2024,Mississippi,55-64,Female,1,24,0.041666666666666664
2024,Mississippi,55-64,Male,3,83,0.03614457831325301
2024,Mississippi,65+,Female,0,49,0
2024,Mississippi,65+,Male,1,93,0.010752688172043012
2024,Missouri,0-14,Female,0,20,0
2024,Missouri,0-14,Male,0,11,0
2024,Missouri,15–19,Female,4,20,0.2
2024,Missouri,15–19,Male,11,55,0.2
2024,Missouri,20–24,Female,5,21,0.23809523809523808
2024,Missouri,20–24,Male,15,58,0.25862068965517243
2024,Missouri,25–34,Female,9,51,0.17647058823529413
2024,Missouri,25–34,Male,34,108,0.3148148148148148
2024,Missouri,35–44,Female,10,45,0.2222222222222222
2024,Missouri,35–44,Male,24,104,0.23076923076923078
2024,Missouri,45-54,Female,6,34,0.17647058823529413
2024,Missouri,45-54,Male,16,72,0.2222222222222222
2024,Missouri,55-64,Female,1,33,0.030303030303030304
2024,Missouri,55-64,Male,18,91,0.1978021978021978
2024,Missouri,65+,Female,1,69,0.014492753623188406
2024,Missouri,65+,Male,14,163,0.08588957055214724
2024,Montana,0-14,Female,0,1,0
2024,Montana,0-14,Male,0,1,0
2024,Montana,15–19,Female,2,8,0.25
2024,Montana,15–19,Male,5,12,0.4166666666666667
2024,Montana,20–24,Female,2,4,0.5
2024,Montana,20–24,Male,3,13,0.23076923076923078
2024,Montana,25–34,Female,4,11,0.36363636363636365
2024,Montana,25–34,Male,13,25,0.52
2024,Montana,35–44,Female,2,7,0.2857142857142857
2024,Montana,35–44,Male,12,23,0.5217391304347826
2024,Montana,45-54,Female,2,8,0.25
2024,Montana,45-54,Male,6,19,0.3157894736842105
2024,Montana,55-64,Female,1,6,0.16666666666666666
2024,Montana,55-64,Male,6,24,0.25
2024,Montana,65+,Female,0,10,0
2024,Montana,65+,Male,3,34,0.08823529411764706
2024,Nebraska,0-14,Female,0,6,0
2024,Nebraska,0-14,Male,0,4,0
2024,Nebraska,15–19,Female,1,6,0.16666666666666666
2024,Nebraska,15–19,Male,3,13,0.23076923076923078
2024,Nebraska,20–24,Female,1,7,0.14285714285714285
2024,Nebraska,20–24,Male,8,22,0.36363636363636365
2024,Nebraska,25–34,Female,1,7,0.14285714285714285
2024,Nebraska,25–34,Male,10,32,0.3125
2024,Nebraska,35–44,Female,2,11,0.18181818181818182
2024,Nebraska,35–44,Male,4,23,0.17391304347826086
2024,Nebraska,45-54,Female,0,6,0
2024,Nebraska,45-54,Male,7,25,0.28
2024,Nebraska,55-64,Female,0,6,0
2024,Nebraska,55-64,Male,5,21,0.23809523809523808
2024,Nebraska,65+,Female,0,20,0
2024,Nebraska,65+,Male,2,42,0.047619047619047616
2024,Nevada,0-14,Female,0,8,0
2024,Nevada,0-14,Male,0,8,0
2024,Nevada,15–19,Female,0,4,0
2024,Nevada,15–19,Male,3,22,0.13636363636363635
2024,Nevada,20–24,Female,4,9,0.4444444444444444
2024,Nevada,20–24,Male,8,35,0.22857142857142856
2024,Nevada,25–34,Female,6,16,0.375
2024,Nevada,25–34,Male,17,51,0.3333333333333333
2024,Nevada,35–44,Female,4,14,0.2857142857142857
2024,Nevada,35–44,Male,14,53,0.2641509433962264
2024,Nevada,45-54,Female,0,14,0
2024,Nevada,45-54,Male,11,40,0.275
2024,Nevada,55-64,Female,1,19,0.05263157894736842
2024,Nevada,55-64,Male,4,38,0.10526315789473684
2024,Nevada,65+,Female,1,26,0.038461538461538464
2024,Nevada,65+,Male,3,56,0.05357142857142857
2024,New Hampshire,0-14,Female,0,1,0
2024,New Hampshire,0-14,Male,0,0,NA
2024,New Hampshire,15–19,Female,0,3,0
2024,New Hampshire,15–19,Male,0,12,0
2024,New Hampshire,20–24,Female,0,2,0
2024,New Hampshire,20–24,Male,2,7,0.2857142857142857
2024,New Hampshire,25–34,Female,3,4,0.75
2024,New Hampshire,25–34,Male,1,10,0.1
2024,New Hampshire,35–44,Female,1,5,0.2
2024,New Hampshire,35–44,Male,3,12,0.25
2024,New Hampshire,45-54,Female,1,5,0.2
2024,New Hampshire,45-54,Male,5,18,0.2777777777777778
2024,New Hampshire,55-64,Female,2,4,0.5
2024,New Hampshire,55-64,Male,6,21,0.2857142857142857
2024,New Hampshire,65+,Female,1,10,0.1
2024,New Hampshire,65+,Male,1,19,0.05263157894736842
2024,New Jersey,0-14,Female,0,5,0
2024,New Jersey,0-14,Male,0,10,0
2024,New Jersey,15–19,Female,0,11,0
2024,New Jersey,15–19,Male,2,28,0.07142857142857142
2024,New Jersey,20–24,Female,4,13,0.3076923076923077
2024,New Jersey,20–24,Male,11,48,0.22916666666666666
2024,New Jersey,25–34,Female,6,26,0.23076923076923078
2024,New Jersey,25–34,Male,25,95,0.2631578947368421
2024,New Jersey,35–44,Female,5,21,0.23809523809523808
2024,New Jersey,35–44,Male,17,65,0.26153846153846155
2024,New Jersey,45-54,Female,3,13,0.23076923076923078
2024,New Jersey,45-54,Male,14,67,0.208955223880597
2024,New Jersey,55-64,Female,0,17,0
2024,New Jersey,55-64,Male,17,78,0.21794871794871795
2024,New Jersey,65+,Female,1,72,0.013888888888888888
2024,New Jersey,65+,Male,6,98,0.061224489795918366
2024,New Mexico,0-14,Female,0,4,0
2024,New Mexico,0-14,Male,0,3,0
2024,New Mexico,15–19,Female,1,9,0.1111111111111111
2024,New Mexico,15–19,Male,2,19,0.10526315789473684
2024,New Mexico,20–24,Female,0,12,0
2024,New Mexico,20–24,Male,1,39,0.02564102564102564
2024,New Mexico,25–34,Female,0,16,0
2024,New Mexico,25–34,Male,2,62,0.03225806451612903
2024,New Mexico,35–44,Female,1,17,0.058823529411764705
2024,New Mexico,35–44,Male,2,51,0.0392156862745098
2024,New Mexico,45-54,Female,0,16,0
2024,New Mexico,45-54,Male,3,42,0.07142857142857142
2024,New Mexico,55-64,Female,0,10,0
2024,New Mexico,55-64,Male,0,33,0
2024,New Mexico,65+,Female,0,19,0
2024,New Mexico,65+,Male,0,46,0
2024,New York,0-14,Female,0,13,0
2024,New York,0-14,Male,0,18,0
2024,New York,15–19,Female,1,18,0.05555555555555555
2024,New York,15–19,Male,1,51,0.0196078431372549
2024,New York,20–24,Female,2,15,0.13333333333333333
2024,New York,20–24,Male,9,86,0.10465116279069768
2024,New York,25–34,Female,9,37,0.24324324324324326
2024,New York,25–34,Male,14,126,0.1111111111111111
2024,New York,35–44,Female,0,44,0
2024,New York,35–44,Male,13,146,0.08904109589041095
2024,New York,45-54,Female,2,30,0.06666666666666667
2024,New York,45-54,Male,12,84,0.14285714285714285
2024,New York,55-64,Female,3,36,0.08333333333333333
2024,New York,55-64,Male,8,118,0.06779661016949153
2024,New York,65+,Female,0,103,0
2024,New York,65+,Male,9,164,0.054878048780487805
2024,North Carolina,0-14,Female,0,20,0
2024,North Carolina,0-14,Male,0,17,0
2024,North Carolina,15–19,Female,1,32,0.03125
2024,North Carolina,15–19,Male,5,90,0.05555555555555555
2024,North Carolina,20–24,Female,4,40,0.1
2024,North Carolina,20–24,Male,26,128,0.203125
2024,North Carolina,25–34,Female,9,68,0.1323529411764706
2024,North Carolina,25–34,Male,46,220,0.20909090909090908
2024,North Carolina,35–44,Female,6,57,0.10526315789473684
2024,North Carolina,35–44,Male,37,190,0.19473684210526315
2024,North Carolina,45-54,Female,7,53,0.1320754716981132
2024,North Carolina,45-54,Male,21,145,0.14482758620689656
2024,North Carolina,55-64,Female,2,36,0.05555555555555555
2024,North Carolina,55-64,Male,24,181,0.13259668508287292
2024,North Carolina,65+,Female,1,126,0.007936507936507936
2024,North Carolina,65+,Male,8,214,0.037383177570093455
2024,North Dakota,0-14,Female,0,1,0
2024,North Dakota,0-14,Male,0,3,0
2024,North Dakota,15–19,Female,0,1,0
2024,North Dakota,15–19,Male,1,4,0.25
2024,North Dakota,20–24,Female,0,1,0
2024,North Dakota,20–24,Male,1,7,0.14285714285714285
2024,North Dakota,25–34,Female,1,3,0.3333333333333333
2024,North Dakota,25–34,Male,3,10,0.3
2024,North Dakota,35–44,Female,3,6,0.5
2024,North Dakota,35–44,Male,3,7,0.42857142857142855
2024,North Dakota,45-54,Female,0,2,0
2024,North Dakota,45-54,Male,2,6,0.3333333333333333
2024,North Dakota,55-64,Female,0,3,0
2024,North Dakota,55-64,Male,2,13,0.15384615384615385
2024,North Dakota,65+,Female,0,9,0
2024,North Dakota,65+,Male,1,14,0.07142857142857142
2024,Ohio,0-14,Female,0,8,0
2024,Ohio,0-14,Male,0,19,0
2024,Ohio,15–19,Female,2,17,0.11764705882352941
2024,Ohio,15–19,Male,10,56,0.17857142857142858
2024,Ohio,20–24,Female,7,23,0.30434782608695654
2024,Ohio,20–24,Male,24,81,0.2962962962962963
2024,Ohio,25–34,Female,16,44,0.36363636363636365
2024,Ohio,25–34,Male,46,130,0.35384615384615387
2024,Ohio,35–44,Female,17,44,0.38636363636363635
2024,Ohio,35–44,Male,60,147,0.40816326530612246
2024,Ohio,45-54,Female,7,32,0.21875
2024,Ohio,45-54,Male,40,127,0.31496062992125984
2024,Ohio,55-64,Female,5,36,0.1388888888888889
2024,Ohio,55-64,Male,30,113,0.26548672566371684
2024,Ohio,65+,Female,2,91,0.02197802197802198
2024,Ohio,65+,Male,20,189,0.10582010582010581
2024,Oklahoma,0-14,Female,0,8,0
2024,Oklahoma,0-14,Male,0,8,0
2024,Oklahoma,15–19,Female,1,10,0.1
2024,Oklahoma,15–19,Male,4,36,0.1111111111111111
2024,Oklahoma,20–24,Female,4,17,0.23529411764705882
2024,Oklahoma,20–24,Male,8,44,0.18181818181818182
2024,Oklahoma,25–34,Female,3,28,0.10714285714285714
2024,Oklahoma,25–34,Male,8,67,0.11940298507462686
2024,Oklahoma,35–44,Female,2,32,0.0625
2024,Oklahoma,35–44,Male,20,76,0.2631578947368421
2024,Oklahoma,45-54,Female,1,28,0.03571428571428571
2024,Oklahoma,45-54,Male,11,74,0.14864864864864866
2024,Oklahoma,55-64,Female,4,26,0.15384615384615385
2024,Oklahoma,55-64,Male,12,63,0.19047619047619047
2024,Oklahoma,65+,Female,2,45,0.044444444444444446
2024,Oklahoma,65+,Male,2,82,0.024390243902439025
2024,Oregon,0-14,Female,0,4,0
2024,Oregon,0-14,Male,0,8,0
2024,Oregon,15–19,Female,1,8,0.125
2024,Oregon,15–19,Male,9,29,0.3103448275862069
2024,Oregon,20–24,Female,2,6,0.3333333333333333
2024,Oregon,20–24,Male,10,43,0.23255813953488372
2024,Oregon,25–34,Female,4,23,0.17391304347826086
2024,Oregon,25–34,Male,26,61,0.4262295081967213
2024,Oregon,35–44,Female,6,28,0.21428571428571427
2024,Oregon,35–44,Male,26,70,0.37142857142857144
2024,Oregon,45-54,Female,3,19,0.15789473684210525
2024,Oregon,45-54,Male,13,50,0.26
2024,Oregon,55-64,Female,1,20,0.05
2024,Oregon,55-64,Male,14,52,0.2692307692307692
2024,Oregon,65+,Female,0,43,0
2024,Oregon,65+,Male,6,74,0.08108108108108109
2024,Pennsylvania,0-14,Female,0,11,0
2024,Pennsylvania,0-14,Male,0,10,0
2024,Pennsylvania,15–19,Female,0,15,0
2024,Pennsylvania,15–19,Male,2,50,0.04
2024,Pennsylvania,20–24,Female,5,29,0.1724137931034483
2024,Pennsylvania,20–24,Male,15,90,0.16666666666666666
2024,Pennsylvania,25–34,Female,13,38,0.34210526315789475
2024,Pennsylvania,25–34,Male,44,157,0.2802547770700637
2024,Pennsylvania,35–44,Female,6,42,0.14285714285714285
2024,Pennsylvania,35–44,Male,35,136,0.25735294117647056
2024,Pennsylvania,45-54,Female,2,40,0.05
2024,Pennsylvania,45-54,Male,24,90,0.26666666666666666
2024,Pennsylvania,55-64,Female,2,34,0.058823529411764705
2024,Pennsylvania,55-64,Male,18,107,0.16822429906542055
2024,Pennsylvania,65+,Female,2,90,0.022222222222222223
2024,Pennsylvania,65+,Male,14,186,0.07526881720430108
2024,Puerto Rico,0-14,Female,0,1,0
2024,Puerto Rico,0-14,Male,0,1,0
2024,Puerto Rico,15–19,Female,0,1,0
2024,Puerto Rico,15–19,Male,1,10,0.1
2024,Puerto Rico,20–24,Female,2,10,0.2
2024,Puerto Rico,20–24,Male,4,27,0.14814814814814814
2024,Puerto Rico,25–34,Female,2,14,0.14285714285714285
2024,Puerto Rico,25–34,Male,13,38,0.34210526315789475
2024,Puerto Rico,35–44,Female,3,8,0.375
2024,Puerto Rico,35–44,Male,15,37,0.40540540540540543
2024,Puerto Rico,45-54,Female,0,2,0
2024,Puerto Rico,45-54,Male,12,33,0.36363636363636365
2024,Puerto Rico,55-64,Female,2,8,0.25
2024,Puerto Rico,55-64,Male,10,30,0.3333333333333333
2024,Puerto Rico,65+,Female,1,7,0.14285714285714285
2024,Puerto Rico,65+,Male,10,48,0.20833333333333334
2024,Rhode Island,0-14,Female,0,0,NA
2024,Rhode Island,0-14,Male,0,0,NA
2024,Rhode Island,15–19,Female,0,0,NA
2024,Rhode Island,15–19,Male,0,2,0
2024,Rhode Island,20–24,Female,1,2,0.5
2024,Rhode Island,20–24,Male,4,7,0.5714285714285714
2024,Rhode Island,25–34,Female,0,1,0
2024,Rhode Island,25–34,Male,4,6,0.6666666666666666
2024,Rhode Island,35–44,Female,0,1,0
2024,Rhode Island,35–44,Male,2,5,0.4
2024,Rhode Island,45-54,Female,0,1,0
2024,Rhode Island,45-54,Male,1,4,0.25
2024,Rhode Island,55-64,Female,1,3,0.3333333333333333
2024,Rhode Island,55-64,Male,3,7,0.42857142857142855
2024,Rhode Island,65+,Female,0,5,0
2024,Rhode Island,65+,Male,0,8,0
2024,South Carolina,0-14,Female,0,12,0
2024,South Carolina,0-14,Male,0,11,0
2024,South Carolina,15–19,Female,2,25,0.08
2024,South Carolina,15–19,Male,14,47,0.2978723404255319
2024,South Carolina,20–24,Female,15,33,0.45454545454545453
2024,South Carolina,20–24,Male,35,80,0.4375
2024,South Carolina,25–34,Female,17,55,0.3090909090909091
2024,South Carolina,25–34,Male,50,132,0.3787878787878788
2024,South Carolina,35–44,Female,7,33,0.21212121212121213
2024,South Carolina,35–44,Male,47,109,0.43119266055045874
2024,South Carolina,45-54,Female,7,43,0.16279069767441862
2024,South Carolina,45-54,Male,35,112,0.3125
2024,South Carolina,55-64,Female,9,37,0.24324324324324326
2024,South Carolina,55-64,Male,25,100,0.25
2024,South Carolina,65+,Female,1,65,0.015384615384615385
2024,South Carolina,65+,Male,20,143,0.13986013986013987
2024,South Dakota,0-14,Female,0,4,0
2024,South Dakota,0-14,Male,0,2,0
2024,South Dakota,15–19,Female,0,5,0
2024,South Dakota,15–19,Male,1,4,0.25
2024,South Dakota,20–24,Female,3,4,0.75
2024,South Dakota,20–24,Male,1,8,0.125
2024,South Dakota,25–34,Female,2,7,0.2857142857142857
2024,South Dakota,25–34,Male,8,16,0.5
2024,South Dakota,35–44,Female,0,3,0
2024,South Dakota,35–44,Male,6,16,0.375
2024,South Dakota,45-54,Female,2,3,0.6666666666666666
2024,South Dakota,45-54,Male,5,12,0.4166666666666667
2024,South Dakota,55-64,Female,0,4,0
2024,South Dakota,55-64,Male,4,16,0.25
2024,South Dakota,65+,Female,0,10,0
2024,South Dakota,65+,Male,3,32,0.09375
2024,Tennessee,0-14,Female,0,9,0
2024,Tennessee,0-14,Male,0,19,0
2024,Tennessee,15–19,Female,2,20,0.1
2024,Tennessee,15–19,Male,6,59,0.1016949152542373
2024,Tennessee,20–24,Female,6,28,0.21428571428571427
2024,Tennessee,20–24,Male,27,103,0.2621359223300971
2024,Tennessee,25–34,Female,11,62,0.1774193548387097
2024,Tennessee,25–34,Male,46,145,0.31724137931034485
2024,Tennessee,35–44,Female,3,49,0.061224489795918366
2024,Tennessee,35–44,Male,31,116,0.2672413793103448
2024,Tennessee,45-54,Female,2,40,0.05
2024,Tennessee,45-54,Male,27,117,0.23076923076923078
2024,Tennessee,55-64,Female,1,48,0.020833333333333332
2024,Tennessee,55-64,Male,18,124,0.14516129032258066
2024,Tennessee,65+,Female,0,90,0
2024,Tennessee,65+,Male,8,166,0.04819277108433735
2024,Texas,0-14,Female,0,60,0
2024,Texas,0-14,Male,0,69,0
2024,Texas,15–19,Female,8,95,0.08421052631578947
2024,Texas,15–19,Male,22,214,0.102803738317757
2024,Texas,20–24,Female,20,122,0.16393442622950818
2024,Texas,20–24,Male,86,359,0.2395543175487465
2024,Texas,25–34,Female,46,200,0.23
2024,Texas,25–34,Male,183,611,0.2995090016366612
2024,Texas,35–44,Female,31,167,0.18562874251497005
2024,Texas,35–44,Male,142,537,0.2644320297951583
2024,Texas,45-54,Female,15,121,0.12396694214876033
2024,Texas,45-54,Male,71,399,0.17794486215538846
2024,Texas,55-64,Female,13,128,0.1015625
2024,Texas,55-64,Male,52,351,0.14814814814814814
2024,Texas,65+,Female,9,248,0.036290322580645164
2024,Texas,65+,Male,33,445,0.07415730337078652
2024,Utah,0-14,Female,0,7,0
2024,Utah,0-14,Male,0,5,0
2024,Utah,15–19,Female,1,5,0.2
2024,Utah,15–19,Male,1,13,0.07692307692307693
2024,Utah,20–24,Female,3,12,0.25
2024,Utah,20–24,Male,7,28,0.25
2024,Utah,25–34,Female,3,12,0.25
2024,Utah,25–34,Male,18,42,0.42857142857142855
2024,Utah,35–44,Female,0,9,0
2024,Utah,35–44,Male,13,34,0.38235294117647056
2024,Utah,45-54,Female,5,12,0.4166666666666667
2024,Utah,45-54,Male,9,29,0.3103448275862069
2024,Utah,55-64,Female,0,5,0
2024,Utah,55-64,Male,5,27,0.18518518518518517
2024,Utah,65+,Female,0,13,0
2024,Utah,65+,Male,0,24,0
2024,Vermont,0-14,Female,0,0,NA
2024,Vermont,0-14,Male,0,0,NA
2024,Vermont,15–19,Female,1,2,0.5
2024,Vermont,15–19,Male,2,7,0.2857142857142857
2024,Vermont,20–24,Female,0,1,0
2024,Vermont,20–24,Male,4,5,0.8
2024,Vermont,25–34,Female,2,5,0.4
2024,Vermont,25–34,Male,6,11,0.5454545454545454
2024,Vermont,35–44,Female,1,5,0.2
2024,Vermont,35–44,Male,2,5,0.4
2024,Vermont,45-54,Female,0,0,NA
2024,Vermont,45-54,Male,0,3,0
2024,Vermont,55-64,Female,1,1,1
2024,Vermont,55-64,Male,1,3,0.3333333333333333
2024,Vermont,65+,Female,0,3,0
2024,Vermont,65+,Male,0,8,0
2024,Virginia,0-14,Female,0,11,0
2024,Virginia,0-14,Male,0,8,0
2024,Virginia,15–19,Female,4,16,0.25
2024,Virginia,15–19,Male,10,43,0.23255813953488372
2024,Virginia,20–24,Female,7,24,0.2916666666666667
2024,Virginia,20–24,Male,24,78,0.3076923076923077
2024,Virginia,25–34,Female,9,35,0.2571428571428571
2024,Virginia,25–34,Male,37,105,0.3523809523809524
2024,Virginia,35–44,Female,10,33,0.30303030303030304
2024,Virginia,35–44,Male,31,94,0.32978723404255317
2024,Virginia,45-54,Female,5,27,0.18518518518518517
2024,Virginia,45-54,Male,30,83,0.3614457831325301
2024,Virginia,55-64,Female,3,25,0.12
2024,Virginia,55-64,Male,20,99,0.20202020202020202
2024,Virginia,65+,Female,1,83,0.012048192771084338
2024,Virginia,65+,Male,14,142,0.09859154929577464
2024,Washington,0-14,Female,0,14,0
2024,Washington,0-14,Male,1,9,0.1111111111111111
2024,Washington,15–19,Female,2,14,0.14285714285714285
2024,Washington,15–19,Male,7,32,0.21875
2024,Washington,20–24,Female,5,20,0.25
2024,Washington,20–24,Male,21,55,0.38181818181818183
2024,Washington,25–34,Female,10,42,0.23809523809523808
2024,Washington,25–34,Male,25,97,0.25773195876288657
2024,Washington,35–44,Female,4,38,0.10526315789473684
2024,Washington,35–44,Male,29,96,0.3020833333333333
2024,Washington,45-54,Female,4,22,0.18181818181818182
2024,Washington,45-54,Male,10,60,0.16666666666666666
2024,Washington,55-64,Female,7,20,0.35
2024,Washington,55-64,Male,14,74,0.1891891891891892
2024,Washington,65+,Female,1,53,0.018867924528301886
2024,Washington,65+,Male,8,76,0.10526315789473684
2024,West Virginia,0-14,Female,0,1,0
2024,West Virginia,0-14,Male,0,1,0
2024,West Virginia,15–19,Female,1,6,0.16666666666666666
2024,West Virginia,15–19,Male,5,12,0.4166666666666667
2024,West Virginia,20–24,Female,2,4,0.5
2024,West Virginia,20–24,Male,10,21,0.47619047619047616
2024,West Virginia,25–34,Female,2,7,0.2857142857142857
2024,West Virginia,25–34,Male,3,30,0.1
2024,West Virginia,35–44,Female,1,10,0.1
2024,West Virginia,35–44,Male,8,28,0.2857142857142857
2024,West Virginia,45-54,Female,1,12,0.08333333333333333
2024,West Virginia,45-54,Male,6,31,0.1935483870967742
2024,West Virginia,55-64,Female,0,9,0
2024,West Virginia,55-64,Male,6,34,0.17647058823529413
2024,West Virginia,65+,Female,0,13,0
2024,West Virginia,65+,Male,2,37,0.05405405405405406
2024,Wisconsin,0-14,Female,0,6,0
2024,Wisconsin,0-14,Male,0,7,0
2024,Wisconsin,15–19,Female,1,17,0.058823529411764705
2024,Wisconsin,15–19,Male,2,25,0.08
2024,Wisconsin,20–24,Female,7,25,0.28
2024,Wisconsin,20–24,Male,9,34,0.2647058823529412
2024,Wisconsin,25–34,Female,5,25,0.2
2024,Wisconsin,25–34,Male,23,83,0.27710843373493976
2024,Wisconsin,35–44,Female,2,21,0.09523809523809523
2024,Wisconsin,35–44,Male,19,61,0.3114754098360656
2024,Wisconsin,45-54,Female,3,15,0.2
2024,Wisconsin,45-54,Male,10,46,0.21739130434782608
2024,Wisconsin,55-64,Female,6,20,0.3
2024,Wisconsin,55-64,Male,6,67,0.08955223880597014
2024,Wisconsin,65+,Female,1,56,0.017857142857142856
2024,Wisconsin,65+,Male,6,86,0.06976744186046512
2024,Wyoming,0-14,Female,0,4,0
2024,Wyoming,0-14,Male,0,1,0
2024,Wyoming,15–19,Female,0,3,0
2024,Wyoming,15–19,Male,1,4,0.25
2024,Wyoming,20–24,Female,0,2,0
2024,Wyoming,20–24,Male,1,10,0.1
2024,Wyoming,25–34,Female,1,3,0.3333333333333333
2024,Wyoming,25–34,Male,3,12,0.25
2024,Wyoming,35–44,Female,1,5,0.2
2024,Wyoming,35–44,Male,7,13,0.5384615384615384
2024,Wyoming,45-54,Female,0,3,0
2024,Wyoming,45-54,Male,2,9,0.2222222222222222
2024,Wyoming,55-64,Female,0,1,0
2024,Wyoming,55-64,Male,3,10,0.3
2024,Wyoming,65+,Female,0,5,0
2024,Wyoming,65+,Male,0,22,0
